t_s,mode,contact_err_mm,true_yaw_world_deg,held_yaw_world_deg,true_yaw_base_deg,held_yaw_base_deg,true_yaw_nominal_deg,held_yaw_nominal_deg
0.020000000000000004,open,1.4394492631485636,-3.7026644631949223e-17,0.0,-3.7026644631949223e-17,0.0,-3.7026644631949223e-17,0.0
0.04000000000000002,open,1.3200700954146247,-6.778658597655384e-17,0.0,-6.778658597655384e-17,0.0,-6.778658597655384e-17,0.0
0.06000000000000004,open,1.2349796686612367,-7.504088233925496e-17,0.0,-7.504088233925496e-17,0.0,-7.504088233925496e-17,0.0
0.08000000000000006,open,1.1758949791453488,-7.693884937673735e-17,0.0,-7.693884937673735e-17,0.0,-7.693884937673735e-17,0.0
0.10000000000000007,open,1.13578965170524,-7.680719011873087e-17,0.0,-7.680719011873087e-17,0.0,-7.680719011873087e-17,0.0
0.12000000000000009,open,1.1091792703178518,-8.017057400414873e-17,0.0,-8.017057400414873e-17,0.0,-8.017057400414873e-17,0.0
0.1400000000000001,open,1.0919634446966848,-8.160937965985905e-17,0.0,-8.160937965985905e-17,0.0,-8.160937965985905e-17,0.0
0.16000000000000011,open,1.0811815233182251,-8.366434393617964e-17,0.0,-8.366434393617964e-17,0.0,-8.366434393617964e-17,0.0
0.18000000000000013,open,1.0747524428137094,-9.250410919933591e-17,0.0,-9.250410919933591e-17,0.0,-9.250410919933591e-17,0.0
0.20000000000000015,open,1.0712421329658757,-8.972656646690613e-17,0.0,-8.972656646690613e-17,0.0,-8.972656646690613e-17,0.0
0.22000000000000017,open,1.0696763951594612,-8.732057899304404e-17,0.0,-8.732057899304404e-17,0.0,-8.732057899304404e-17,0.0
0.24000000000000019,open,1.069400169020768,-8.264646317783373e-17,0.0,-8.264646317783373e-17,0.0,-8.264646317783373e-17,0.0
0.2600000000000002,open,1.0699762345239592,-7.363735069934416e-17,0.0,-7.363735069934416e-17,0.0,-7.363735069934416e-17,0.0
0.2800000000000002,open,1.0711143771887048,-7.012289843896097e-17,0.0,-7.012289843896097e-17,0.0,-7.012289843896097e-17,0.0
0.3000000000000002,open,1.072622787829672,-7.100344490104061e-17,0.0,-7.100344490104061e-17,0.0,-7.100344490104061e-17,0.0
0.32000000000000023,open,1.0743751007372733,-7.736289116218701e-17,0.0,-7.736289116218701e-17,0.0,-7.736289116218701e-17,0.0
0.34000000000000025,open,1.0762880971541344,-7.63808008878817e-17,0.0,-7.63808008878817e-17,0.0,-7.63808008878817e-17,0.0
0.36000000000000026,open,1.078306468402733,-6.935410695365274e-17,0.0,-6.935410695365274e-17,0.0,-6.935410695365274e-17,0.0
0.3800000000000003,open,1.080392620147919,-6.729554908795986e-17,0.0,-6.729554908795986e-17,0.0,-6.729554908795986e-17,0.0
0.4000000000000003,open,1.0825217418028659,-6.563072004108926e-17,0.0,-6.563072004108926e-17,0.0,-6.563072004108926e-17,0.0
0.4200000000000003,open,1.0846813003389468,-6.970440634229327e-17,0.0,-6.970440634229327e-17,0.0,-6.970440634229327e-17,0.0
0.44000000000000034,open,1.086867612220166,-7.020887995440932e-17,0.0,-7.020887995440932e-17,0.0,-7.020887995440932e-17,0.0
0.46000000000000035,open,1.0890771557814642,-7.020887995440932e-17,0.0,-7.020887995440932e-17,0.0,-7.020887995440932e-17,0.0
0.48000000000000037,open,1.0913030785163933,-7.020887995440932e-17,0.0,-7.020887995440932e-17,0.0,-7.020887995440932e-17,0.0
0.5000000000000003,open,1.093539020190497,-7.075700032778899e-17,0.0,-7.075700032778899e-17,0.0,-7.075700032778899e-17,0.0
0.5200000000000004,open,1.0957817813357673,-7.181054985513717e-17,0.0,-7.181054985513717e-17,0.0,-7.181054985513717e-17,0.0
0.5400000000000004,open,1.0980304562245353,-7.212119467888987e-17,0.0,-7.212119467888987e-17,0.0,-7.212119467888987e-17,0.0
0.5600000000000004,open,1.1002849765134195,-7.219148060491527e-17,0.0,-7.219148060491527e-17,0.0,-7.219148060491527e-17,0.0
0.5800000000000004,open,1.102545448606501,-6.747303505115578e-17,0.0,-6.747303505115578e-17,0.0,-6.747303505115578e-17,0.0
0.6000000000000004,open,1.1048119930430165,-6.938769630278717e-17,0.0,-6.938769630278717e-17,0.0,-6.938769630278717e-17,0.0
0.6200000000000004,open,1.1070847223785232,-6.608656131666503e-17,0.0,-6.608656131666503e-17,0.0,-6.608656131666503e-17,0.0
0.6400000000000005,open,1.1093637402278593,-6.999929918051743e-17,0.0,-6.999929918051743e-17,0.0,-6.999929918051743e-17,0.0
0.6600000000000005,open,1.1116491423469563,-7.663107656244223e-17,0.0,-7.663107656244223e-17,0.0,-7.663107656244223e-17,0.0
0.6800000000000005,open,1.113941018222775,-7.667075487525036e-17,0.0,-7.667075487525036e-17,0.0,-7.667075487525036e-17,0.0
0.7000000000000005,open,1.1162394529457278,-7.92990384347373e-17,0.0,-7.92990384347373e-17,0.0,-7.92990384347373e-17,0.0
0.7200000000000005,open,1.1185445290839318,-8.278892562591173e-17,0.0,-8.278892562591173e-17,0.0,-8.278892562591173e-17,0.0
0.7400000000000005,open,1.1208563283519182,-8.759648940496359e-17,0.0,-8.759648940496359e-17,0.0,-8.759648940496359e-17,0.0
0.7600000000000006,open,1.1231749329573077,-8.689739075046072e-17,0.0,-8.689739075046072e-17,0.0,-8.689739075046072e-17,0.0
0.7800000000000006,open,1.1255004265974518,-8.689739075046072e-17,0.0,-8.689739075046072e-17,0.0,-8.689739075046072e-17,0.0
0.8000000000000006,open,1.1278328951224479,-8.700555169630605e-17,0.0,-8.700555169630605e-17,0.0,-8.700555169630605e-17,0.0
0.8200000000000006,open,1.1301724269062572,-8.433217679462504e-17,0.0,-8.433217679462504e-17,0.0,-8.433217679462504e-17,0.0
0.8400000000000006,open,1.1325191129823542,-8.322876841264408e-17,0.0,-8.322876841264408e-17,0.0,-8.322876841264408e-17,0.0
0.8600000000000007,open,1.134873046994008,-8.341459398001961e-17,0.0,-8.341459398001961e-17,0.0,-8.341459398001961e-17,0.0
0.8800000000000007,open,1.1372343250111616,-8.20395473328771e-17,0.0,-8.20395473328771e-17,0.0,-8.20395473328771e-17,0.0
0.9000000000000007,open,1.1396030452541022,-8.097874404720379e-17,0.0,-8.097874404720379e-17,0.0,-8.097874404720379e-17,0.0
0.9200000000000007,open,1.141979307756974,-7.836153895525945e-17,0.0,-7.836153895525945e-17,0.0,-7.836153895525945e-17,0.0
0.9400000000000007,open,1.144363214001261,-8.021133667021652e-17,0.0,-8.021133667021652e-17,0.0,-8.021133667021652e-17,0.0
0.9600000000000007,open,1.1467548665341925,-8.220268250737729e-17,0.0,-8.220268250737729e-17,0.0,-8.220268250737729e-17,0.0
0.9800000000000008,open,1.1491543685935415,-7.634958468173053e-17,0.0,-7.634958468173053e-17,0.0,-7.634958468173053e-17,0.0
1.0000000000000007,open,1.1515618237435439,-7.797155837306128e-17,0.0,-7.797155837306128e-17,0.0,-7.797155837306128e-17,0.0
1.0200000000000007,open,1.1539773355312577,-7.67787558190195e-17,0.0,-7.67787558190195e-17,0.0,-7.67787558190195e-17,0.0
1.0400000000000007,open,1.1564010071667845,-5.627435279605371e-17,0.0,-5.627435279605371e-17,0.0,-5.627435279605371e-17,0.0
1.0600000000000007,open,1.1588329412311233,-5.627435279605371e-17,0.0,-5.627435279605371e-17,0.0,-5.627435279605371e-17,0.0
1.0800000000000007,open,1.1612732394104754,-5.0636196963114077e-17,0.0,-5.0636196963114077e-17,0.0,-5.0636196963114077e-17,0.0
1.1000000000000008,open,1.1637220022556913,-4.742509143861403e-17,0.0,-4.742509143861403e-17,0.0,-4.742509143861403e-17,0.0
1.1200000000000008,open,1.16617932897022,-4.754653723029715e-17,0.0,-4.754653723029715e-17,0.0,-4.754653723029715e-17,0.0
1.1400000000000008,open,1.1686453172188358,-4.799198707027147e-17,0.0,-4.799198707027147e-17,0.0,-4.799198707027147e-17,0.0
1.1600000000000008,open,1.1711200629615597,-4.361632897202119e-17,0.0,-4.361632897202119e-17,0.0,-4.361632897202119e-17,0.0
1.1800000000000008,open,1.1736036603047797,-4.5300861163702903e-17,0.0,-4.5300861163702903e-17,0.0,-4.5300861163702903e-17,0.0
1.2000000000000008,open,1.176096201373644,-4.281844531478197e-17,0.0,-4.281844531478197e-17,0.0,-4.281844531478197e-17,0.0
1.2200000000000009,open,1.1785977761997453,-3.583784520968343e-17,0.0,-3.583784520968343e-17,0.0,-3.583784520968343e-17,0.0
1.2400000000000009,open,1.1811084726226675,-2.7719731676553888e-17,0.0,-2.7719731676553888e-17,0.0,-2.7719731676553888e-17,0.0
1.260000000000001,open,1.1836283762073194,-2.422534366204886e-17,0.0,-2.422534366204886e-17,0.0,-2.422534366204886e-17,0.0
1.280000000000001,open,1.1861575701693874,-2.3494855740977688e-17,0.0,-2.3494855740977688e-17,0.0,-2.3494855740977688e-17,0.0
1.300000000000001,open,1.188696135314716,-2.5467918159487396e-17,0.0,-2.5467918159487396e-17,0.0,-2.5467918159487396e-17,0.0
1.320000000000001,open,1.1912441499858095,-1.7533198476623136e-17,0.0,-1.7533198476623136e-17,0.0,-1.7533198476623136e-17,0.0
1.340000000000001,open,1.193801690015719,-1.702925775447212e-17,0.0,-1.702925775447212e-17,0.0,-1.702925775447212e-17,0.0
1.360000000000001,open,1.1963688286914045,-1.2533904571648266e-17,0.0,-1.2533904571648266e-17,0.0,-1.2533904571648266e-17,0.0
1.380000000000001,open,1.1989456367220053,-1.0778988171747332e-17,0.0,-1.0778988171747332e-17,0.0,-1.0778988171747332e-17,0.0
1.400000000000001,open,1.2015321822120568,-8.600740550352525e-18,0.0,-8.600740550352525e-18,0.0,-8.600740550352525e-18,0.0
1.420000000000001,open,1.2041285306409284,-7.103520519744276e-18,0.0,-7.103520519744276e-18,0.0,-7.103520519744276e-18,0.0
1.440000000000001,open,1.4438800105284395,-4.562008491423473e-18,0.0,-4.562008491423473e-18,0.0,-4.562008491423473e-18,0.0
1.460000000000001,open,1.9987549727913156,3.0266107794580275e-18,0.0,3.0266107794580275e-18,0.0,3.0266107794580275e-18,0.0
1.480000000000001,open,2.8619160726216704,1.2726153404517838e-18,0.0,1.2726153404517838e-18,0.0,1.2726153404517838e-18,0.0
1.500000000000001,open,3.978349442843714,3.1677450194156055e-19,0.0,3.1677450194156055e-19,0.0,3.1677450194156055e-19,0.0
1.5200000000000011,open,3.2020547722077106,-1.1225189502125038e-18,0.0,-1.1225189502125038e-18,0.0,-1.1225189502125038e-18,0.0
1.5400000000000011,open,2.57967121479333,-1.2568874880357979e-18,0.0,-1.2568874880357979e-18,0.0,-1.2568874880357979e-18,0.0
1.5600000000000012,open,2.0852534300336054,-9.105419044594923e-19,0.0,-9.105419044594923e-19,0.0,-9.105419044594923e-19,0.0
1.5800000000000012,open,1.6981463126772611,2.8494484410614056e-18,0.0,2.8494484410614056e-18,0.0,2.8494484410614056e-18,0.0
1.6000000000000012,open,1.4018389877471913,3.4162846711632955e-20,0.0,3.4162846711632955e-20,0.0,3.4162846711632955e-20,0.0
1.6200000000000012,open,1.1826959406413282,-5.314591766465129e-18,0.0,-5.314591766465129e-18,0.0,-5.314591766465129e-18,0.0
1.6400000000000012,open,1.0285372738165433,9.356704899582727e-18,0.0,9.356704899582727e-18,0.0,9.356704899582727e-18,0.0
1.6600000000000013,open,0.9273989976491321,1.763848559559201e-17,0.0,1.763848559559201e-17,0.0,1.763848559559201e-17,0.0
1.6800000000000013,open,0.8671248767207559,1.651938812879419e-17,0.0,1.651938812879419e-17,0.0,1.651938812879419e-17,0.0
1.7000000000000013,open,0.8360698843199071,8.237216908157105e-18,0.0,8.237216908157105e-18,0.0,8.237216908157105e-18,0.0
1.7200000000000013,open,0.8242706238335392,-6.910984004040403e-18,0.0,-6.910984004040403e-18,0.0,-6.910984004040403e-18,0.0
1.7400000000000013,open,0.8241606767770102,-9.946185836438625e-18,0.0,-9.946185836438625e-18,0.0,-9.946185836438625e-18,0.0
1.7600000000000013,open,0.8305446496541596,-1.1345491186766284e-17,0.0,-1.1345491186766284e-17,0.0,-1.1345491186766284e-17,0.0
1.7800000000000014,open,0.8401256156313239,-1.2485256320378766e-17,0.0,-1.2485256320378766e-17,0.0,-1.2485256320378766e-17,0.0
1.8000000000000014,open,0.8509436411656119,-1.1398071139523229e-17,0.0,-1.1398071139523229e-17,0.0,-1.1398071139523229e-17,0.0
1.8200000000000014,open,0.8619084310227434,-1.0159180224605664e-17,0.0,-1.0159180224605664e-17,0.0,-1.0159180224605664e-17,0.0
1.8400000000000014,open,0.8724664276636231,-1.3369275198371056e-17,0.0,-1.3369275198371056e-17,0.0,-1.3369275198371056e-17,0.0
1.8600000000000014,open,0.8823820943280559,-1.7680888210035063e-17,0.0,-1.7680888210035063e-17,0.0,-1.7680888210035063e-17,0.0
1.8800000000000014,open,0.8916006403531171,-1.4283633061554022e-17,0.0,-1.4283633061554022e-17,0.0,-1.4283633061554022e-17,0.0
1.9000000000000015,open,0.9001643525814653,-8.082317857491072e-18,0.0,-8.082317857491072e-18,0.0,-8.082317857491072e-18,0.0
1.9200000000000015,open,0.9081627914587602,1.9987404008437484e-17,0.0,1.9987404008437484e-17,0.0,1.9987404008437484e-17,0.0
1.9400000000000015,open,0.9157038968334493,3.7424317469679477e-17,0.0,3.7424317469679477e-17,0.0,3.7424317469679477e-17,0.0
1.9600000000000015,open,0.9228929063935928,1.7994349837920306e-17,0.0,1.7994349837920306e-17,0.0,1.7994349837920306e-17,0.0
1.9800000000000015,open,0.929845829819019,2.000265649915747e-18,0.0,2.000265649915747e-18,0.0,2.000265649915747e-18,0.0
2.0000000000000013,open,0.9366494993073692,6.217429443221404e-19,0.0,6.217429443221404e-19,0.0,6.217429443221404e-19,0.0
2.019999999999999,open,0.9433760689260158,-8.623388282745825e-17,0.0,-8.623388282745825e-17,0.0,-8.623388282745825e-17,0.0
2.039999999999997,open,0.9501127747093903,-5.668925404706941e-17,0.0,-5.668925404706941e-17,0.0,-5.668925404706941e-17,0.0
2.0599999999999947,open,0.956909995573419,4.113202142221836e-16,0.0,4.113202142221836e-16,0.0,4.113202142221836e-16,0.0
2.0799999999999925,open,0.9638072887461486,5.731553963712648e-16,0.0,5.731553963712648e-16,0.0,5.731553963712648e-16,0.0
2.0999999999999903,open,0.9708635558235585,6.759672555946848e-16,0.0,6.759672555946848e-16,0.0,6.759672555946848e-16,0.0
2.119999999999988,open,0.9781018569344092,1.1700741260109607e-15,0.0,1.1700741260109607e-15,0.0,1.1700741260109607e-15,0.0
2.139999999999986,open,0.9855395257165152,5.869323025710685e-16,0.0,5.869323025710685e-16,0.0,5.869323025710685e-16,0.0
2.1599999999999837,open,0.9932167985343711,3.325921087502916e-16,0.0,3.325921087502916e-16,0.0,3.325921087502916e-16,0.0
2.1799999999999815,open,1.0011395662580156,2.4620737449034797e-16,0.0,2.4620737449034797e-16,0.0,2.4620737449034797e-16,0.0
2.1999999999999793,open,1.009311847561613,3.192312021650552e-17,0.0,3.192312021650552e-17,0.0,3.192312021650552e-17,0.0
2.219999999999977,open,1.0177624729235886,-5.154082158403511e-16,0.0,-5.154082158403511e-16,0.0,-5.154082158403511e-16,0.0
2.239999999999975,open,1.02648709346502,-5.92560178500202e-16,0.0,-5.92560178500202e-16,0.0,-5.92560178500202e-16,0.0
2.2599999999999727,open,1.035482074405328,-7.884333019874196e-16,0.0,-7.884333019874196e-16,0.0,-7.884333019874196e-16,0.0
2.2799999999999705,open,1.0447692203696208,-7.224385668029467e-16,0.0,-7.224385668029467e-16,0.0,-7.224385668029467e-16,0.0
2.2999999999999683,open,1.0543381102421,-6.590584623321612e-16,0.0,-6.590584623321612e-16,0.0,-6.590584623321612e-16,0.0
2.319999999999966,open,1.0641806878484548,-5.905570750750605e-16,0.0,-5.905570750750605e-16,0.0,-5.905570750750605e-16,0.0
2.339999999999964,open,1.0743141411945325,-8.457249712311642e-16,0.0,-8.457249712311642e-16,0.0,-8.457249712311642e-16,0.0
2.3599999999999617,open,1.0847243839932228,-1.0497734876784234e-15,0.0,-1.0497734876784234e-15,0.0,-1.0497734876784234e-15,0.0
2.3799999999999595,open,1.0954006817053987,-1.8306737178520563e-15,0.0,-1.8306737178520563e-15,0.0,-1.8306737178520563e-15,0.0
2.3999999999999573,open,1.1063568633510381,-2.8108814602077277e-15,0.0,-2.8108814602077277e-15,0.0,-2.8108814602077277e-15,0.0
2.419999999999955,open,1.1175765789061154,-2.7755378440042486e-15,0.0,-2.7755378440042486e-15,0.0,-2.7755378440042486e-15,0.0
2.439999999999953,open,1.1290473247280013,-2.840791128013759e-15,0.0,-2.840791128013759e-15,0.0,-2.840791128013759e-15,0.0
2.4599999999999507,open,1.1407802151848891,-2.7410855709723122e-15,0.0,-2.7410855709723122e-15,0.0,-2.7410855709723122e-15,0.0
2.4799999999999485,open,1.1527575016374767,-3.220116772577075e-15,0.0,-3.220116772577075e-15,0.0,-3.220116772577075e-15,0.0
2.4999999999999463,open,1.164965388254751,-3.224427940935363e-15,0.0,-3.224427940935363e-15,0.0,-3.224427940935363e-15,0.0
2.519999999999944,open,1.1774126245761423,-3.428964371182591e-15,0.0,-3.428964371182591e-15,0.0,-3.428964371182591e-15,0.0
2.539999999999942,open,1.1900806624733085,-3.5419401983201196e-15,0.0,-3.5419401983201196e-15,0.0,-3.5419401983201196e-15,0.0
2.5599999999999397,open,1.2029546925323131,-3.862634475550652e-15,0.0,-3.862634475550652e-15,0.0,-3.862634475550652e-15,0.0
2.5799999999999375,open,1.2160413333469215,-3.520562421473963e-15,0.0,-3.520562421473963e-15,0.0,-3.520562421473963e-15,0.0
2.5999999999999353,open,1.2293217184460374,-3.2420274365504943e-15,0.0,-3.2420274365504943e-15,0.0,-3.2420274365504943e-15,0.0
2.619999999999933,open,1.242780237428725,-3.169117643333195e-15,0.0,-3.169117643333195e-15,0.0,-3.169117643333195e-15,0.0
2.639999999999931,open,1.2564215898993658,-2.6921290741277474e-15,0.0,-2.6921290741277474e-15,0.0,-2.6921290741277474e-15,0.0
2.6599999999999286,open,1.2702270296238698,-2.3582505205102975e-15,0.0,-2.3582505205102975e-15,0.0,-2.3582505205102975e-15,0.0
2.6799999999999264,open,1.2841803626488004,-2.7532438493303153e-15,0.0,-2.7532438493303153e-15,0.0,-2.7532438493303153e-15,0.0
2.6999999999999242,open,1.2982846028039146,-3.3386015879873452e-15,0.0,-3.3386015879873452e-15,0.0,-3.3386015879873452e-15,0.0
2.719999999999922,open,1.3125215521771685,-3.613867513297844e-15,0.0,-3.613867513297844e-15,0.0,-3.613867513297844e-15,0.0
2.73999999999992,open,1.3268746880092557,-3.793231056757708e-15,0.0,-3.793231056757708e-15,0.0,-3.793231056757708e-15,0.0
2.7599999999999176,open,1.3413456048814103,-3.929158427438759e-15,0.0,-3.929158427438759e-15,0.0,-3.929158427438759e-15,0.0
2.7799999999999154,open,1.3559170765410267,-3.834611807055684e-15,0.0,-3.834611807055684e-15,0.0,-3.834611807055684e-15,0.0
2.7999999999999132,open,1.3705725509414457,-4.090710479057694e-15,0.0,-4.090710479057694e-15,0.0,-4.090710479057694e-15,0.0
2.819999999999911,open,1.385312496131778,-4.206078762763275e-15,0.0,-4.206078762763275e-15,0.0,-4.206078762763275e-15,0.0
2.839999999999909,open,1.400121066015508,-4.19157650123905e-15,0.0,-4.19157650123905e-15,0.0,-4.19157650123905e-15,0.0
2.8599999999999066,open,1.4149820145274123,-4.3131014963851154e-15,0.0,-4.3131014963851154e-15,0.0,-4.3131014963851154e-15,0.0
2.8799999999999044,open,1.4298949838540458,-4.098310717038104e-15,0.0,-4.098310717038104e-15,0.0,-4.098310717038104e-15,0.0
2.899999999999902,open,1.4448458830531627,-3.6592814569368e-15,0.0,-3.6592814569368e-15,0.0,-3.6592814569368e-15,0.0
2.9199999999999,open,1.4598191239156737,-3.4126931508795457e-15,0.0,-3.4126931508795457e-15,0.0,-3.4126931508795457e-15,0.0
2.939999999999898,open,1.474813808179504,-3.2077744051212306e-15,0.0,-3.2077744051212306e-15,0.0,-3.2077744051212306e-15,0.0
2.9599999999998956,open,1.4898179199763184,-2.503736878519942e-15,0.0,-2.503736878519942e-15,0.0,-2.503736878519942e-15,0.0
2.9799999999998934,open,1.5048168735517355,-2.71468884602948e-15,0.0,-2.71468884602948e-15,0.0,-2.71468884602948e-15,0.0
2.999999999999891,open,1.519809477168061,-3.0592821778818283e-15,0.0,-3.0592821778818283e-15,0.0,-3.0592821778818283e-15,0.0
3.019999999999889,open,1.5347860349541746,-3.0234834009774647e-15,0.0,-3.0234834009774647e-15,0.0,-3.0234834009774647e-15,0.0
3.039999999999887,open,1.5497332769566825,-2.5261801856339467e-15,0.0,-2.5261801856339467e-15,0.0,-2.5261801856339467e-15,0.0
3.0599999999998846,open,1.56464990730277,-1.964002839803443e-15,0.0,-1.964002839803443e-15,0.0,-1.964002839803443e-15,0.0
3.0799999999998824,open,1.579528705288682,-1.6829308818076966e-15,0.0,-1.6829308818076966e-15,0.0,-1.6829308818076966e-15,0.0
3.09999999999988,open,1.5943579785532795,-1.9134119221368934e-15,0.0,-1.9134119221368934e-15,0.0,-1.9134119221368934e-15,0.0
3.119999999999878,open,1.6091364463377444,-2.5903341550886053e-15,0.0,-2.5903341550886053e-15,0.0,-2.5903341550886053e-15,0.0
3.139999999999876,open,1.6238594211752475,-2.3813934095455175e-15,0.0,-2.3813934095455175e-15,0.0,-2.3813934095455175e-15,0.0
3.1599999999998736,open,1.6385169844747698,-1.8470125241269984e-15,0.0,-1.8470125241269984e-15,0.0,-1.8470125241269984e-15,0.0
3.1799999999998714,open,1.6531079153901165,-1.063831458431113e-15,0.0,-1.063831458431113e-15,0.0,-1.063831458431113e-15,0.0
3.199999999999869,open,1.6676300215694821,-5.574189772463164e-16,0.0,-5.574189772463164e-16,0.0,-5.574189772463164e-16,0.0
3.219999999999867,open,1.6820752821626912,-3.7324250788818575e-16,0.0,-3.7324250788818575e-16,0.0,-3.7324250788818575e-16,0.0
3.2399999999998648,open,1.696442510281529,-3.9773634715872033e-16,0.0,-3.9773634715872033e-16,0.0,-3.9773634715872033e-16,0.0
3.2599999999998626,open,1.7107318830574867,-1.5481288555420657e-17,0.0,-1.5481288555420657e-17,0.0,-1.5481288555420657e-17,0.0
3.2799999999998604,open,1.7249373299126238,-6.853342397991979e-16,0.0,-6.853342397991979e-16,0.0,-6.853342397991979e-16,0.0
3.299999999999858,open,1.7390576117271064,-1.8270293303590577e-15,0.0,-1.8270293303590577e-15,0.0,-1.8270293303590577e-15,0.0
3.319999999999856,open,1.753095076867781,-2.3290655253031863e-15,0.0,-2.3290655253031863e-15,0.0,-2.3290655253031863e-15,0.0
3.3399999999998538,open,1.7670455930695832,-2.827746702805352e-15,0.0,-2.827746702805352e-15,0.0,-2.827746702805352e-15,0.0
3.3599999999998515,open,1.7809077378468725,-2.8403953881579642e-15,0.0,-2.8403953881579642e-15,0.0,-2.8403953881579642e-15,0.0
3.3799999999998493,open,1.7946857788104724,-2.8681434598432134e-15,0.0,-2.8681434598432134e-15,0.0,-2.8681434598432134e-15,0.0
3.399999999999847,open,1.808376338924545,-2.5890345966998558e-15,0.0,-2.5890345966998558e-15,0.0,-2.5890345966998558e-15,0.0
3.419999999999845,open,1.821981682976447,-2.470408610284333e-15,0.0,-2.470408610284333e-15,0.0,-2.470408610284333e-15,0.0
3.4399999999998427,open,1.8355023229053717,-2.470408610284333e-15,0.0,-2.470408610284333e-15,0.0,-2.470408610284333e-15,0.0
3.4599999999998405,open,1.848939570456942,-2.470408610284333e-15,0.0,-2.470408610284333e-15,0.0,-2.470408610284333e-15,0.0
3.4799999999998383,open,1.8622949792222825,-2.470408610284333e-15,0.0,-2.470408610284333e-15,0.0,-2.470408610284333e-15,0.0
3.499999999999836,open,1.8755703502187784,-2.470408610284333e-15,0.0,-2.470408610284333e-15,0.0,-2.470408610284333e-15,0.0
3.519999999999834,open,1.8887677104700515,-2.470408610284333e-15,0.0,-2.470408610284333e-15,0.0,-2.470408610284333e-15,0.0
3.5399999999998317,open,1.9283734120528935,-0.010659893222400118,0.0,-0.010659893222400118,0.0,-0.010659893222400118,0.0
3.5599999999998295,open,1.9963429320487158,-0.03260843617805942,0.0,-0.03260843617805942,0.0,-0.03260843617805942,0.0
3.5799999999998273,open,2.07174196616432,-0.05732370919965641,0.0,-0.05732370919965641,0.0,-0.05732370919965641,0.0
3.599999999999825,open,2.148806879611854,-0.08246942648523395,0.0,-0.08246942648523395,0.0,-0.08246942648523395,0.0
3.619999999999823,open,2.2259609805131433,-0.10740935871552801,0.0,-0.10740935871552801,0.0,-0.10740935871552801,0.0
3.6399999999998207,open,2.3027847136675668,-0.13197438074499787,0.0,-0.13197438074499787,0.0,-0.13197438074499787,0.0
3.6599999999998185,open,2.379178316906139,-0.15612363526857645,0.0,-0.15612363526857645,0.0,-0.15612363526857645,0.0
3.6799999999998163,open,2.4551301919527924,-0.17985141610055502,0.0,-0.17985141610055502,0.0,-0.17985141610055502,0.0
3.699999999999814,open,2.530652762643994,-0.20316157972624305,0.0,-0.20316157972624305,0.0,-0.20316157972624305,0.0
3.719999999999812,open,2.6057646707632007,-0.22606051484379686,0.0,-0.22606051484379686,0.0,-0.22606051484379686,0.0
3.7399999999998097,open,2.6804858034944443,-0.24855521195535207,0.0,-0.24855521195535207,0.0,-0.24855521195535207,0.0
3.7599999999998075,open,2.7548358824701324,-0.27065273451637656,0.0,-0.27065273451637656,0.0,-0.27065273451637656,0.0
3.7799999999998053,open,2.8288340479329492,-0.2923600752298675,0.0,-0.2923600752298675,0.0,-0.2923600752298675,0.0
3.799999999999803,open,2.9024987262228166,-0.3136841181566666,0.0,-0.3136841181566666,0.0,-0.3136841181566666,0.0
3.819999999999801,open,2.9758475822388424,-0.3346316298777008,0.0,-0.3346316298777008,0.0,-0.3346316298777008,0.0
3.8399999999997987,open,3.04889750084469,-0.35520925861241404,0.0,-0.35520925861241404,0.0,-0.35520925861241404,0.0
3.8599999999997965,open,3.1216645807883188,-0.37542353549639,0.0,-0.37542353549639,0.0,-0.37542353549639,0.0
3.8799999999997943,open,3.194164135825522,-0.39528087642552434,0.0,-0.39528087642552434,0.0,-0.39528087642552434,0.0
3.899999999999792,open,3.2664107009473375,-0.41478758402952826,0.0,-0.41478758402952826,0.0,-0.41478758402952826,0.0
3.91999999999979,open,3.338418042602834,-0.43394984965508016,0.0,-0.43394984965508016,0.0,-0.43394984965508016,0.0
3.9399999999997877,open,3.570935248579037,-0.45277375532618,0.0,-0.45277375532618,0.0,-0.45277375532618,0.0
3.9599999999997855,open,4.064373913769797,-0.47126527567326165,0.0,-0.47126527567326165,0.0,-0.47126527567326165,0.0
3.9799999999997833,open,4.901584890561519,-0.4894302798291512,0.0,-0.4894302798291512,0.0,-0.4894302798291512,0.0
3.999999999999781,open,6.092607003851181,-0.5072745332918104,0.0,-0.5072745332918104,0.0,-0.5072745332918104,0.0
4.019999999999779,open,5.276066574020153,-0.5248036997542533,0.0,-0.5248036997542533,0.0,-0.5248036997542533,0.0
4.039999999999777,open,4.695695285717271,-0.5420233429021721,0.0,-0.5420233429021721,0.0,-0.5420233429021721,0.0
4.059999999999775,open,4.307589115282654,-0.5589389281798276,0.0,-0.5589389281798276,0.0,-0.5589389281798276,0.0
4.079999999999773,open,4.068694570113004,-0.5755558245247565,0.0,-0.5755558245247565,0.0,-0.5755558245247565,0.0
4.0999999999997705,open,3.939045087138447,-0.5918793060718508,0.0,-0.5918793060718508,0.0,-0.5918793060718508,0.0
4.119999999999768,open,3.884660862566735,-0.6079145538273467,0.0,-0.6079145538273467,0.0,-0.6079145538273467,0.0
4.139999999999766,open,3.879160073480124,-0.6236666573132541,0.0,-0.6236666573132541,0.0,-0.6236666573132541,0.0
4.159999999999764,open,3.903587276874161,-0.6391406161827511,0.0,-0.6391406161827511,0.0,-0.6391406161827511,0.0
4.179999999999762,open,3.9451227661273425,-0.6543413418070539,0.0,-0.6543413418070539,0.0,-0.6543413418070539,0.0
4.1999999999997595,open,3.9954943934597167,-0.6692736588342628,0.0,-0.6692736588342628,0.0,-0.6692736588342628,0.0
4.219999999999757,open,4.0495723850436365,-0.6839423067206893,0.0,-0.6839423067206893,0.0,-0.6839423067206893,0.0
4.239999999999755,open,4.104300652116085,-0.6983519412351382,0.0,-0.6983519412351382,0.0,-0.6983519412351382,0.0
4.259999999999753,open,4.157948054085672,-0.7125071359366302,0.0,-0.7125071359366302,0.0,-0.7125071359366302,0.0
4.279999999999751,open,4.209608274323217,-0.7264123836260309,0.0,-0.7264123836260309,0.0,-0.7264123836260309,0.0
4.2999999999997485,open,4.2588755004140175,-0.740072097772047,0.0,-0.740072097772047,0.0,-0.740072097772047,0.0
4.319999999999746,open,4.305638353444035,-0.7534906139120433,0.0,-0.7534906139120433,0.0,-0.7534906139120433,0.0
4.339999999999744,open,4.349951121145262,-0.7666721910281243,0.0,-0.7666721910281243,0.0,-0.7666721910281243,0.0
4.359999999999742,open,4.80083877539381,-0.7796210128989196,0.0,-0.7796210128989196,0.0,-0.7796210128989196,0.0
4.37999999999974,open,5.6673397470884055,-0.7923411894274953,0.0,-0.7923411894274953,0.0,-0.7923411894274953,0.0
4.3999999999997375,open,6.88469125358344,-0.8048367579458219,0.0,-0.8048367579458219,0.0,-0.8048367579458219,0.0
4.419999999999735,open,8.394934056799933,-0.8171116844962067,0.0,-0.8171116844962067,0.0,-0.8171116844962067,0.0
4.439999999999733,open,7.378042197248901,-0.8291698650900996,0.0,-0.8291698650900996,0.0,-0.8291698650900996,0.0
4.459999999999731,open,6.551977365633996,-0.8410151269446703,0.0,-0.8410151269446703,0.0,-0.8410151269446703,0.0
4.479999999999729,open,5.8805928028069,-0.8526512296975503,0.0,-0.8526512296975503,0.0,-0.8526512296975503,0.0
4.499999999999726,open,5.334443692252658,-0.8640818666001343,0.0,-0.8640818666001343,0.0,-0.8640818666001343,0.0
4.519999999999724,open,4.8895601444510834,-0.8753106656897914,0.0,-0.8753106656897914,0.0,-0.8753106656897914,0.0
4.539999999999722,open,4.526455110504774,-0.8863411909413966,0.0,-0.8863411909413966,0.0,-0.8863411909413966,0.0
4.55999999999972,open,4.22931483860543,-0.8971769433985204,0.0,-0.8971769433985204,0.0,-0.8971769433985204,0.0
4.579999999999718,open,3.985332527843352,-0.9078213622846456,0.0,-0.9078213622846456,0.0,-0.9078213622846456,0.0
4.599999999999715,open,3.7841566214207694,-0.9182778260947616,0.0,-0.9182778260947616,0.0,-0.9182778260947616,0.0
4.619999999999713,open,3.6174332422137474,-0.928549653667688,0.0,-0.928549653667688,0.0,-0.928549653667688,0.0
4.639999999999711,open,3.4784276367858933,-0.9386401052394574,0.0,-0.9386401052394574,0.0,-0.9386401052394574,0.0
4.659999999999709,open,3.361712701296979,-0.9485523834780983,0.0,-0.9485523834780983,0.0,-0.9485523834780983,0.0
4.679999999999707,open,3.2629144873884677,-0.9582896345001581,0.0,-0.9582896345001581,0.0,-0.9582896345001581,0.0
4.699999999999704,open,3.178505726900849,-0.9678549488692629,0.0,-0.9678549488692629,0.0,-0.9678549488692629,0.0
4.719999999999702,open,3.1056393328769856,-0.9772513625770398,0.0,-0.9772513625770398,0.0,-0.9772513625770398,0.0
4.7399999999997,open,3.042014746939004,-0.9864818580067453,0.0,-0.9864818580067453,0.0,-0.9864818580067453,0.0
4.759999999999698,open,2.985770956167094,-0.9955493648798498,0.0,-0.9955493648798498,0.0,-0.9955493648798498,0.0
4.779999999999696,open,2.935400960168533,-1.0044567611859272,0.0,-1.0044567611859272,0.0,-1.0044567611859272,0.0
4.799999999999693,open,2.8896833758756943,-1.013206874096111,0.0,-1.013206874096111,0.0,-1.013206874096111,0.0
4.819999999999691,open,2.8476276806015903,-1.0218024808604234,0.0,-1.0218024808604234,0.0,-1.0218024808604234,0.0
4.839999999999689,open,2.808430291107509,-1.0302463096892738,0.0,-1.0302463096892738,0.0,-1.0302463096892738,0.0
4.859999999999687,open,2.7714392544598323,-1.0385410406193751,0.0,-1.0385410406193751,0.0,-1.0385410406193751,0.0
4.879999999999685,open,2.736125794035422,-1.0466893063643756,0.0,-1.0466893063643756,0.0,-1.0466893063643756,0.0
4.899999999999682,open,2.7020613259168784,-1.0546936931504756,0.0,-1.0546936931504756,0.0,-1.0546936931504756,0.0
4.91999999999968,open,2.668898853545822,-1.0625567415372816,0.0,-1.0625567415372816,0.0,-1.0625567415372816,0.0
4.939999999999678,open,2.636357877457554,-1.0702809472241703,0.0,-1.0702809472241703,0.0,-1.0702809472241703,0.0
4.959999999999676,open,2.604212135707458,-1.077868761842414,0.0,-1.077868761842414,0.0,-1.077868761842414,0.0
4.979999999999674,open,2.5722796303243634,-1.0853225937333175,0.0,-1.0853225937333175,0.0,-1.0853225937333175,0.0
4.999999999999671,open,2.5404145046573063,-1.0926448087126164,0.0,-1.0926448087126164,0.0,-1.0926448087126164,0.0
5.019999999999669,open,2.5085004226577703,-1.0998377308213783,0.0,-1.0998377308213783,0.0,-1.0998377308213783,0.0
5.039999999999667,open,2.476445169283992,-1.106903643063643,0.0,-1.106903643063643,0.0,-1.106903643063643,0.0
5.059999999999665,open,2.444176245349304,-1.1138447881310367,0.0,-1.1138447881310367,0.0,-1.1138447881310367,0.0
5.079999999999663,open,2.411637273341477,-1.120663369114596,0.0,-1.120663369114596,0.0,-1.120663369114596,0.0
5.09999999999966,open,2.378785065388916,-1.127361550204018,0.0,-1.127361550204018,0.0,-1.127361550204018,0.0
5.119999999999658,open,2.3455872324225413,-1.1339414573745668,0.0,-1.1339414573745668,0.0,-1.1339414573745668,0.0
5.139999999999656,open,2.312020236115556,-1.1404051790618528,0.0,-1.1404051790618528,0.0,-1.1404051790618528,0.0
5.159999999999654,open,2.278067803416295,-1.1467547668246798,0.0,-1.1467547668246798,0.0,-1.1467547668246798,0.0
5.1799999999996515,open,2.243719638313259,-1.1529922359962197,0.0,-1.1529922359962197,0.0,-1.1529922359962197,0.0
5.199999999999649,open,2.2089703775354517,-1.1591195663236593,0.0,-1.1591195663236593,0.0,-1.1591195663236593,0.0
5.219999999999647,open,2.173818746733623,-1.1651387025965667,0.0,-1.1651387025965667,0.0,-1.1651387025965667,0.0
5.239999999999645,open,2.1382668817257495,-1.1710515552641603,0.0,-1.1710515552641603,0.0,-1.1710515552641603,0.0
5.259999999999643,open,2.1023197859892018,-1.1768600010416792,0.0,-1.1768600010416792,0.0,-1.1768600010416792,0.0
5.2799999999996405,open,2.0659849009723934,-1.1825658835060393,0.0,-1.1825658835060393,0.0,-1.1825658835060393,0.0
5.299999999999638,open,2.029271770262028,-1.1881710136809838,0.0,-1.1881710136809838,0.0,-1.1881710136809838,0.0
5.319999999999636,open,1.9921917822980393,-1.193677170611889,0.0,-1.193677170611889,0.0,-1.193677170611889,0.0
5.339999999999634,open,1.954757979382109,-1.1990861019304295,0.0,-1.1990861019304295,0.0,-1.1990861019304295,0.0
5.359999999999632,open,1.9169849232504013,-1.2043995244092687,0.0,-1.2043995244092687,0.0,-1.2043995244092687,0.0
5.3799999999996295,open,1.8788886096135278,-1.209619124506957,0.0,-1.209619124506957,0.0,-1.209619124506957,0.0
5.399999999999627,open,1.8404864258732152,-1.214746558903201,0.0,-1.214746558903201,0.0,-1.214746558903201,0.0
5.419999999999625,open,1.8017971477688677,-1.2197834550246947,0.0,-1.2197834550246947,0.0,-1.2197834550246947,0.0
5.439999999999623,open,1.7628409720705496,-1.2247314115616519,0.0,-1.2247314115616519,0.0,-1.2247314115616519,0.0
5.459999999999621,open,1.7236395836432667,-1.2295919989752275,0.0,-1.2295919989752275,0.0,-1.2295919989752275,0.0
5.4799999999996185,open,1.684216256317859,-1.2343667599959733,0.0,-1.2343667599959733,0.0,-1.2343667599959733,0.0
5.499999999999616,open,1.6445959880530177,-1.239057210113495,0.0,-1.239057210113495,0.0,-1.239057210113495,0.0
5.519999999999614,open,1.6048056718875419,-1.2436648380574642,0.0,-1.2436648380574642,0.0,-1.2436648380574642,0.0
5.539999999999612,open,1.564874305203018,-1.2481911062701354,0.0,-1.2481911062701354,0.0,-1.2481911062701354,0.0
5.55999999999961,open,1.5248332408546703,-1.2526374513705096,0.0,-1.2526374513705096,0.0,-1.2526374513705096,0.0
5.5799999999996075,open,1.4847164848170231,-1.2570052846103261,0.0,-1.2570052846103261,0.0,-1.2570052846103261,0.0
5.599999999999605,open,1.4445610461350178,-1.2612959923219798,0.0,-1.2612959923219798,0.0,-1.2612959923219798,0.0
5.619999999999603,open,1.4044073461831412,-1.2655109363585368,0.0,-1.2655109363585368,0.0,-1.2655109363585368,0.0
5.639999999999601,open,1.3642996954902282,-1.2696514545259858,0.0,-1.2696514545259858,0.0,-1.2696514545259858,0.0
5.659999999999599,open,1.3242868476677079,-1.2737188610078454,0.0,-1.2737188610078454,0.0,-1.2737188610078454,0.0
5.6799999999995965,open,1.2844226411939894,-1.2777144467822856,0.0,-1.2777144467822856,0.0,-1.2777144467822856,0.0
5.699999999999594,open,1.244766740847028,-1.2816394800318802,0.0,-1.2816394800318802,0.0,-1.2816394800318802,0.0
5.719999999999592,open,1.2053854911959754,-1.2854952065461185,0.0,-1.2854952065461185,0.0,-1.2854952065461185,0.0
5.73999999999959,open,1.166352894457466,-1.2892828501168154,0.0,-1.2892828501168154,0.0,-1.2892828501168154,0.0
5.759999999999588,open,1.1277517236272248,-1.2930036129265396,0.0,-1.2930036129265396,0.0,-1.2930036129265396,0.0
5.7799999999995855,open,1.0896747783447802,-1.2966586759301781,0.0,-1.2966586759301781,0.0,-1.2966586759301781,0.0
5.799999999999583,open,1.0522262843214607,-1.30024919922977,0.0,-1.30024919922977,0.0,-1.30024919922977,0.0
5.819999999999581,open,1.0155234257269377,-1.3037763224427146,0.0,-1.3037763224427146,0.0,-1.3037763224427146,0.0
5.839999999999579,open,0.9796979816309873,-1.3072411650634852,0.0,-1.3072411650634852,0.0,-1.3072411650634852,0.0
5.859999999999577,open,0.944898009750476,-1.3106448268189488,0.0,-1.3106448268189488,0.0,-1.3106448268189488,0.0
5.8799999999995745,open,0.9112894803634234,-1.3139883880174157,0.0,-1.3139883880174157,0.0,-1.3139883880174157,0.0
5.899999999999572,open,0.8790577075517313,-1.317272909891526,0.0,-1.317272909891526,0.0,-1.317272909891526,0.0
5.91999999999957,open,0.8484083525135472,-1.3204994349350812,0.0,-1.3204994349350812,0.0,-1.3204994349350812,0.0
5.939999999999568,open,0.8195676867956986,-1.3236689872339247,0.0,-1.3236689872339247,0.0,-1.3236689872339247,0.0
5.959999999999566,open,0.7927817111347567,-1.326782572790987,0.0,-1.326782572790987,0.0,-1.326782572790987,0.0
5.979999999999563,open,0.7683136487078888,-1.3298411798455747,0.0,-1.3298411798455747,0.0,-1.3298411798455747,0.0
5.999999999999561,open,0.7464393054929405,-1.332845779187052,0.0,-1.332845779187052,0.0,-1.332845779187052,0.0
6.019999999999559,open,0.727439865481841,-1.3357973244629542,0.0,-1.3357973244629542,0.0,-1.3357973244629542,0.0
6.039999999999557,open,0.7115919199585545,-1.3386967524816709,0.0,-1.3386967524816709,0.0,-1.3386967524816709,0.0
6.059999999999555,open,0.6991549538895555,-1.3415449835097892,0.0,-1.3415449835097892,0.0,-1.3415449835097892,0.0
6.079999999999552,open,0.6903571070593717,-1.3443429215641811,0.0,-1.3443429215641811,0.0,-1.3443429215641811,0.0
6.09999999999955,open,0.6853806780013487,-1.3470914546989323,0.0,-1.3470914546989323,0.0,-1.3470914546989323,0.0
6.119999999999548,open,0.6843493345276174,-1.3497914552872128,0.0,-1.3497914552872128,0.0,-1.3497914552872128,0.0
6.139999999999546,open,0.6873190929043125,-1.352443780298157,0.0,-1.352443780298157,0.0,-1.352443780298157,0.0
6.159999999999544,open,0.6942746758239589,-1.3550492715688698,0.0,-1.3550492715688698,0.0,-1.3550492715688698,0.0
6.179999999999541,open,0.7051319123704292,-1.3576087560716146,0.0,-1.3576087560716146,0.0,-1.3576087560716146,0.0
6.199999999999539,open,0.719745681785232,-1.3601230461763023,0.0,-1.3601230461763023,0.0,-1.3601230461763023,0.0
6.219999999999537,open,0.7307748787557932,-1.3570343243429766,0.0,-1.3570343243429766,0.0,-1.3570343243429766,0.0
6.239999999999535,open,0.7264636638420113,-1.339478561787749,0.0,-1.339478561787749,0.0,-1.339478561787749,0.0
6.259999999999533,open,0.7198068712996911,-1.3175871126892127,0.0,-1.3175871126892127,0.0,-1.3175871126892127,0.0
6.27999999999953,open,0.7152161811063892,-1.294805495585229,0.0,-1.294805495585229,0.0,-1.294805495585229,0.0
6.299999999999528,open,0.7137701809761189,-1.2720752815566216,0.0,-1.2720752815566216,0.0,-1.2720752815566216,0.0
6.319999999999526,open,0.7156039023627647,-1.24965000446893,0.0,-1.24965000446893,0.0,-1.24965000446893,0.0
6.339999999999524,open,0.7205738125210444,-1.2275942051089388,0.0,-1.2275942051089388,0.0,-1.2275942051089388,0.0
6.359999999999522,open,0.7284462491318686,-1.2059205761342588,0.0,-1.2059205761342588,0.0,-1.2059205761342588,0.0
6.379999999999519,open,0.7389561512771659,-1.184627650446659,0.0,-1.184627650446659,0.0,-1.184627650446659,0.0
6.399999999999517,open,0.7518300210513067,-1.1637101570828838,0.0,-1.1637101570828838,0.0,-1.1637101570828838,0.0
6.419999999999515,open,0.7667980085550918,-1.1431618656604143,0.0,-1.1431618656604143,0.0,-1.1431618656604143,0.0
6.439999999999513,open,0.7836015883620422,-1.1229763665661507,0.0,-1.1229763665661507,0.0,-1.1229763665661507,0.0
6.459999999999511,open,0.8019985781416173,-1.1031472838757963,0.0,-1.1031472838757963,0.0,-1.1031472838757963,0.0
6.479999999999508,open,0.8217661466163508,-1.0836683324034475,0.0,-1.0836683324034475,0.0,-1.0836683324034475,0.0
6.499999999999506,open,0.8427022406010052,-1.0645333319411294,0.0,-1.0645333319411294,0.0,-1.0645333319411294,0.0
6.519999999999504,open,0.8646258165621691,-1.0457362097587486,0.0,-1.0457362097587486,0.0,-1.0457362097587486,0.0
6.539999999999502,open,0.8873762248721087,-1.0272709999027432,0.0,-1.0272709999027432,0.0,-1.0272709999027432,0.0
6.5599999999995,open,0.9108120413474264,-1.0091318416394681,0.0,-1.0091318416394681,0.0,-1.0091318416394681,0.0
6.579999999999497,open,0.9348095787359886,-0.9913129776876288,0.0,-0.9913129776876288,0.0,-0.9913129776876288,0.0
6.599999999999495,open,0.9592612507917545,-0.9738087524163876,0.0,-0.9738087524163876,0.0,-0.9738087524163876,0.0
6.619999999999493,open,0.9840739095941262,-0.9566136100572883,0.0,-0.9566136100572883,0.0,-0.9566136100572883,0.0
6.639999999999491,open,1.0091672352326997,-0.9397220929427951,0.0,-0.9397220929427951,0.0,-0.9397220929427951,0.0
6.6599999999994886,open,1.0344722256768966,-0.9231288397745848,0.0,-0.9231288397745848,0.0,-0.9231288397745848,0.0
6.679999999999486,open,1.059929812293916,-0.9068285839220322,0.0,-0.9068285839220322,0.0,-0.9068285839220322,0.0
6.699999999999484,open,1.0854896111944328,-0.8908161517506478,0.0,-0.8908161517506478,0.0,-0.8908161517506478,0.0
6.719999999999482,open,1.1111088107474643,-0.8750864609799972,0.0,-0.8750864609799972,0.0,-0.8750864609799972,0.0
6.73999999999948,open,1.1367511896350722,-0.8596345190706058,0.0,-0.8596345190706058,0.0,-0.8596345190706058,0.0
6.7599999999994775,open,1.1623862566672496,-0.8444554216393517,0.0,-0.8444554216393517,0.0,-0.8444554216393517,0.0
6.779999999999475,open,1.1879885023052863,-0.8295443509028336,0.0,-0.8295443509028336,0.0,-0.8295443509028336,0.0
6.799999999999473,open,1.2135367519685114,-0.8148965741482261,0.0,-0.8148965741482261,0.0,-0.8148965741482261,0.0
6.819999999999471,open,1.239013612322423,-0.800507442231136,0.0,-0.800507442231136,0.0,-0.800507442231136,0.0
6.839999999999469,open,1.264405003860987,-0.7863723880999833,0.0,-0.7863723880999833,0.0,-0.7863723880999833,0.0
6.8599999999994665,open,1.6604919507330032,-0.7724869253464369,0.0,-0.7724869253464369,0.0,-0.7724869253464369,0.0
6.879999999999464,open,2.483037219057955,-0.7588466467814473,0.0,-0.7588466467814473,0.0,-0.7588466467814473,0.0
6.899999999999462,open,3.674760823991696,-0.7454472230364242,0.0,-0.7454472230364242,0.0,-0.7454472230364242,0.0
6.91999999999946,open,5.166597965113787,-0.7322844011891106,0.0,-0.7322844011891106,0.0,-0.7322844011891106,0.0
6.939999999999458,open,4.118916433663711,-0.7193540034137228,0.0,-0.7193540034137228,0.0,-0.7193540034137228,0.0
6.9599999999994555,open,3.273022174442659,-0.7066519256549273,0.0,-0.7066519256549273,0.0,-0.7066519256549273,0.0
6.979999999999453,open,2.5979751564307314,-0.6941741363252286,0.0,-0.6941741363252286,0.0,-0.6941741363252286,0.0
6.999999999999451,open,2.0705779478073185,-0.6819166750253619,0.0,-0.6819166750253619,0.0,-0.6819166750253619,0.0
7.019999999999449,open,1.6742216914742238,-0.6698756512872768,0.0,-0.6698756512872768,0.0,-0.6698756512872768,0.0
7.039999999999447,open,1.396846196116308,-0.658047243339318,0.0,-0.658047243339318,0.0,-0.658047243339318,0.0
7.0599999999994445,open,1.226948389957883,-0.6464276968932136,0.0,-0.6464276968932136,0.0,-0.6464276968932136,0.0
7.079999999999442,open,1.1476885241073074,-0.6350133239524762,0.0,-0.6350133239524762,0.0,-0.6350133239524762,0.0
7.09999999999944,open,1.1348305465407027,-0.6238005016418503,0.0,-0.6238005016418503,0.0,-0.6238005016418503,0.0
7.119999999999438,open,1.1632492358822957,-0.6127856710574248,0.0,-0.6127856710574248,0.0,-0.6127856710574248,0.0
7.139999999999436,open,1.2135752637212063,-0.6019653361370527,0.0,-0.6019653361370527,0.0,-0.6019653361370527,0.0
7.1599999999994335,open,1.273525183115761,-0.591336062550714,0.0,-0.591336062550714,0.0,-0.591336062550714,0.0
7.179999999999431,open,1.3361892621978333,-0.5808944766104753,0.0,-0.5808944766104753,0.0,-0.5808944766104753,0.0
7.199999999999429,open,1.3980069795783818,-0.5706372641996921,0.0,-0.5706372641996921,0.0,-0.5706372641996921,0.0
7.219999999999427,open,1.4573338909046631,-0.5605611697211264,0.0,-0.5605611697211264,0.0,-0.5605611697211264,0.0
7.239999999999425,open,1.5135683618668527,-0.5506629950636287,0.0,-0.5506629950636287,0.0,-0.5506629950636287,0.0
7.2599999999994225,open,1.5874349311254095,-0.5386042717683697,0.0,-0.5386042717683697,0.0,-0.5386042717683697,0.0
7.27999999999942,open,1.9524235205428957,-0.5280886377838984,0.0,-0.5280886377838984,0.0,-0.5280886377838984,0.0
7.299999999999418,open,2.735214677311724,-0.5181661700600416,0.0,-0.5181661700600416,0.0,-0.5181661700600416,0.0
7.319999999999416,open,3.912746873800721,-0.508689788853405,0.0,-0.508689788853405,0.0,-0.508689788853405,0.0
7.339999999999414,open,5.417164352473774,-0.499550373064814,0.0,-0.499550373064814,0.0,-0.499550373064814,0.0
7.3599999999994115,open,4.436968333063466,-0.49060264034108586,0.0,-0.49060264034108586,0.0,-0.49060264034108586,0.0
7.379999999999409,open,3.6581038793615615,-0.48189893028388125,0.0,-0.48189893028388125,0.0,-0.48189893028388125,0.0
7.399999999999407,open,3.0452338407963504,-0.4733447044567556,0.0,-0.4733447044567556,0.0,-0.4733447044567556,0.0
7.419999999999405,open,2.5728850734907938,-0.4649748898425763,0.0,-0.4649748898425763,0.0,-0.4649748898425763,0.0
7.439999999999403,open,2.2145452610700893,-0.4567618631774484,0.0,-0.4567618631774484,0.0,-0.4567618631774484,0.0
7.4599999999994,open,1.9496856456429852,-0.4486961779901696,0.0,-0.4486961779901696,0.0,-0.4486961779901696,0.0
7.479999999999398,open,1.759975361562602,-0.44077343322336876,0.0,-0.44077343322336876,0.0,-0.44077343322336876,0.0
7.499999999999396,open,1.6288733613006612,-0.4329906438170432,0.0,-0.4329906438170432,0.0,-0.4329906438170432,0.0
7.519999999999394,open,1.5418017808882016,-0.4253452378294457,0.0,-0.4253452378294457,0.0,-0.4253452378294457,0.0
7.539999999999392,open,1.4865427414414383,-0.41783478053746914,0.0,-0.41783478053746914,0.0,-0.41783478053746914,0.0
7.559999999999389,open,1.4534629262070458,-0.4104568996851387,0.0,-0.4104568996851387,0.0,-0.4104568996851387,0.0
7.579999999999387,open,1.4353981209439954,-0.40320926606425694,0.0,-0.40320926606425694,0.0,-0.40320926606425694,0.0
7.599999999999385,open,1.4272744235724886,-0.396089588988478,0.0,-0.396089588988478,0.0,-0.396089588988478,0.0
7.619999999999383,open,1.4256306578963587,-0.38909561551186184,0.0,-0.38909561551186184,0.0,-0.38909561551186184,0.0
7.639999999999381,open,1.4281686170366346,-0.382225130389728,0.0,-0.382225130389728,0.0,-0.382225130389728,0.0
7.659999999999378,open,1.4333886814372276,-0.37547595603279305,0.0,-0.37547595603279305,0.0,-0.37547595603279305,0.0
7.679999999999376,open,1.4403193133179164,-0.36884595231348893,0.0,-0.36884595231348893,0.0,-0.36884595231348893,0.0
7.699999999999374,open,1.4483263181926829,-0.3623330162343587,0.0,-0.3623330162343587,0.0,-0.3623330162343587,0.0
7.719999999999372,open,1.4569818997141937,-0.3559350814957346,0.0,-0.3559350814957346,0.0,-0.3559350814957346,0.0
7.73999999999937,open,1.4659754453157026,-0.34965011799659973,0.0,-0.34965011799659973,0.0,-0.34965011799659973,0.0
7.759999999999367,open,1.475055979315536,-0.3434761312938737,0.0,-0.3434761312938737,0.0,-0.3434761312938737,0.0
7.779999999999365,open,1.4840189695142865,-0.3374111620376525,0.0,-0.3374111620376525,0.0,-0.3374111620376525,0.0
7.799999999999363,open,1.4927836926298448,-0.33145328539419333,0.0,-0.33145328539419333,0.0,-0.33145328539419333,0.0
7.819999999999361,open,1.5015674341189738,-0.32560061046443367,0.0,-0.32560061046443367,0.0,-0.32560061046443367,0.0
7.839999999999359,open,1.510969447460175,-0.3198512797031526,0.0,-0.3198512797031526,0.0,-0.3198512797031526,0.0
7.859999999999356,open,1.5216981892076769,-0.31420346834206075,0.0,-0.31420346834206075,0.0,-0.31420346834206075,0.0
7.879999999999354,open,1.5340647853969174,-0.308655383818929,0.0,-0.308655383818929,0.0,-0.308655383818929,0.0
7.899999999999352,open,1.5477504009993317,-0.3032052652140763,0.0,-0.3032052652140763,0.0,-0.3032052652140763,0.0
7.91999999999935,open,1.5620840877692275,-0.2978513826950347,0.0,-0.2978513826950347,0.0,-0.2978513826950347,0.0
7.939999999999348,open,1.5764656711218479,-0.29259203696983177,0.0,-0.29259203696983177,0.0,-0.29259203696983177,0.0
7.959999999999345,open,1.5905518202945446,-0.28742555874918607,0.0,-0.28742555874918607,0.0,-0.28742555874918607,0.0
7.979999999999343,open,1.6042240203605245,-0.282350308217673,0.0,-0.282350308217673,0.0,-0.282350308217673,0.0
7.999999999999341,open,1.6174916487292552,-0.27736467451391367,0.0,-0.27736467451391367,0.0,-0.27736467451391367,0.0
8.019999999999348,open,1.6304137610807081,-0.2724670752197287,0.0,-0.2724670752197287,0.0,-0.2724670752197287,0.0
8.039999999999354,open,1.6430595809432802,-0.2676559558581633,0.0,-0.2676559558581633,0.0,-0.2676559558581633,0.0
8.059999999999361,open,1.6554919623052786,-0.2629297894002895,0.0,-0.2629297894002895,0.0,-0.2629297894002895,0.0
8.079999999999368,open,1.6677624815247356,-0.2582870757806523,0.0,-0.2582870757806523,0.0,-0.2582870757806523,0.0
8.099999999999374,open,1.6799113089791053,-0.25372634142123673,0.0,-0.25372634142123673,0.0,-0.25372634142123673,0.0
8.119999999999381,open,1.6919686943058663,-0.24924613876380933,0.0,-0.24924613876380933,0.0,-0.24924613876380933,0.0
8.139999999999388,open,1.7039567926793648,-0.24484504581050587,0.0,-0.24484504581050587,0.0,-0.24484504581050587,0.0
8.159999999999394,open,1.7158913798159592,-0.24052166567251568,0.0,-0.24052166567251568,0.0,-0.24052166567251568,0.0
8.179999999999401,open,1.7277833219975907,-0.2362746261267303,0.0,-0.2362746261267303,0.0,-0.2362746261267303,0.0
8.199999999999408,open,1.739639783334354,-0.2321025791802132,0.0,-0.2321025791802132,0.0,-0.2321025791802132,0.0
8.219999999999414,open,1.7514651924098616,-0.22800420064236157,0.0,-0.22800420064236157,0.0,-0.22800420064236157,0.0
8.239999999999421,open,1.7632620022737595,-0.22397818970461572,0.0,-0.22397818970461572,0.0,-0.22397818970461572,0.0
8.259999999999428,open,1.7750312789109883,-0.22002326852759085,0.0,-0.22002326852759085,0.0,-0.22002326852759085,0.0
8.279999999999434,open,1.786773150432434,-0.2161381818354982,0.0,-0.2161381818354982,0.0,-0.2161381818354982,0.0
8.299999999999441,open,1.7984871449664792,-0.21232169651772617,0.0,-0.21232169651772617,0.0,-0.21232169651772617,0.0
8.319999999999448,open,1.8101724407695323,-0.20857260123745724,0.0,-0.20857260123745724,0.0,-0.20857260123745724,0.0
8.339999999999455,open,1.8218280478910585,-0.20488970604719567,0.0,-0.20488970604719567,0.0,-0.20488970604719567,0.0
8.359999999999461,open,1.8334529370591304,-0.20127184201108125,0.0,-0.20127184201108125,0.0,-0.20127184201108125,0.0
8.379999999999468,open,1.8450461283105744,-0.19771786083387694,0.0,-0.19771786083387694,0.0,-0.19771786083387694,0.0
8.399999999999475,open,1.8566067492904694,-0.19422663449650288,0.0,-0.19422663449650288,0.0,-0.19422663449650288,0.0
8.419999999999481,open,1.8681340709956387,-0.19079705489800844,0.0,-0.19079705489800844,0.0,-0.19079705489800844,0.0
8.439999999999488,open,1.8796275270127603,-0.18742803350386553,0.0,-0.18742803350386553,0.0,-0.18742803350386553,0.0
8.459999999999495,open,1.8910867209140425,-0.18411850100047197,0.0,-0.18411850100047197,0.0,-0.18411850100047197,0.0
8.479999999999501,open,1.9025114253673452,-0.18086740695575634,0.0,-0.18086740695575634,0.0,-0.18086740695575634,0.0
8.499999999999508,open,1.9139015756577749,-0.1776737194857746,0.0,-0.1776737194857746,0.0,-0.1776737194857746,0.0
8.519999999999515,open,1.9252572596279531,-0.17453642492719448,0.0,-0.17453642492719448,0.0,-0.17453642492719448,0.0
8.539999999999521,open,1.9365787055299886,-0.17145452751556312,0.0,-0.17145452751556312,0.0,-0.17145452751556312,0.0
8.559999999999528,open,1.9478662688635406,-0.16842704906925543,0.0,-0.16842704906925543,0.0,-0.16842704906925543,0.0
8.579999999999535,open,1.959120418975423,-0.16545302867900302,0.0,-0.16545302867900302,0.0,-0.16545302867900302,0.0
8.599999999999541,open,1.9703417259508507,-0.16253152240290572,0.0,-0.16253152240290572,0.0,-0.16253152240290572,0.0
8.619999999999548,open,1.9815308481619947,-0.15966160296682838,0.0,-0.15966160296682838,0.0,-0.15966160296682838,0.0
8.639999999999555,open,1.9926885206992044,-0.1568423594700876,0.0,-0.1568423594700876,0.0,-0.1568423594700876,0.0
8.659999999999561,open,2.003815544821615,-0.1540728970963358,0.0,-0.1540728970963358,0.0,-0.1540728970963358,0.0
8.679999999999568,open,2.0149127784967815,-0.15135233682955015,0.0,-0.15135233682955015,0.0,-0.15135233682955015,0.0
8.699999999999575,open,2.0259811280541187,-0.14867981517503634,0.0,-0.14867981517503634,0.0,-0.14867981517503634,0.0
8.719999999999581,open,2.037021540943723,-0.14605448388535908,0.0,-0.14605448388535908,0.0,-0.14605448388535908,0.0
8.739999999999588,open,2.0480349995861946,-0.14347550969111167,0.0,-0.14347550969111167,0.0,-0.14347550969111167,0.0
8.759999999999595,open,2.05902251628572,-0.14094207403643966,0.0,-0.14094207403643966,0.0,-0.14094207403643966,0.0
8.779999999999601,open,2.0699851291907345,-0.138453372819235,0.0,-0.138453372819235,0.0,-0.138453372819235,0.0
8.799999999999608,open,2.080923899300891,-0.13600861613591672,0.0,-0.13600861613591672,0.0,-0.13600861613591672,0.0
8.819999999999615,open,2.091839908543031,-0.13360702803071928,0.0,-0.13360702803071928,0.0,-0.13360702803071928,0.0
8.839999999999621,open,2.102734258982107,-0.1312478462494069,0.0,-0.1312478462494069,0.0,-0.1312478462494069,0.0
8.859999999999628,open,2.1136080732889417,-0.12893032199733762,0.0,-0.12893032199733762,0.0,-0.12893032199733762,0.0
8.879999999999635,open,2.124462496665999,-0.12665371970179878,0.0,-0.12665371970179878,0.0,-0.12665371970179878,0.0
8.899999999999642,open,2.135298700561178,-0.12441731677853915,0.0,-0.12441731677853915,0.0,-0.12441731677853915,0.0
8.919999999999648,open,2.1461178886665673,-0.12222040340242386,0.0,-0.12222040340242386,0.0,-0.12222040340242386,0.0
8.939999999999655,open,2.156921305969652,-0.12006228228213858,0.0,-0.12006228228213858,0.0,-0.12006228228213858,0.0
8.959999999999662,open,2.1677102520300866,-0.11794226843887216,0.0,-0.11794226843887216,0.0,-0.11794226843887216,0.0
8.979999999999668,open,2.178486100275976,-0.11585968898890739,0.0,-0.11585968898890739,0.0,-0.11585968898890739,0.0
8.999999999999675,open,2.189250326111987,-0.1138138829300502,0.0,-0.1138138829300502,0.0,-0.1138138829300502,0.0
9.019999999999682,open,2.2000045482235326,-0.1118042009318304,0.0,-0.1118042009318304,0.0,-0.1118042009318304,0.0
9.039999999999688,open,2.210750590097632,-0.10983000512940665,0.0,-0.10983000512940665,0.0,-0.10983000512940665,0.0
9.059999999999695,open,2.221490573208923,-0.10789066892111103,0.0,-0.10789066892111103,0.0,-0.10789066892111103,0.0
9.079999999999702,open,2.2322270609906263,-0.10598557676956823,0.0,-0.10598557676956823,0.0,-0.10598557676956823,0.0
9.099999999999708,open,2.242963286429799,-0.10411412400632615,0.0,-0.10411412400632615,0.0,-0.10411412400632615,0.0
9.119999999999715,open,2.253703521723342,-0.10227571663993709,0.0,-0.10227571663993709,0.0,-0.10227571663993709,0.0
9.139999999999722,open,2.264453698787133,-0.10046977116742695,0.0,-0.10046977116742695,0.0,-0.10046977116742695,0.0
9.159999999999728,open,2.275222494866767,-0.09869571438909404,0.0,-0.09869571438909404,0.0,-0.09869571438909404,0.0
9.179999999999735,open,2.286023331467083,-0.09695298322657743,0.0,-0.09695298322657743,0.0,-0.09695298322657743,0.0
9.199999999999742,open,2.2968782647025225,-0.0952410245441387,0.0,-0.0952410245441387,0.0,-0.0952410245441387,0.0
9.219999999999748,open,2.3078258495184616,-0.09355929497309858,0.0,-0.09355929497309858,0.0,-0.09355929497309858,0.0
9.239999999999755,open,2.3189365950595096,-0.09190726073937389,0.0,-0.09190726073937389,0.0,-0.09190726073937389,0.0
9.259999999999762,open,2.330337905640418,-0.09028439749406018,0.0,-0.09028439749406018,0.0,-0.09028439749406018,0.0
9.279999999999768,open,2.342230429095693,-0.0886901901470052,0.0,-0.0886901901470052,0.0,-0.0886901901470052,0.0
9.299999999999775,open,2.354820502830851,-0.08712413270332167,0.0,-0.08712413270332167,0.0,-0.08712413270332167,0.0
9.319999999999782,open,2.3680660815244443,-0.0855857281027863,0.0,-0.0855857281027863,0.0,-0.0855857281027863,0.0
9.339999999999788,open,2.3813615978724094,-0.08407448806207507,0.0,-0.08407448806207507,0.0,-0.08407448806207507,0.0
9.359999999999795,open,2.393680848781462,-0.08258993291978427,0.0,-0.08258993291978427,0.0,-0.08258993291978427,0.0
9.379999999999802,open,2.404320573850402,-0.08113159148418576,0.0,-0.08113159148418576,0.0,-0.08113159148418576,0.0
9.399999999999809,open,2.4135351873128723,-0.07969900088367805,0.0,-0.07969900088367805,0.0,-0.07969900088367805,0.0
9.419999999999815,open,2.4221115472224604,-0.07829170641986809,0.0,-0.07829170641986809,0.0,-0.07829170641986809,0.0
9.439999999999822,open,2.4306894445216267,-0.07690926142325251,0.0,-0.07690926142325251,0.0,-0.07690926142325251,0.0
9.459999999999829,open,2.4395885650632017,-0.0755512271114475,0.0,-0.0755512271114475,0.0,-0.0755512271114475,0.0
9.479999999999835,open,2.4488772251261106,-0.0742171724499199,0.0,-0.0742171724499199,0.0,-0.0742171724499199,0.0
9.499999999999842,open,2.458517854434328,-0.07290667401518075,0.0,-0.07290667401518075,0.0,-0.07290667401518075,0.0
9.519999999999849,open,2.4684553054068634,-0.07161931586038998,0.0,-0.07161931586038998,0.0,-0.07161931586038998,0.0
9.539999999999855,open,2.4786332930544206,-0.07035468938333785,0.0,-0.07035468938333785,0.0,-0.07035468938333785,0.0
9.559999999999862,open,2.4890033289245177,-0.06911239319675624,0.0,-0.06911239319675624,0.0,-0.06911239319675624,0.0
9.579999999999869,open,2.4995257646878186,-0.06789203300091987,0.0,-0.06789203300091987,0.0,-0.06789203300091987,0.0
9.599999999999875,open,2.510168979035549,-0.06669322145849706,0.0,-0.06669322145849706,0.0,-0.06669322145849706,0.0
9.619999999999882,open,2.520908154293383,-0.06551557807161068,0.0,-0.06551557807161068,0.0,-0.06551557807161068,0.0
9.639999999999889,open,2.5317240733065405,-0.06435872906106946,0.0,-0.06435872906106946,0.0,-0.06435872906106946,0.0
9.659999999999895,open,2.5426020551852333,-0.06322230724773202,0.0,-0.06322230724773202,0.0,-0.06322230724773202,0.0
9.679999999999902,open,2.5535310525836388,-0.062105951935965874,0.0,-0.062105951935965874,0.0,-0.062105951935965874,0.0
9.699999999999909,open,2.564502902649831,-0.06100930879916394,0.0,-0.06100930879916394,0.0,-0.06100930879916394,0.0
9.719999999999915,open,2.5767350660546313,-0.05999369912968215,0.0,-0.05999369912968215,0.0,-0.05999369912968215,0.0
9.739999999999922,open,2.5928989738352177,-0.059350222369261574,0.0,-0.059350222369261574,0.0,-0.059350222369261574,0.0
9.759999999999929,open,2.608600081822561,-0.05864886480206247,0.0,-0.05864886480206247,0.0,-0.05864886480206247,0.0
9.779999999999935,open,2.752465384654017,-0.05886933675478137,0.0,-0.05886933675478137,0.0,-0.05886933675478137,0.0
9.799999999999942,open,3.182767193826373,-0.06010519696934644,0.0,-0.06010519696934644,0.0,-0.06010519696934644,0.0
9.819999999999949,open,4.01542401671422,-0.0613334474998135,0.0,-0.0613334474998135,0.0,-0.0613334474998135,0.0
9.839999999999955,open,5.242460796853315,-0.06389991601518394,0.0,-0.06389991601518394,0.0,-0.06389991601518394,0.0
9.859999999999962,open,4.378587589526843,-0.06757137250334326,0.0,-0.06757137250334326,0.0,-0.06757137250334326,0.0
9.879999999999969,open,3.766099790685218,-0.07144238542608625,0.0,-0.07144238542608625,0.0,-0.07144238542608625,0.0
9.899999999999975,open,3.3749756631270533,-0.07712110845113014,0.0,-0.07712110845113014,0.0,-0.07712110845113014,0.0
9.919999999999982,open,3.182524825054551,-0.08395250979222713,0.0,-0.08395250979222713,0.0,-0.08395250979222713,0.0
9.939999999999989,open,3.134395743415956,-0.09120804348207101,0.0,-0.09120804348207101,0.0,-0.09120804348207101,0.0
9.959999999999996,open,3.1798006912064,-0.09959777792281066,0.0,-0.09959777792281066,0.0,-0.09959777792281066,0.0
9.980000000000002,open,3.322713485203235,-0.10921229632731813,0.0,-0.10921229632731813,0.0,-0.10921229632731813,0.0
10.000000000000009,open,3.4614270469917843,-0.11825178095787892,0.0,-0.11825178095787892,0.0,-0.11825178095787892,0.0
10.020000000000016,open,3.6753049027516203,-0.13030050115051617,0.0,-0.13030050115051617,0.0,-0.13030050115051617,0.0
10.040000000000022,open,3.82866487519298,-0.13998865087198206,0.0,-0.13998865087198206,0.0,-0.13998865087198206,0.0
10.060000000000029,open,4.053349831124193,-0.152476574156409,0.0,-0.152476574156409,0.0,-0.152476574156409,0.0
10.080000000000036,open,4.260251106537032,-0.16618606837361163,0.0,-0.16618606837361163,0.0,-0.16618606837361163,0.0
10.100000000000042,open,4.457315557971657,-0.17856017327451823,0.0,-0.17856017327451823,0.0,-0.17856017327451823,0.0
10.120000000000049,open,4.6743664394592415,-0.1927390199785771,0.0,-0.1927390199785771,0.0,-0.1927390199785771,0.0
10.140000000000056,open,4.8867577322763704,-0.20745296069237243,0.0,-0.20745296069237243,0.0,-0.20745296069237243,0.0
10.160000000000062,open,5.091351973026031,-0.22217865294779304,0.0,-0.22217865294779304,0.0,-0.22217865294779304,0.0
10.180000000000069,open,5.275157853420493,-0.22412863204909075,0.0,-0.22412863204909075,0.0,-0.22412863204909075,0.0
10.200000000000076,open,5.602779702016452,-0.21029883367225222,0.0,-0.21029883367225222,0.0,-0.21029883367225222,0.0
10.220000000000082,open,6.228731852377233,-0.18914296200562672,0.0,-0.18914296200562672,0.0,-0.18914296200562672,0.0
10.240000000000089,open,7.17916510388337,-0.16506049828752165,0.0,-0.16506049828752165,0.0,-0.16506049828752165,0.0
10.260000000000096,open,8.43097477240568,-0.139739672418779,0.0,-0.139739672418779,0.0,-0.139739672418779,0.0
10.280000000000102,open,7.341813926670822,-0.11375364908515168,0.0,-0.11375364908515168,0.0,-0.11375364908515168,0.0
10.300000000000109,open,6.460272137626742,-0.08744156625346917,0.0,-0.08744156625346917,0.0,-0.08744156625346917,0.0
10.320000000000116,open,5.749388616152827,-0.0606407988279172,0.0,-0.0606407988279172,0.0,-0.0606407988279172,0.0
10.340000000000122,open,5.173938693455117,-0.033581645427870725,0.0,-0.033581645427870725,0.0,-0.033581645427870725,0.0
10.360000000000129,open,4.714730712493863,-0.006588641402673966,0.0,-0.006588641402673966,0.0,-0.006588641402673966,0.0
10.380000000000136,open,4.3462993191854675,0.020140482582711755,0.0,0.020140482582711755,0.0,0.020140482582711755,0.0
10.400000000000142,open,4.049866629952146,0.04644554880308347,0.0,0.04644554880308347,0.0,0.04644554880308347,0.0
10.42000000000015,open,3.8180620381370884,0.07238859119157517,0.0,0.07238859119157517,0.0,0.07238859119157517,0.0
10.440000000000156,open,3.6275210274642102,0.09788225730830617,0.0,0.09788225730830617,0.0,0.09788225730830617,0.0
10.460000000000163,open,3.477824830861481,0.12262860134406248,0.0,0.12262860134406248,0.0,0.12262860134406248,0.0
10.48000000000017,open,3.3733478304460713,0.14655399865404575,0.0,0.14655399865404575,0.0,0.14655399865404575,0.0
10.500000000000176,open,3.2808710293351346,0.17023085568092844,0.0,0.17023085568092844,0.0,0.17023085568092844,0.0
10.520000000000183,open,3.214157277958132,0.1933040761162028,0.0,0.1933040761162028,0.0,0.1933040761162028,0.0
10.54000000000019,open,3.1638688649150395,0.21582617761127112,0.0,0.21582617761127112,0.0,0.21582617761127112,0.0
10.560000000000196,open,3.1186744211432043,0.2382903969174052,0.0,0.2382903969174052,0.0,0.2382903969174052,0.0
10.580000000000203,open,3.0875639082079624,0.26014905298281127,0.0,0.26014905298281127,0.0,0.26014905298281127,0.0
10.60000000000021,open,3.0656641032867857,0.28190925805141653,0.0,0.28190925805141653,0.0,0.28190925805141653,0.0
10.620000000000216,open,3.041702074703697,0.30339863418374924,0.0,0.30339863418374924,0.0,0.30339863418374924,0.0
10.640000000000223,open,3.030255518340629,0.3242205251435117,0.0,0.3242205251435117,0.0,0.3242205251435117,0.0
10.66000000000023,open,3.022707397967398,0.34465951377130377,0.0,0.34465951377130377,0.0,0.34465951377130377,0.0
10.680000000000236,open,3.021351724922784,0.36469736806546177,0.0,0.36469736806546177,0.0,0.36469736806546177,0.0
10.700000000000243,open,3.02130378916454,0.384441012824758,0.0,0.384441012824758,0.0,0.384441012824758,0.0
10.72000000000025,open,3.025147484257635,0.4038049853985896,0.0,0.4038049853985896,0.0,0.4038049853985896,0.0
10.740000000000256,open,3.0288120461604584,0.42307210996901445,0.0,0.42307210996901445,0.0,0.42307210996901445,0.0
10.760000000000263,open,3.038516706322275,0.44210013927510927,0.0,0.44210013927510927,0.0,0.44210013927510927,0.0
10.78000000000027,open,3.0455480211920496,0.46084629628994433,0.0,0.46084629628994433,0.0,0.46084629628994433,0.0
10.800000000000276,open,3.057819300052256,0.47929101753665737,0.0,0.47929101753665737,0.0,0.47929101753665737,0.0
10.820000000000283,open,3.0709833028566864,0.4974112317943455,0.0,0.4974112317943455,0.0,0.4974112317943455,0.0
10.84000000000029,open,3.0861432412417757,0.5152163187046008,0.0,0.5152163187046008,0.0,0.5152163187046008,0.0
10.860000000000296,open,3.102265807159949,0.5326995371964359,0.0,0.5326995371964359,0.0,0.5326995371964359,0.0
10.880000000000303,open,3.1204466919137515,0.5498780968391507,0.0,0.5498780968391507,0.0,0.5498780968391507,0.0
10.90000000000031,open,3.141927735718691,0.5667504014097543,0.0,0.5667504014097543,0.0,0.5667504014097543,0.0
10.920000000000316,open,3.1615628386801125,0.5833133992530087,0.0,0.5833133992530087,0.0,0.5833133992530087,0.0
10.940000000000323,open,3.1857284860279975,0.5994454890505446,0.0,0.5994454890505446,0.0,0.5994454890505446,0.0
10.96000000000033,open,3.20967892407116,0.6153958298431141,0.0,0.6153958298431141,0.0,0.6153958298431141,0.0
10.980000000000336,open,3.2348892277000796,0.6310849044903089,0.0,0.6310849044903089,0.0,0.6310849044903089,0.0
11.000000000000343,open,3.260630323416274,0.6465153658986926,0.0,0.6465153658986926,0.0,0.6465153658986926,0.0
11.02000000000035,open,3.2876904587972713,0.6616630723009455,0.0,0.6616630723009455,0.0,0.6616630723009455,0.0
11.040000000000356,open,3.317293815181466,0.6764312962843835,0.0,0.6764312962843835,0.0,0.6764312962843835,0.0
11.060000000000363,open,3.3469398428391273,0.6910126477021089,0.0,0.6910126477021089,0.0,0.6910126477021089,0.0
11.08000000000037,open,3.376115099529362,0.7053572613884322,0.0,0.7053572613884322,0.0,0.7053572613884322,0.0
11.100000000000376,open,3.4074852109814064,0.7193697932735978,0.0,0.7193697932735978,0.0,0.7193697932735978,0.0
11.120000000000383,open,3.439861573050287,0.7331140892940944,0.0,0.7331140892940944,0.0,0.7331140892940944,0.0
11.14000000000039,open,3.473136792578449,0.7466780043057143,0.0,0.7466780043057143,0.0,0.7466780043057143,0.0
11.160000000000396,open,3.5071588268476375,0.7599676619895213,0.0,0.7599676619895213,0.0,0.7599676619895213,0.0
11.180000000000403,open,3.5412793699616363,0.7730155599538268,0.0,0.7730155599538268,0.0,0.7730155599538268,0.0
11.20000000000041,open,3.5777321491413416,0.7858834347289515,0.0,0.7858834347289515,0.0,0.7858834347289515,0.0
11.220000000000416,open,3.61266230784791,0.7985539146759848,0.0,0.7985539146759848,0.0,0.7985539146759848,0.0
11.240000000000423,open,3.648990512344838,0.8109987402389919,0.0,0.8109987402389919,0.0,0.8109987402389919,0.0
11.26000000000043,open,3.6853713534109382,0.8232333229201986,0.0,0.8232333229201986,0.0,0.8232333229201986,0.0
11.280000000000436,open,3.721840344801647,0.8352313896027429,0.0,0.8352313896027429,0.0,0.8352313896027429,0.0
11.300000000000443,open,3.7613468433641004,0.8470185332013633,0.0,0.8470185332013633,0.0,0.8470185332013633,0.0
11.32000000000045,open,3.799738620250386,0.8586157340839053,0.0,0.8586157340839053,0.0,0.8586157340839053,0.0
11.340000000000456,open,3.8392857769022073,0.8699847792355668,0.0,0.8699847792355668,0.0,0.8699847792355668,0.0
11.360000000000463,open,3.878168952731016,0.8811462851329931,0.0,0.8811462851329931,0.0,0.8811462851329931,0.0
11.38000000000047,open,3.9197505619721924,0.8921100517924803,0.0,0.8921100517924803,0.0,0.8921100517924803,0.0
11.400000000000476,open,3.960685017524248,0.9028854589531923,0.0,0.9028854589531923,0.0,0.9028854589531923,0.0
11.420000000000483,open,4.003197076750352,0.9134723105000345,0.0,0.9134723105000345,0.0,0.9134723105000345,0.0
11.44000000000049,open,4.047058826797219,0.9238800804244912,0.0,0.9238800804244912,0.0,0.9238800804244912,0.0
11.460000000000496,open,4.089659102974969,0.9341259347007951,0.0,0.9341259347007951,0.0,0.9341259347007951,0.0
11.480000000000503,open,4.133334947426041,0.9441710775753939,0.0,0.9441710775753939,0.0,0.9441710775753939,0.0
11.50000000000051,open,4.176580862693234,0.9540412164056905,0.0,0.9540412164056905,0.0,0.9540412164056905,0.0
11.520000000000516,open,4.22322669640269,0.9637476551299465,0.0,0.9637476551299465,0.0,0.9637476551299465,0.0
11.540000000000523,open,4.268356515670317,0.9732855301759008,0.0,0.9732855301759008,0.0,0.9732855301759008,0.0
11.56000000000053,open,4.313999591975171,0.9826788514764374,0.0,0.9826788514764374,0.0,0.9826788514764374,0.0
11.580000000000537,open,4.360566393051715,0.9918778472084229,0.0,0.9918778472084229,0.0,0.9918778472084229,0.0
11.600000000000543,open,4.40687797631631,1.000917635212475,0.0,1.000917635212475,0.0,1.000917635212475,0.0
11.62000000000055,open,4.454826292978682,1.0098215116389901,0.0,1.0098215116389901,0.0,1.0098215116389901,0.0
11.640000000000557,open,4.501984927599814,1.0185498810097062,0.0,1.0185498810097062,0.0,1.0185498810097062,0.0
11.660000000000563,open,4.549717082905921,1.0271209983828407,0.0,1.0271209983828407,0.0,1.0271209983828407,0.0
11.68000000000057,open,4.597808810351933,1.0355406040554043,0.0,1.0355406040554043,0.0,1.0355406040554043,0.0
11.700000000000577,open,4.646981451806434,1.0438121832843186,0.0,1.0438121832843186,0.0,1.0438121832843186,0.0
11.720000000000583,open,4.697432537495358,1.0519394943916076,0.0,1.0519394943916076,0.0,1.0519394943916076,0.0
11.74000000000059,open,4.747373492012756,1.0599241045851224,0.0,1.0599241045851224,0.0,1.0599241045851224,0.0
11.760000000000597,open,4.79858900959103,1.0677699702790695,0.0,1.0677699702790695,0.0,1.0677699702790695,0.0
11.780000000000603,open,4.849945453342804,1.0754761500612853,0.0,1.0754761500612853,0.0,1.0754761500612853,0.0
11.80000000000061,open,4.904041274985833,1.0831163216818327,0.0,1.0831163216818327,0.0,1.0831163216818327,0.0
11.820000000000617,open,4.957452427097139,1.0906186690984006,0.0,1.0906186690984006,0.0,1.0906186690984006,0.0
11.840000000000623,open,5.009606057890606,1.0979470266484297,0.0,1.0979470266484297,0.0,1.0979470266484297,0.0
11.86000000000063,open,5.063791732410502,1.1051756428334631,0.0,1.1051756428334631,0.0,1.1051756428334631,0.0
11.880000000000637,open,5.118278571388907,1.112244706921681,0.0,1.112244706921681,0.0,1.112244706921681,0.0
11.900000000000643,open,5.1723958796352365,1.1191812705444166,0.0,1.1191812705444166,0.0,1.1191812705444166,0.0
11.92000000000065,open,5.228070420485837,1.1259928883126291,0.0,1.1259928883126291,0.0,1.1259928883126291,0.0
11.940000000000657,open,5.285400497343663,1.1326833340479017,0.0,1.1326833340479017,0.0,1.1326833340479017,0.0
11.960000000000663,open,5.342493347842982,1.1393373062220338,0.0,1.1393373062220338,0.0,1.1393373062220338,0.0
11.98000000000067,open,5.3995114637628765,1.1458224312862306,0.0,1.1458224312862306,0.0,1.1458224312862306,0.0
12.000000000000677,open,5.458344100608362,1.152173109532607,0.0,1.152173109532607,0.0,1.152173109532607,0.0
12.020000000000683,open,5.519775324961769,1.1585082194583904,0.0,1.1585082194583904,0.0,1.1585082194583904,0.0
12.04000000000069,open,5.578947843307979,1.1647586997749508,0.0,1.1647586997749508,0.0,1.1647586997749508,0.0
12.060000000000697,open,5.639723624449108,1.1708990142133562,0.0,1.1708990142133562,0.0,1.1708990142133562,0.0
12.080000000000704,open,5.699941994489217,1.1768460407128924,0.0,1.1768460407128924,0.0,1.1768460407128924,0.0
12.10000000000071,open,5.763770183963819,1.1827568169136513,0.0,1.1827568169136513,0.0,1.1827568169136513,0.0
12.120000000000717,open,5.826020378229081,1.1885990779405309,0.0,1.1885990779405309,0.0,1.1885990779405309,0.0
12.140000000000724,open,5.8900004192255695,1.1943236463894893,0.0,1.1943236463894893,0.0,1.1943236463894893,0.0
12.16000000000073,open,5.952185983119584,1.1998726020375767,0.0,1.1998726020375767,0.0,1.1998726020375767,0.0
12.180000000000737,open,6.015644721667878,1.2052988368261557,0.0,1.2052988368261557,0.0,1.2052988368261557,0.0
12.200000000000744,open,6.082207598640811,1.210698378326146,0.0,1.210698378326146,0.0,1.210698378326146,0.0
12.22000000000075,open,6.149769166117325,1.2160574060533924,0.0,1.2160574060533924,0.0,1.2160574060533924,0.0
12.240000000000757,open,6.2159756631153416,1.2213429995233138,0.0,1.2213429995233138,0.0,1.2213429995233138,0.0
12.260000000000764,open,6.2829157924680095,1.2264361423214887,0.0,1.2264361423214887,0.0,1.2264361423214887,0.0
12.28000000000077,open,6.351288005374889,1.2314867055945269,0.0,1.2314867055945269,0.0,1.2314867055945269,0.0
12.300000000000777,open,6.418980719283134,1.2363894142744911,0.0,1.2363894142744911,0.0,1.2363894142744911,0.0
12.320000000000784,open,6.487394276278913,1.2411902173674834,0.0,1.2411902173674834,0.0,1.2411902173674834,0.0
12.34000000000079,open,6.556347580685288,1.2459021502172467,0.0,1.2459021502172467,0.0,1.2459021502172467,0.0
12.360000000000797,open,6.626017350275082,1.2505325529016984,0.0,1.2505325529016984,0.0,1.2505325529016984,0.0
12.380000000000804,open,6.698201393937326,1.255165230203873,0.0,1.255165230203873,0.0,1.255165230203873,0.0
12.40000000000081,open,6.769825622364441,1.25966187668863,0.0,1.25966187668863,0.0,1.25966187668863,0.0
12.420000000000817,open,6.841994017252245,1.2640626279603484,0.0,1.2640626279603484,0.0,1.2640626279603484,0.0
12.440000000000824,open,6.916482171137195,1.2684751729942323,0.0,1.2684751729942323,0.0,1.2684751729942323,0.0
12.46000000000083,open,6.993246421464956,1.2728650606270338,0.0,1.2728650606270338,0.0,1.2728650606270338,0.0
12.480000000000837,open,7.070282963035566,1.2772241422171553,0.0,1.2772241422171553,0.0,1.2772241422171553,0.0
12.500000000000844,open,7.148442704776418,1.2815248498334224,0.0,1.2815248498334224,0.0,1.2815248498334224,0.0
12.52000000000085,open,7.22693663474366,1.2857698404054663,0.0,1.2857698404054663,0.0,1.2857698404054663,0.0
12.540000000000857,open,7.306563049216758,1.2899203363708711,0.0,1.2899203363708711,0.0,1.2899203363708711,0.0
12.560000000000864,open,7.384078025818015,1.2938836214644687,0.0,1.2938836214644687,0.0,1.2938836214644687,0.0
12.58000000000087,open,7.461730377171331,1.297735266506616,0.0,1.297735266506616,0.0,1.297735266506616,0.0
12.600000000000877,open,7.543720293869141,1.3016521924749662,0.0,1.3016521924749662,0.0,1.3016521924749662,0.0
12.620000000000884,open,7.628991717185262,1.3057204156157354,0.0,1.3057204156157354,0.0,1.3057204156157354,0.0
12.64000000000089,open,7.714937103001129,1.3097962361078186,0.0,1.3097962361078186,0.0,1.3097962361078186,0.0
12.660000000000897,open,7.800058189792414,1.3136855828449387,0.0,1.3136855828449387,0.0,1.3136855828449387,0.0
12.680000000000904,open,7.8856862731634205,1.3174695012709043,0.0,1.3174695012709043,0.0,1.3174695012709043,0.0
12.70000000000091,open,7.998574010189415,1.3231734144803315,0.0,1.3231734144803315,0.0,1.3231734144803315,0.0
12.720000000000917,open,8.198839072831422,1.3316273276615718,0.0,1.3316273276615718,0.0,1.3316273276615718,0.0
12.740000000000924,open,8.55955230845979,1.3421428751911721,0.0,1.3421428751911721,0.0,1.3421428751911721,0.0
12.76000000000093,open,9.147745548656077,1.3540080659991232,0.0,1.3540080659991232,0.0,1.3540080659991232,0.0
12.780000000000937,open,8.858005121141119,1.3670364688640175,0.0,1.3670364688640175,0.0,1.3670364688640175,0.0
12.800000000000944,open,8.762056807011772,1.3823164063329,0.0,1.3823164063329,0.0,1.3823164063329,0.0
12.82000000000095,open,8.792312974712962,1.3986320367717195,0.0,1.3986320367717195,0.0,1.3986320367717195,0.0
12.840000000000957,open,8.901456558936948,1.4154880925862703,0.0,1.4154880925862703,0.0,1.4154880925862703,0.0
12.860000000000964,open,9.057421781106807,1.432667156008053,0.0,1.432667156008053,0.0,1.432667156008053,0.0
12.88000000000097,open,9.239138136692155,1.450040144589738,0.0,1.450040144589738,0.0,1.450040144589738,0.0
12.900000000000977,open,9.43287298745224,1.4675212242109454,0.0,1.4675212242109454,0.0,1.4675212242109454,0.0
12.920000000000984,open,9.629233904020499,1.4850455775534797,0.0,1.4850455775534797,0.0,1.4850455775534797,0.0
12.94000000000099,open,9.822958206561635,1.5025619337904037,0.0,1.5025619337904037,0.0,1.5025619337904037,0.0
12.960000000000997,open,10.011791933986855,1.520036314955698,0.0,1.520036314955698,0.0,1.520036314955698,0.0
12.980000000001004,open,10.194727363402071,1.5374344622668341,0.0,1.5374344622668341,0.0,1.5374344622668341,0.0
13.00000000000101,open,10.37155319313089,1.5547225889733316,0.0,1.5547225889733316,0.0,1.5547225889733316,0.0
13.020000000001017,open,10.542638101647487,1.571872701373145,0.0,1.571872701373145,0.0,1.571872701373145,0.0
13.040000000001024,open,10.708577042498769,1.5888577782956717,0.0,1.5888577782956717,0.0,1.5888577782956717,0.0
13.06000000000103,open,10.87001234796049,1.6056591019306425,0.0,1.6056591019306425,0.0,1.6056591019306425,0.0
13.080000000001037,open,11.02754814281595,1.622263511640368,0.0,1.622263511640368,0.0,1.622263511640368,0.0
13.100000000001044,open,11.18155524048022,1.6386621109800212,0.0,1.6386621109800212,0.0,1.6386621109800212,0.0
13.12000000000105,open,11.530448899671105,1.6493911351719646,0.0,1.6493911351719646,0.0,1.6493911351719646,0.0
13.140000000001058,open,12.188221592059241,1.6563733641557752,0.0,1.6563733641557752,0.0,1.6563733641557752,0.0
13.160000000001064,open,13.195560670924227,1.6605834342506531,0.0,1.6605834342506531,0.0,1.6605834342506531,0.0
13.18000000000107,open,14.473452240814007,1.662675873932179,0.0,1.662675873932179,0.0,1.662675873932179,0.0
13.200000000001078,open,13.395960747686262,1.663817283806622,0.0,1.663817283806622,0.0,1.663817283806622,0.0
13.220000000001084,open,12.511215300286585,1.664665558074859,0.0,1.664665558074859,0.0,1.664665558074859,0.0
13.240000000001091,open,11.788845096889709,1.665379159165236,0.0,1.665379159165236,0.0,1.665379159165236,0.0
13.260000000001098,open,11.206203970616958,1.6658147227828555,0.0,1.6658147227828555,0.0,1.6658147227828555,0.0
13.280000000001104,open,10.711802443047292,1.6659951788208953,0.0,1.6659951788208953,0.0,1.6659951788208953,0.0
13.300000000001111,open,10.284611726340914,1.6661184535844824,0.0,1.6661184535844824,0.0,1.6661184535844824,0.0
13.320000000001118,open,9.940894438892524,1.666310200739228,0.0,1.666310200739228,0.0,1.666310200739228,0.0
13.340000000001124,open,9.655900620787804,1.6666011842450108,0.0,1.6666011842450108,0.0,1.6666011842450108,0.0
13.360000000001131,open,9.423510193983741,1.666607631395031,0.0,1.666607631395031,0.0,1.666607631395031,0.0
13.380000000001138,open,9.225088934126461,1.666513282335891,0.0,1.666513282335891,0.0,1.666513282335891,0.0
13.400000000001144,open,9.040650823480625,1.6663369489307434,0.0,1.6663369489307434,0.0,1.6663369489307434,0.0
13.420000000001151,open,8.882224559661571,1.6660218075975395,0.0,1.6660218075975395,0.0,1.6660218075975395,0.0
13.440000000001158,open,8.741790662333823,1.665659009900293,0.0,1.665659009900293,0.0,1.665659009900293,0.0
13.460000000001164,open,8.616070221383952,1.6652786310155219,0.0,1.6652786310155219,0.0,1.6652786310155219,0.0
13.480000000001171,open,8.502505662860772,1.6648902373205299,0.0,1.6648902373205299,0.0,1.6648902373205299,0.0
13.500000000001178,open,8.399000849123144,1.6644974452447805,0.0,1.6644974452447805,0.0,1.6644974452447805,0.0
13.520000000001184,open,8.31791697177414,1.6639635490191373,0.0,1.6639635490191373,0.0,1.6639635490191373,0.0
13.540000000001191,open,8.221067103366458,1.6634987856224315,0.0,1.6634987856224315,0.0,1.6634987856224315,0.0
13.560000000001198,open,8.141650793699762,1.6629955591519423,0.0,1.6629955591519423,0.0,1.6629955591519423,0.0
13.580000000001204,open,8.062307851757694,1.6625697474532004,0.0,1.6625697474532004,0.0,1.6625697474532004,0.0
13.600000000001211,open,8.001030644111097,1.6620358802141215,0.0,1.6620358802141215,0.0,1.6620358802141215,0.0
13.620000000001218,open,7.921193512854414,1.6615871749267046,0.0,1.6615871749267046,0.0,1.6615871749267046,0.0
13.640000000001224,open,7.855815812899002,1.6610986896119668,0.0,1.6610986896119668,0.0,1.6610986896119668,0.0
13.660000000001231,open,7.786683814423558,1.660710330015589,0.0,1.660710330015589,0.0,1.660710330015589,0.0
13.680000000001238,open,7.7229294329116485,1.6603375122497996,0.0,1.6603375122497996,0.0,1.6603375122497996,0.0
13.700000000001245,open,7.678070575165319,1.659864700270396,0.0,1.659864700270396,0.0,1.659864700270396,0.0
13.720000000001251,open,7.621657231811648,1.6593687812086293,0.0,1.6593687812086293,0.0,1.6593687812086293,0.0
13.740000000001258,open,7.557311188400062,1.6589749901806514,0.0,1.6589749901806514,0.0,1.6589749901806514,0.0
13.760000000001265,open,7.504503030297115,1.6585529222486393,0.0,1.6585529222486393,0.0,1.6585529222486393,0.0
13.780000000001271,open,7.4525079321365855,1.6581086619516983,0.0,1.6581086619516983,0.0,1.6581086619516983,0.0
13.800000000001278,open,7.39402468801326,1.657698168456965,0.0,1.657698168456965,0.0,1.657698168456965,0.0
13.820000000001285,open,7.349129112442116,1.6572391652145055,0.0,1.6572391652145055,0.0,1.6572391652145055,0.0
13.840000000001291,open,7.29836878834529,1.6567865645197124,0.0,1.6567865645197124,0.0,1.6567865645197124,0.0
13.860000000001298,open,7.247199804485785,1.656346824750062,0.0,1.656346824750062,0.0,1.656346824750062,0.0
13.880000000001305,open,7.191577788528139,1.6559073143463905,0.0,1.6559073143463905,0.0,1.6559073143463905,0.0
13.900000000001311,open,7.148199005864271,1.6554444490574503,0.0,1.6554444490574503,0.0,1.6554444490574503,0.0
13.920000000001318,open,7.094229415816682,1.6549922905829955,0.0,1.6549922905829955,0.0,1.6549922905829955,0.0
13.940000000001325,open,7.05151521677697,1.6545293681733009,0.0,1.6545293681733009,0.0,1.6545293681733009,0.0
13.960000000001331,open,7.003249625698603,1.6540881889718015,0.0,1.6540881889718015,0.0,1.6540881889718015,0.0
13.980000000001338,open,6.956331952366932,1.653618154175512,0.0,1.653618154175512,0.0,1.653618154175512,0.0
14.000000000001345,open,6.908983938138118,1.6531744489138298,0.0,1.6531744489138298,0.0,1.6531744489138298,0.0
14.020000000001351,open,6.862248109304498,1.6527422268878884,0.0,1.6527422268878884,0.0,1.6527422268878884,0.0
14.040000000001358,open,6.816163009056189,1.6523164312630814,0.0,1.6523164312630814,0.0,1.6523164312630814,0.0
14.060000000001365,open,6.770737811935939,1.651895934086014,0.0,1.651895934086014,0.0,1.651895934086014,0.0
14.080000000001371,open,6.726885440631649,1.651416649897969,0.0,1.651416649897969,0.0,1.651416649897969,0.0
14.100000000001378,open,6.686360658277868,1.6509860639410765,0.0,1.6509860639410765,0.0,1.6509860639410765,0.0
14.120000000001385,open,6.648360094171406,1.6504632721685946,0.0,1.6504632721685946,0.0,1.6504632721685946,0.0
14.140000000001391,open,6.5981609244094885,1.6501495766802423,0.0,1.6501495766802423,0.0,1.6501495766802423,0.0
14.160000000001398,open,6.557189952931405,1.6497691903748724,0.0,1.6497691903748724,0.0,1.6497691903748724,0.0
14.180000000001405,open,6.516930735375391,1.6493650462188887,0.0,1.6493650462188887,0.0,1.6493650462188887,0.0
14.200000000001411,open,6.472877415500548,1.6490037597965317,0.0,1.6490037597965317,0.0,1.6490037597965317,0.0
14.220000000001418,open,6.433010431228445,1.6486471762240127,0.0,1.6486471762240127,0.0,1.6486471762240127,0.0
14.240000000001425,open,6.39523482592353,1.6482424944508898,0.0,1.6482424944508898,0.0,1.6482424944508898,0.0
14.260000000001432,open,6.357049819593774,1.647915876177817,0.0,1.647915876177817,0.0,1.647915876177817,0.0
14.280000000001438,open,6.327338759745713,1.647447680274331,0.0,1.647447680274331,0.0,1.647447680274331,0.0
14.300000000001445,open,6.29309285803385,1.647166373422209,0.0,1.647166373422209,0.0,1.647166373422209,0.0
14.320000000001452,open,6.255827221307732,1.646811280532055,0.0,1.646811280532055,0.0,1.646811280532055,0.0
14.340000000001458,open,6.225726311394715,1.6464995973030214,0.0,1.6464995973030214,0.0,1.6464995973030214,0.0
14.360000000001465,open,6.190590377402679,1.6462695986225024,0.0,1.6462695986225024,0.0,1.6462695986225024,0.0
14.380000000001472,open,6.1608621991948604,1.6459753019667698,0.0,1.6459753019667698,0.0,1.6459753019667698,0.0
14.400000000001478,open,6.124971790685583,1.645748117326907,0.0,1.645748117326907,0.0,1.645748117326907,0.0
14.420000000001485,open,6.093852071198668,1.6455400301270389,0.0,1.6455400301270389,0.0,1.6455400301270389,0.0
14.440000000001492,open,6.063025956222455,1.6453366838427481,0.0,1.6453366838427481,0.0,1.6453366838427481,0.0
14.460000000001498,open,6.030062690641384,1.6451659026918024,0.0,1.6451659026918024,0.0,1.6451659026918024,0.0
14.480000000001505,open,6.010708724004058,1.6449111631802897,0.0,1.6449111631802897,0.0,1.6449111631802897,0.0
14.500000000001512,open,5.986845630081674,1.6447041009467716,0.0,1.6447041009467716,0.0,1.6447041009467716,0.0
14.520000000001518,open,5.9683852091302025,1.644485921324431,0.0,1.644485921324431,0.0,1.644485921324431,0.0
14.540000000001525,open,5.94600299238033,1.644332324815386,0.0,1.644332324815386,0.0,1.644332324815386,0.0
14.560000000001532,open,5.922568913156202,1.6441884698774396,0.0,1.6441884698774396,0.0,1.6441884698774396,0.0
14.580000000001538,open,5.9030800289936,1.6440406041787876,0.0,1.6440406041787876,0.0,1.6440406041787876,0.0
14.600000000001545,open,5.883479366835841,1.6439748659238544,0.0,1.6439748659238544,0.0,1.6439748659238544,0.0
14.620000000001552,open,5.862828524052588,1.6439544379741793,0.0,1.6439544379741793,0.0,1.6439544379741793,0.0
14.640000000001558,open,5.846505437595821,1.6438770170767412,0.0,1.6438770170767412,0.0,1.6438770170767412,0.0
14.660000000001565,open,5.836059408311265,1.6437440779838692,0.0,1.6437440779838692,0.0,1.6437440779838692,0.0
14.680000000001572,open,5.823130472049001,1.6437293655389291,0.0,1.6437293655389291,0.0,1.6437293655389291,0.0
14.700000000001578,open,5.817940652806089,1.643584353946682,0.0,1.643584353946682,0.0,1.643584353946682,0.0
14.720000000001585,open,5.806069223081285,1.6435476974280607,0.0,1.6435476974280607,0.0,1.6435476974280607,0.0
14.740000000001592,open,5.793844457478474,1.6436237130710007,0.0,1.6436237130710007,0.0,1.6436237130710007,0.0
14.760000000001599,open,5.788907514942569,1.6436572996414764,0.0,1.6436572996414764,0.0,1.6436572996414764,0.0
14.780000000001605,open,5.787945761510536,1.643571982903989,0.0,1.643571982903989,0.0,1.643571982903989,0.0
14.800000000001612,open,5.785817021982829,1.643502561071283,0.0,1.643502561071283,0.0,1.643502561071283,0.0
14.820000000001619,open,5.7808842182532185,1.6436251090938327,0.0,1.6436251090938327,0.0,1.6436251090938327,0.0
14.840000000001625,open,5.780025231263896,1.6437684072314327,0.0,1.6437684072314327,0.0,1.6437684072314327,0.0
14.860000000001632,open,5.783887060498762,1.6438228959889567,0.0,1.6438228959889567,0.0,1.6438228959889567,0.0
14.880000000001639,open,5.786987404019247,1.6439442326576215,0.0,1.6439442326576215,0.0,1.6439442326576215,0.0
14.900000000001645,open,5.791919594524895,1.6441512227061852,0.0,1.6441512227061852,0.0,1.6441512227061852,0.0
14.920000000001652,open,5.800992193259005,1.64426655943885,0.0,1.64426655943885,0.0,1.64426655943885,0.0
14.940000000001659,open,5.810800339435806,1.6443552817695333,0.0,1.6443552817695333,0.0,1.6443552817695333,0.0
14.960000000001665,open,5.824805343702459,1.6443142981660888,0.0,1.6443142981660888,0.0,1.6443142981660888,0.0
14.980000000001672,open,5.837815261452182,1.6444483443493723,0.0,1.6444483443493723,0.0,1.6444483443493723,0.0
15.000000000001679,open,5.854245218740522,1.6445954432135936,0.0,1.6445954432135936,0.0,1.6445954432135936,0.0
15.020000000001685,open,5.873484640614374,1.6445630786302625,0.0,1.6445630786302625,0.0,1.6445630786302625,0.0
15.040000000001692,open,5.894351290067424,1.6446674088242934,0.0,1.6446674088242934,0.0,1.6446674088242934,0.0
15.060000000001699,open,5.918013992377341,1.64463120767027,0.0,1.64463120767027,0.0,1.64463120767027,0.0
15.080000000001705,open,5.943372546784214,1.6428745436911893,0.0,1.6428745436911893,0.0,1.6428745436911893,0.0
15.100000000001712,open,5.9791491510237105,1.625953200167681,0.0,1.625953200167681,0.0,1.625953200167681,0.0
15.120000000001719,open,6.022062568426365,1.6021099890165793,0.0,1.6021099890165793,0.0,1.6021099890165793,0.0
15.140000000001725,open,6.066336492838204,1.5763634935619526,0.0,1.5763634935619526,0.0,1.5763634935619526,0.0
15.160000000001732,open,6.1132464994774045,1.549951126356599,0.0,1.549951126356599,0.0,1.549951126356599,0.0
15.180000000001739,open,6.163718287574877,1.5234530367886787,0.0,1.5234530367886787,0.0,1.5234530367886787,0.0
15.200000000001745,open,6.216273609587891,1.497334291294597,0.0,1.497334291294597,0.0,1.497334291294597,0.0
15.220000000001752,open,6.270504687434439,1.4717446636391802,0.0,1.4717446636391802,0.0,1.4717446636391802,0.0
15.240000000001759,open,6.323257472665414,1.4466216414231625,0.0,1.4466216414231625,0.0,1.4466216414231625,0.0
15.260000000001765,open,6.379986969105314,1.4219402044021536,0.0,1.4219402044021536,0.0,1.4219402044021536,0.0
15.280000000001772,open,6.438925748557592,1.3977078947940826,0.0,1.3977078947940826,0.0,1.3977078947940826,0.0
15.300000000001779,open,6.4973832311185,1.373945622913359,0.0,1.373945622913359,0.0,1.373945622913359,0.0
15.320000000001786,open,6.558752238245468,1.3506940888309387,0.0,1.3506940888309387,0.0,1.3506940888309387,0.0
15.340000000001792,open,6.621785524613118,1.3279528362035418,0.0,1.3279528362035418,0.0,1.3279528362035418,0.0
15.360000000001799,open,6.6830303896384375,1.3057562291337548,0.0,1.3057562291337548,0.0,1.3057562291337548,0.0
15.380000000001806,open,6.745932406901927,1.2839227039399053,0.0,1.2839227039399053,0.0,1.2839227039399053,0.0
15.400000000001812,open,6.811305532231854,1.2625224447151635,0.0,1.2625224447151635,0.0,1.2625224447151635,0.0
15.420000000001819,open,6.875813160155937,1.241543336861275,0.0,1.241543336861275,0.0,1.241543336861275,0.0
15.440000000001826,open,6.941058949713201,1.2208707010254531,0.0,1.2208707010254531,0.0,1.2208707010254531,0.0
15.460000000001832,open,7.011843892458202,1.2006466512758664,0.0,1.2006466512758664,0.0,1.2006466512758664,0.0
15.480000000001839,open,7.079832789684226,1.180803531097316,0.0,1.180803531097316,0.0,1.180803531097316,0.0
15.500000000001846,open,7.1492248271286885,1.161401170056349,0.0,1.161401170056349,0.0,1.161401170056349,0.0
15.520000000001852,open,7.219565149231868,1.142397504458714,0.0,1.142397504458714,0.0,1.142397504458714,0.0
15.540000000001859,open,7.290669254279692,1.1237673175123222,0.0,1.1237673175123222,0.0,1.1237673175123222,0.0
15.560000000001866,open,7.3624121645143745,1.1054997700117968,0.0,1.1054997700117968,0.0,1.1054997700117968,0.0
15.580000000001872,open,7.434735191978404,1.0875875229713567,0.0,1.0875875229713567,0.0,1.0875875229713567,0.0
15.600000000001879,open,7.507595851784261,1.070023120404574,0.0,1.070023120404574,0.0,1.070023120404574,0.0
15.620000000001886,open,7.722366891191781,1.0486977766291203,0.0,1.0486977766291203,0.0,1.0486977766291203,0.0
15.640000000001892,open,8.143017011376319,1.0246471201710836,0.0,1.0246471201710836,0.0,1.0246471201710836,0.0
15.660000000001899,open,8.789607841465962,1.0001709150095592,0.0,1.0001709150095592,0.0,1.0001709150095592,0.0
15.680000000001906,open,9.700636696412504,0.9738341195873554,0.0,0.9738341195873554,0.0,0.9738341195873554,0.0
15.700000000001912,open,9.140429156692479,0.9454306052544625,0.0,0.9454306052544625,0.0,0.9454306052544625,0.0
15.720000000001919,open,8.791341711388375,0.9159626527459842,0.0,0.9159626527459842,0.0,0.9159626527459842,0.0
15.740000000001926,open,8.601283521049332,0.8858477885309045,0.0,0.8858477885309045,0.0,0.8858477885309045,0.0
15.760000000001932,open,8.52459334258575,0.8552727791945979,0.0,0.8552727791945979,0.0,0.8552727791945979,0.0
15.78000000000194,open,8.525570122313878,0.824362801956469,0.0,0.824362801956469,0.0,0.824362801956469,0.0
15.800000000001946,open,8.579286685630581,0.7932418310473557,0.0,0.7932418310473557,0.0,0.7932418310473557,0.0
15.820000000001953,open,8.668501855962909,0.7620237303883782,0.0,0.7620237303883782,0.0,0.7620237303883782,0.0
15.84000000000196,open,8.781304430710401,0.7308037288080941,0.0,0.7308037288080941,0.0,0.7308037288080941,0.0
15.860000000001966,open,8.908910051711953,0.6996616129531579,0.0,0.6996616129531579,0.0,0.6996616129531579,0.0
15.880000000001973,open,8.65448560560509,0.6764397069988602,0.0,0.6764397069988602,0.0,0.6764397069988602,0.0
15.90000000000198,open,8.814812053283823,0.6532546518473642,0.0,0.6532546518473642,0.0,0.6532546518473642,0.0
15.920000000001986,open,8.6847624567553,0.6327566406530131,0.0,0.6327566406530131,0.0,0.6327566406530131,0.0
15.940000000001993,open,8.627568805210437,0.6164165690433292,0.0,0.6164165690433292,0.0,0.6164165690433292,0.0
15.960000000002,open,8.525360777708526,0.6013670525521834,0.0,0.6013670525521834,0.0,0.6013670525521834,0.0
15.980000000002006,open,8.49545977880734,0.5867197302179896,0.0,0.5867197302179896,0.0,0.5867197302179896,0.0
16.00000000000201,open,8.475844573143283,0.5713677981480482,0.0,0.5713677981480482,0.0,0.5713677981480482,0.0
16.020000000002,open,8.411694980805851,0.556676094313635,0.0,0.556676094313635,0.0,0.556676094313635,0.0
16.04000000000199,open,8.941525166972239,0.5413794655652647,0.0,0.5413794655652647,0.0,0.5413794655652647,0.0
16.060000000001978,open,9.81449895337285,0.5231715419761871,0.0,0.5231715419761871,0.0,0.5231715419761871,0.0
16.080000000001966,open,11.054173875861734,0.505018857453359,0.0,0.505018857453359,0.0,0.505018857453359,0.0
16.100000000001955,open,12.548313375218013,0.48798905971293216,0.0,0.48798905971293216,0.0,0.48798905971293216,0.0
16.120000000001944,open,11.561778373659251,0.47187894679691483,0.0,0.47187894679691483,0.0,0.47187894679691483,0.0
16.140000000001933,open,10.756344709515895,0.45620756727354483,0.0,0.45620756727354483,0.0,0.45620756727354483,0.0
16.160000000001922,open,10.060365605383193,0.4406569796623244,0.0,0.4406569796623244,0.0,0.4406569796623244,0.0
16.18000000000191,open,9.548571303506659,0.4259508173211303,0.0,0.4259508173211303,0.0,0.4259508173211303,0.0
16.2000000000019,open,9.076125311740688,0.4109948833667398,0.0,0.4109948833667398,0.0,0.4109948833667398,0.0
16.22000000000189,open,8.758177233013495,0.3970003410214172,0.0,0.3970003410214172,0.0,0.3970003410214172,0.0
16.240000000001878,open,8.457245264760326,0.3828314235266637,0.0,0.3828314235266637,0.0,0.3828314235266637,0.0
16.260000000001867,open,8.225576437084577,0.3692504075989223,0.0,0.3692504075989223,0.0,0.3692504075989223,0.0
16.280000000001856,open,8.038008973664788,0.35605074776591156,0.0,0.35605074776591156,0.0,0.35605074776591156,0.0
16.300000000001845,open,7.885464579938566,0.3431244757430151,0.0,0.3431244757430151,0.0,0.3431244757430151,0.0
16.320000000001833,open,7.761577001299491,0.3304375998168795,0.0,0.3304375998168795,0.0,0.3304375998168795,0.0
16.340000000001822,open,7.661235069563242,0.3179800519304262,0.0,0.3179800519304262,0.0,0.3179800519304262,0.0
16.36000000000181,open,7.580261080166614,0.30574731060147486,0.0,0.30574731060147486,0.0,0.30574731060147486,0.0
16.3800000000018,open,7.512713858643436,0.2936778205453801,0.0,0.2936778205453801,0.0,0.2936778205453801,0.0
16.40000000000179,open,7.457886109321541,0.2818059661118825,0.0,0.2818059661118825,0.0,0.2818059661118825,0.0
16.420000000001778,open,7.444367204360767,0.27063694933188354,0.0,0.27063694933188354,0.0,0.27063694933188354,0.0
16.440000000001767,open,7.404593766820639,0.25928101607439974,0.0,0.25928101607439974,0.0,0.25928101607439974,0.0
16.460000000001756,open,7.374795349570852,0.24804990098047647,0.0,0.24804990098047647,0.0,0.24804990098047647,0.0
16.480000000001745,open,7.374714657180032,0.23742127368624183,0.0,0.23742127368624183,0.0,0.23742127368624183,0.0
16.500000000001734,open,7.352076678749714,0.22662879667640196,0.0,0.22662879667640196,0.0,0.22662879667640196,0.0
16.520000000001723,open,7.352037666397799,0.21629950205553647,0.0,0.21629950205553647,0.0,0.21629950205553647,0.0
16.54000000000171,open,7.34053021125945,0.20590302159286514,0.0,0.20590302159286514,0.0,0.20590302159286514,0.0
16.5600000000017,open,7.34826838615355,0.19597617297158204,0.0,0.19597617297158204,0.0,0.19597617297158204,0.0
16.58000000000169,open,7.3541728122897165,0.18612459334862386,0.0,0.18612459334862386,0.0,0.18612459334862386,0.0
16.60000000000168,open,7.339033358055806,0.17640348836624975,0.0,0.17640348836624975,0.0,0.17640348836624975,0.0
16.620000000001667,open,7.352419050829505,0.16704204409802928,0.0,0.16704204409802928,0.0,0.16704204409802928,0.0
16.640000000001656,open,7.352357325416222,0.1576737684223699,0.0,0.1576737684223699,0.0,0.1576737684223699,0.0
16.660000000001645,open,7.353262625731083,0.1483765156477856,0.0,0.1483765156477856,0.0,0.1483765156477856,0.0
16.680000000001634,open,7.367345912168831,0.13948812688840118,0.0,0.13948812688840118,0.0,0.13948812688840118,0.0
16.700000000001623,open,7.376346971189274,0.1306988533875494,0.0,0.1306988533875494,0.0,0.1306988533875494,0.0
16.720000000001612,open,7.377740565208352,0.12182078716527658,0.0,0.12182078716527658,0.0,0.12182078716527658,0.0
16.7400000000016,open,7.3952911284581,0.11338985847388273,0.0,0.11338985847388273,0.0,0.11338985847388273,0.0
16.76000000000159,open,7.392570816351719,0.10474358202570443,0.0,0.10474358202570443,0.0,0.10474358202570443,0.0
16.78000000000158,open,7.415737679805968,0.09665100802785444,0.0,0.09665100802785444,0.0,0.09665100802785444,0.0
16.800000000001567,open,7.431740069718278,0.08857144290962787,0.0,0.08857144290962787,0.0,0.08857144290962787,0.0
16.820000000001556,open,7.427399492720087,0.08054070294220564,0.0,0.08054070294220564,0.0,0.08054070294220564,0.0
16.840000000001545,open,7.42507558917514,0.07245982285864387,0.0,0.07245982285864387,0.0,0.07245982285864387,0.0
16.860000000001534,open,7.454258664074078,0.0649393381577694,0.0,0.0649393381577694,0.0,0.0649393381577694,0.0
16.880000000001523,open,7.479410198270608,0.05745658588357635,0.0,0.05745658588357635,0.0,0.05745658588357635,0.0
16.900000000001512,open,7.4701773144622825,0.04977159239165771,0.0,0.04977159239165771,0.0,0.04977159239165771,0.0
16.9200000000015,open,7.492282200597389,0.04250428284673417,0.0,0.04250428284673417,0.0,0.04250428284673417,0.0
16.94000000000149,open,7.502620127821037,0.03525061102659712,0.0,0.03525061102659712,0.0,0.03525061102659712,0.0
16.96000000000148,open,7.504720087972522,0.02792011458584093,0.0,0.02792011458584093,0.0,0.02792011458584093,0.0
16.980000000001468,open,7.5361735217227315,0.0212004646850509,0.0,0.0212004646850509,0.0,0.0212004646850509,0.0
17.000000000001457,open,7.543415009101398,0.01421762575124026,0.0,0.01421762575124026,0.0,0.01421762575124026,0.0
17.020000000001446,open,7.547405583826075,0.007199178372434264,0.0,0.007199178372434264,0.0,0.007199178372434264,0.0
17.040000000001434,open,7.579763694500465,0.0008157074863617236,0.0,0.0008157074863617236,0.0,0.0008157074863617236,0.0
17.060000000001423,open,7.588893987650122,-0.00583179106517398,0.0,-0.00583179106517398,0.0,-0.00583179106517398,0.0
17.080000000001412,open,7.602829854444686,-0.012396639718218267,0.0,-0.012396639718218267,0.0,-0.012396639718218267,0.0
17.1000000000014,open,7.610130674856201,-0.018969201205853475,0.0,-0.018969201205853475,0.0,-0.018969201205853475,0.0
17.12000000000139,open,7.622061272602265,-0.02540264489414283,0.0,-0.02540264489414283,0.0,-0.02540264489414283,0.0
17.14000000000138,open,7.647130312343692,-0.03154305533956203,0.0,-0.03154305533956203,0.0,-0.03154305533956203,0.0
17.160000000001368,open,7.666035739309902,-0.03767447250781057,0.0,-0.03767447250781057,0.0,-0.03767447250781057,0.0
17.180000000001357,open,7.695659809659245,-0.04338573063071735,0.0,-0.04338573063071735,0.0,-0.04338573063071735,0.0
17.200000000001346,open,7.709620767535676,-0.04935494790780837,0.0,-0.04935494790780837,0.0,-0.04935494790780837,0.0
17.220000000001335,open,7.728216869739868,-0.055228400425021244,0.0,-0.055228400425021244,0.0,-0.055228400425021244,0.0
17.240000000001324,open,7.747783588278289,-0.06099404501340674,0.0,-0.06099404501340674,0.0,-0.06099404501340674,0.0
17.260000000001313,open,7.768062476949214,-0.06666373335832483,0.0,-0.06666373335832483,0.0,-0.06666373335832483,0.0
17.2800000000013,open,7.7890191094226155,-0.07224305409088169,0.0,-0.07224305409088169,0.0,-0.07224305409088169,0.0
17.30000000000129,open,7.794579628792372,-0.07811921976955263,0.0,-0.07811921976955263,0.0,-0.07811921976955263,0.0
17.32000000000128,open,7.8312004959141035,-0.08326092342346454,0.0,-0.08326092342346454,0.0,-0.08326092342346454,0.0
17.340000000001268,open,7.853297310224249,-0.08865166613335118,0.0,-0.08865166613335118,0.0,-0.08865166613335118,0.0
17.360000000001257,open,7.874234497291454,-0.094077896832861,0.0,-0.094077896832861,0.0,-0.094077896832861,0.0
17.380000000001246,open,7.8996675914953105,-0.09930289072125734,0.0,-0.09930289072125734,0.0,-0.09930289072125734,0.0
17.400000000001235,open,7.911330579315586,-0.1047841762528519,0.0,-0.1047841762528519,0.0,-0.1047841762528519,0.0
17.420000000001224,open,7.945546797790989,-0.1098711177879158,0.0,-0.1098711177879158,0.0,-0.1098711177879158,0.0
17.440000000001213,open,7.961197722423328,-0.11521461249524384,0.0,-0.11521461249524384,0.0,-0.11521461249524384,0.0
17.4600000000012,open,7.992808814481857,-0.12022891551152153,0.0,-0.12022891551152153,0.0,-0.12022891551152153,0.0
17.48000000000119,open,8.031507351506104,-0.12487712694925947,0.0,-0.12487712694925947,0.0,-0.12487712694925947,0.0
17.50000000000118,open,8.047141895912251,-0.1300396169477349,0.0,-0.1300396169477349,0.0,-0.1300396169477349,0.0
17.52000000000117,open,8.08302048651339,-0.13489438232636675,0.0,-0.13489438232636675,0.0,-0.13489438232636675,0.0
17.540000000001157,open,8.107704835456143,-0.1398153947732463,0.0,-0.1398153947732463,0.0,-0.1398153947732463,0.0
17.560000000001146,open,8.151517059504693,-0.14406132371271407,0.0,-0.14406132371271407,0.0,-0.14406132371271407,0.0
17.580000000001135,open,8.180601564795023,-0.1488349230046643,0.0,-0.1488349230046643,0.0,-0.1488349230046643,0.0
17.600000000001124,open,8.20608262311746,-0.15366643864211604,0.0,-0.15366643864211604,0.0,-0.15366643864211604,0.0
17.620000000001113,open,8.249145770129465,-0.1580220148324828,0.0,-0.1580220148324828,0.0,-0.1580220148324828,0.0
17.640000000001102,open,8.283778859327127,-0.16250660272154802,0.0,-0.16250660272154802,0.0,-0.16250660272154802,0.0
17.66000000000109,open,8.318572948611022,-0.16696998675612013,0.0,-0.16696998675612013,0.0,-0.16696998675612013,0.0
17.68000000000108,open,8.349672921404663,-0.17149589364818962,0.0,-0.17149589364818962,0.0,-0.17149589364818962,0.0
17.70000000000107,open,8.397074026833064,-0.1754507086383732,0.0,-0.1754507086383732,0.0,-0.1754507086383732,0.0
17.720000000001058,open,8.430657260983251,-0.17987865769512607,0.0,-0.17987865769512607,0.0,-0.17987865769512607,0.0
17.740000000001046,open,8.465639500609898,-0.18426369300428094,0.0,-0.18426369300428094,0.0,-0.18426369300428094,0.0
17.760000000001035,open,8.51551483806284,-0.18800792453808615,0.0,-0.18800792453808615,0.0,-0.18800792453808615,0.0
17.780000000001024,open,8.55252176855785,-0.19220364867077766,0.0,-0.19220364867077766,0.0,-0.19220364867077766,0.0
17.800000000001013,open,8.592338057825062,-0.19633641035335173,0.0,-0.19633641035335173,0.0,-0.19633641035335173,0.0
17.820000000001002,open,8.632129658657075,-0.20041202054097002,0.0,-0.20041202054097002,0.0,-0.20041202054097002,0.0
17.84000000000099,open,8.683670038340285,-0.20407814219486167,0.0,-0.20407814219486167,0.0,-0.20407814219486167,0.0
17.86000000000098,open,8.720782158229147,-0.20814771018650832,0.0,-0.20814771018650832,0.0,-0.20814771018650832,0.0
17.88000000000097,open,8.765210584747154,-0.2121653664122349,0.0,-0.2121653664122349,0.0,-0.2121653664122349,0.0
17.900000000000958,open,8.819492391166046,-0.21534614401131608,0.0,-0.21534614401131608,0.0,-0.21534614401131608,0.0
17.920000000000947,open,8.856954057583915,-0.2194269878870525,0.0,-0.2194269878870525,0.0,-0.2194269878870525,0.0
17.940000000000936,open,8.91314876183611,-0.22264276303604005,0.0,-0.22264276303604005,0.0,-0.22264276303604005,0.0
17.960000000000925,open,8.956354983467248,-0.2264243584349959,0.0,-0.2264243584349959,0.0,-0.2264243584349959,0.0
17.980000000000913,open,9.005989275184431,-0.2343207315556042,0.0,-0.2343207315556042,0.0,-0.2343207315556042,0.0
18.000000000000902,open,9.061060306732696,-0.258031463115923,0.0,-0.258031463115923,0.0,-0.258031463115923,0.0
18.02000000000089,open,9.122095503569238,-0.28659120560544604,0.0,-0.28659120560544604,0.0,-0.28659120560544604,0.0
18.04000000000088,open,9.171343278315625,-0.3167541912704096,0.0,-0.3167541912704096,0.0,-0.3167541912704096,0.0
18.06000000000087,open,9.230222270849701,-0.34651904522898397,0.0,-0.34651904522898397,0.0,-0.34651904522898397,0.0
18.080000000000858,open,9.292761442196264,-0.3754053526145508,0.0,-0.3754053526145508,0.0,-0.3754053526145508,0.0
18.100000000000847,open,9.345340729782103,-0.40433829230671237,0.0,-0.40433829230671237,0.0,-0.40433829230671237,0.0
18.120000000000836,open,9.40501017623357,-0.4325233973393689,0.0,-0.4325233973393689,0.0,-0.4325233973393689,0.0
18.140000000000825,open,9.468135188459236,-0.45979376100604064,0.0,-0.45979376100604064,0.0,-0.45979376100604064,0.0
18.160000000000814,open,9.522317710128055,-0.48727359977562523,0.0,-0.48727359977562523,0.0,-0.48727359977562523,0.0
18.180000000000803,open,9.584618749101104,-0.5137177228474211,0.0,-0.5137177228474211,0.0,-0.5137177228474211,0.0
18.20000000000079,open,9.643937870660121,-0.540113706122384,0.0,-0.540113706122384,0.0,-0.540113706122384,0.0
18.22000000000078,open,9.704820030646806,-0.5659345617335885,0.0,-0.5659345617335885,0.0,-0.5659345617335885,0.0
18.24000000000077,open,9.76877973977773,-0.5905429574050635,0.0,-0.5905429574050635,0.0,-0.5905429574050635,0.0
18.26000000000076,open,9.82753164323109,-0.6158434818233701,0.0,-0.6158434818233701,0.0,-0.6158434818233701,0.0
18.280000000000747,open,9.892880081668102,-0.6400393135305545,0.0,-0.6400393135305545,0.0,-0.6400393135305545,0.0
18.300000000000736,open,9.959900815148487,-0.6638184454333192,0.0,-0.6638184454333192,0.0,-0.6638184454333192,0.0
18.320000000000725,open,10.024554998611315,-0.6875305066514058,0.0,-0.6875305066514058,0.0,-0.6875305066514058,0.0
18.340000000000714,open,10.089820425441237,-0.7104664804840318,0.0,-0.7104664804840318,0.0,-0.7104664804840318,0.0
18.360000000000703,open,10.155051502720793,-0.7330996733742481,0.0,-0.7330996733742481,0.0,-0.7330996733742481,0.0
18.380000000000692,open,10.222330711419735,-0.7548616320022622,0.0,-0.7548616320022622,0.0,-0.7548616320022622,0.0
18.40000000000068,open,10.291841378624186,-0.7769563461638658,0.0,-0.7769563461638658,0.0,-0.7769563461638658,0.0
18.42000000000067,open,10.358739419817265,-0.7981038492782543,0.0,-0.7981038492782543,0.0,-0.7981038492782543,0.0
18.44000000000066,open,10.429344421784437,-0.8193790523049292,0.0,-0.8193790523049292,0.0,-0.8193790523049292,0.0
18.460000000000647,open,10.498698016237954,-0.8395098620289699,0.0,-0.8395098620289699,0.0,-0.8395098620289699,0.0
18.480000000000636,open,10.573252399328386,-0.8599984011899603,0.0,-0.8599984011899603,0.0,-0.8599984011899603,0.0
18.500000000000625,open,10.640539572245544,-0.8806514057487019,0.0,-0.8806514057487019,0.0,-0.8806514057487019,0.0
18.520000000000614,open,10.710457019081717,-0.9006445729365126,0.0,-0.9006445729365126,0.0,-0.9006445729365126,0.0
18.540000000000603,open,10.730319102280477,-0.9158503840192133,0.0,-0.9158503840192133,0.0,-0.9158503840192133,0.0
18.560000000000592,open,10.87334221172033,-0.9287687997843688,0.0,-0.9287687997843688,0.0,-0.9287687997843688,0.0
18.58000000000058,open,11.25940958429473,-0.9406052770351898,0.0,-0.9406052770351898,0.0,-0.9406052770351898,0.0
18.60000000000057,open,11.939567329192247,-0.9515602258870611,0.0,-0.9515602258870611,0.0,-0.9515602258870611,0.0
18.62000000000056,open,11.33353283439006,-0.9615026608350555,0.0,-0.9615026608350555,0.0,-0.9615026608350555,0.0
18.640000000000548,open,10.850868622964851,-0.9713685980209716,0.0,-0.9713685980209716,0.0,-0.9713685980209716,0.0
18.660000000000537,open,10.532256066102427,-0.980348997776978,0.0,-0.980348997776978,0.0,-0.980348997776978,0.0
18.680000000000526,open,10.298230188511177,-0.9880026996752843,0.0,-0.9880026996752843,0.0,-0.9880026996752843,0.0
18.700000000000514,open,10.085629757593583,-0.9956387855847431,0.0,-0.9956387855847431,0.0,-0.9956387855847431,0.0
18.720000000000503,open,9.97295735626226,-1.0028812176269764,0.0,-1.0028812176269764,0.0,-1.0028812176269764,0.0
18.740000000000492,open,9.843184121672872,-1.009752625530699,0.0,-1.009752625530699,0.0,-1.009752625530699,0.0
18.76000000000048,open,9.794746257253141,-1.0163709770959435,0.0,-1.0163709770959435,0.0,-1.0163709770959435,0.0
18.78000000000047,open,9.710253657375993,-1.0226074001234484,0.0,-1.0226074001234484,0.0,-1.0226074001234484,0.0
18.80000000000046,open,9.680918362421387,-1.0284923193903093,0.0,-1.0284923193903093,0.0,-1.0284923193903093,0.0
18.820000000000448,open,9.660331282316104,-1.0331208844255526,0.0,-1.0331208844255526,0.0,-1.0331208844255526,0.0
18.840000000000437,open,9.604504181759369,-1.0382199693462502,0.0,-1.0382199693462502,0.0,-1.0382199693462502,0.0
18.860000000000426,open,9.594402853695517,-1.0430294864433334,0.0,-1.0430294864433334,0.0,-1.0430294864433334,0.0
18.880000000000415,open,9.592296336383217,-1.0470497908769862,0.0,-1.0470497908769862,0.0,-1.0470497908769862,0.0
18.900000000000404,open,9.54839766013053,-1.051728076127569,0.0,-1.051728076127569,0.0,-1.051728076127569,0.0
18.920000000000393,open,9.526315550280438,-1.056225986596325,0.0,-1.056225986596325,0.0,-1.056225986596325,0.0
18.94000000000038,open,9.504458885423297,-1.0599487833399215,0.0,-1.0599487833399215,0.0,-1.0599487833399215,0.0
18.96000000000037,open,9.949491626658581,-1.0599419035844497,0.0,-1.0599419035844497,0.0,-1.0599419035844497,0.0
18.98000000000036,open,10.763344390513133,-1.0555138036243055,0.0,-1.0555138036243055,0.0,-1.0555138036243055,0.0
19.000000000000348,open,11.999399946014647,-1.0507097509899526,0.0,-1.0507097509899526,0.0,-1.0507097509899526,0.0
19.020000000000337,open,13.55276337836767,-1.046762784974961,0.0,-1.046762784974961,0.0,-1.046762784974961,0.0
19.040000000000326,open,12.550680792303844,-1.0435694855499573,0.0,-1.0435694855499573,0.0,-1.0435694855499573,0.0
19.060000000000315,open,11.66443842505927,-1.0400943194955237,0.0,-1.0400943194955237,0.0,-1.0400943194955237,0.0
19.080000000000304,open,11.00873177959289,-1.0369312458052742,0.0,-1.0369312458052742,0.0,-1.0369312458052742,0.0
19.100000000000293,open,10.39870734412449,-1.033342408673511,0.0,-1.033342408673511,0.0,-1.033342408673511,0.0
19.12000000000028,open,9.941224697727035,-1.030299954784168,0.0,-1.030299954784168,0.0,-1.030299954784168,0.0
19.14000000000027,open,9.58934440763526,-1.027899273832088,0.0,-1.027899273832088,0.0,-1.027899273832088,0.0
19.16000000000026,open,9.200795084222365,-1.0244963213712437,0.0,-1.0244963213712437,0.0,-1.0244963213712437,0.0
19.18000000000025,open,8.970991977834657,-1.021792917106519,0.0,-1.021792917106519,0.0,-1.021792917106519,0.0
19.200000000000237,open,8.734030779297585,-1.0186906534782605,0.0,-1.0186906534782605,0.0,-1.0186906534782605,0.0
19.220000000000226,open,8.600030916225437,-1.0166441821707877,0.0,-1.0166441821707877,0.0,-1.0166441821707877,0.0
19.240000000000215,open,8.397188728610498,-1.0135329608163846,0.0,-1.0135329608163846,0.0,-1.0135329608163846,0.0
19.260000000000204,open,8.321105415057907,-1.0114830479041281,0.0,-1.0114830479041281,0.0,-1.0114830479041281,0.0
19.280000000000193,open,8.143906246210333,-1.0083431292688234,0.0,-1.0083431292688234,0.0,-1.0083431292688234,0.0
19.300000000000182,open,8.088211561291219,-1.0058396618870356,0.0,-1.0058396618870356,0.0,-1.0058396618870356,0.0
19.32000000000017,open,8.04227208756549,-1.0036984222096543,0.0,-1.0036984222096543,0.0,-1.0036984222096543,0.0
19.34000000000016,open,7.936671483438302,-1.0008832615111594,0.0,-1.0008832615111594,0.0,-1.0008832615111594,0.0
19.36000000000015,open,7.889450902016615,-0.998301799110994,0.0,-0.998301799110994,0.0,-0.998301799110994,0.0
19.380000000000138,open,7.839618016118047,-0.995691007785132,0.0,-0.995691007785132,0.0,-0.995691007785132,0.0
19.400000000000126,open,7.803271003047042,-0.9931628703506152,0.0,-0.9931628703506152,0.0,-0.9931628703506152,0.0
19.420000000000115,open,7.769503680080476,-0.9905483848831019,0.0,-0.9905483848831019,0.0,-0.9905483848831019,0.0
19.440000000000104,open,7.801903269915389,-0.9891292619601852,0.0,-0.9891292619601852,0.0,-0.9891292619601852,0.0
19.460000000000093,open,7.73344753473038,-0.9863020951304616,0.0,-0.9863020951304616,0.0,-0.9863020951304616,0.0
19.480000000000082,open,7.694411842709007,-0.9837826994856593,0.0,-0.9837826994856593,0.0,-0.9837826994856593,0.0
19.50000000000007,open,7.707837627582094,-0.9817219388357338,0.0,-0.9817219388357338,0.0,-0.9817219388357338,0.0
19.52000000000006,open,7.6820379427524195,-0.9792958995660119,0.0,-0.9792958995660119,0.0,-0.9792958995660119,0.0
19.54000000000005,open,7.716950875162002,-0.9778383285054497,0.0,-0.9778383285054497,0.0,-0.9778383285054497,0.0
19.560000000000038,open,7.661384759112874,-0.9752176368872827,0.0,-0.9752176368872827,0.0,-0.9752176368872827,0.0
19.580000000000027,open,7.66135952020838,-0.972912627963746,0.0,-0.972912627963746,0.0,-0.972912627963746,0.0
19.600000000000016,open,7.652830131313825,-0.970648880792726,0.0,-0.970648880792726,0.0,-0.970648880792726,0.0
19.620000000000005,open,7.69167596001789,-0.9691983539456922,0.0,-0.9691983539456922,0.0,-0.9691983539456922,0.0
19.639999999999993,open,7.6451349016739885,-0.9666373516730097,0.0,-0.9666373516730097,0.0,-0.9666373516730097,0.0
19.659999999999982,open,7.652516140348531,-0.9644285185506261,0.0,-0.9644285185506261,0.0,-0.9644285185506261,0.0
19.67999999999997,open,7.650802922943225,-0.9622771004841981,0.0,-0.9622771004841981,0.0,-0.9622771004841981,0.0
19.69999999999996,open,7.694563521774044,-0.9609419984780732,0.0,-0.9609419984780732,0.0,-0.9609419984780732,0.0
19.71999999999995,open,7.65515164684656,-0.9584756272733445,0.0,-0.9584756272733445,0.0,-0.9584756272733445,0.0
19.739999999999938,open,7.66791052286286,-0.9563651562883808,0.0,-0.9563651562883808,0.0,-0.9563651562883808,0.0
19.759999999999927,open,7.703821415450588,-0.9548373071031354,0.0,-0.9548373071031354,0.0,-0.9548373071031354,0.0
19.779999999999916,open,7.664827844611906,-0.9524112527900731,0.0,-0.9524112527900731,0.0,-0.9524112527900731,0.0
19.799999999999905,open,7.689922648382048,-0.9504363681455757,0.0,-0.9504363681455757,0.0,-0.9504363681455757,0.0
19.819999999999894,open,7.689681350829661,-0.9482400278768758,0.0,-0.9482400278768758,0.0,-0.9482400278768758,0.0
19.839999999999883,open,7.697302142027253,-0.9461444917020689,0.0,-0.9461444917020689,0.0,-0.9461444917020689,0.0
19.85999999999987,open,7.749022716291571,-0.9449630205447237,0.0,-0.9449630205447237,0.0,-0.9449630205447237,0.0
19.87999999999986,open,7.71121301096015,-0.9424532070960557,0.0,-0.9424532070960557,0.0,-0.9424532070960557,0.0
19.89999999999985,open,7.741821148799091,-0.9405008040877727,0.0,-0.9405008040877727,0.0,-0.9405008040877727,0.0
19.91999999999984,open,7.748603147290476,-0.938381258929475,0.0,-0.938381258929475,0.0,-0.938381258929475,0.0
19.939999999999827,open,7.7625943296062685,-0.9363861966842454,0.0,-0.9363861966842454,0.0,-0.9363861966842454,0.0
19.959999999999816,open,7.7748692245927336,-0.9343031299219845,0.0,-0.9343031299219845,0.0,-0.9343031299219845,0.0
19.979999999999805,open,7.831628555776038,-0.9332038056227074,0.0,-0.9332038056227074,0.0,-0.9332038056227074,0.0
19.999999999999794,open,7.79179725673707,-0.9306290021034553,0.0,-0.9306290021034553,0.0,-0.9306290021034553,0.0
20.019999999999783,open,7.836969807598007,-0.9287661465193782,0.0,-0.9287661465193782,0.0,-0.9287661465193782,0.0
20.03999999999977,open,7.875263784103071,-0.9271403689177437,0.0,-0.9271403689177437,0.0,-0.9271403689177437,0.0
20.05999999999976,open,7.855867409650287,-0.9249533445038269,0.0,-0.9249533445038269,0.0,-0.9249533445038269,0.0
20.07999999999975,open,7.876960871458727,-0.9227073210848548,0.0,-0.9227073210848548,0.0,-0.9227073210848548,0.0
20.09999999999974,open,7.900647560748087,-0.9205964449271378,0.0,-0.9205964449271378,0.0,-0.9205964449271378,0.0
20.119999999999727,open,7.928115192384497,-0.918727738278606,0.0,-0.918727738278606,0.0,-0.918727738278606,0.0
20.139999999999716,open,7.9499292229911775,-0.916630358021025,0.0,-0.916630358021025,0.0,-0.916630358021025,0.0
20.159999999999705,open,7.975633767952439,-0.9146191651676997,0.0,-0.9146191651676997,0.0,-0.9146191651676997,0.0
20.179999999999694,open,8.002718941206044,-0.9126603695875359,0.0,-0.9126603695875359,0.0,-0.9126603695875359,0.0
20.199999999999683,open,8.05738113075958,-0.911248116544568,0.0,-0.911248116544568,0.0,-0.911248116544568,0.0
20.219999999999672,open,8.044345964590795,-0.9089784666522129,0.0,-0.9089784666522129,0.0,-0.9089784666522129,0.0
20.23999999999966,open,8.074082487433426,-0.9067710627196701,0.0,-0.9067710627196701,0.0,-0.9067710627196701,0.0
20.25999999999965,open,8.10809069859818,-0.9047749812791198,0.0,-0.9047749812791198,0.0,-0.9047749812791198,0.0
20.27999999999964,open,8.13977782829028,-0.9027374520743833,0.0,-0.9027374520743833,0.0,-0.9027374520743833,0.0
20.299999999999628,open,8.175054896562244,-0.9008613486426972,0.0,-0.9008613486426972,0.0,-0.9008613486426972,0.0
20.319999999999617,open,8.20550270449646,-0.8987652560537952,0.0,-0.8987652560537952,0.0,-0.8987652560537952,0.0
20.339999999999606,open,8.240256651148464,-0.8967619326967828,0.0,-0.8967619326967828,0.0,-0.8967619326967828,0.0
20.359999999999594,open,8.276527106102835,-0.8948236732889197,0.0,-0.8948236732889197,0.0,-0.8948236732889197,0.0
20.379999999999583,open,8.31394176408806,-0.8929277010531975,0.0,-0.8929277010531975,0.0,-0.8929277010531975,0.0
20.399999999999572,open,8.3706185661932,-0.8914149988629838,0.0,-0.8914149988629838,0.0,-0.8914149988629838,0.0
20.41999999999956,open,8.381332127326852,-0.8895284260655922,0.0,-0.8895284260655922,0.0,-0.8895284260655922,0.0
20.43999999999955,open,8.445469033222842,-0.8880810637573123,0.0,-0.8880810637573123,0.0,-0.8880810637573123,0.0
20.45999999999954,open,8.447569144794176,-0.8857291423953729,0.0,-0.8857291423953729,0.0,-0.8857291423953729,0.0
20.479999999999528,open,8.510707230881899,-0.8840944340671855,0.0,-0.8840944340671855,0.0,-0.8840944340671855,0.0
20.499999999999517,open,8.54236454348528,-0.8819700586070549,0.0,-0.8819700586070549,0.0,-0.8819700586070549,0.0
20.519999999999506,open,8.594422040613876,-0.8803034385387917,0.0,-0.8803034385387917,0.0,-0.8803034385387917,0.0
20.539999999999495,open,8.634732967087936,-0.8783550557997697,0.0,-0.8783550557997697,0.0,-0.8783550557997697,0.0
20.559999999999484,open,8.679606908592133,-0.8764321019448639,0.0,-0.8764321019448639,0.0,-0.8764321019448639,0.0
20.579999999999472,open,8.73187334305533,-0.8748171623141325,0.0,-0.8748171623141325,0.0,-0.8748171623141325,0.0
20.59999999999946,open,8.775607014846663,-0.8729487567717407,0.0,-0.8729487567717407,0.0,-0.8729487567717407,0.0
20.61999999999945,open,8.823876595133619,-0.8711404916910095,0.0,-0.8711404916910095,0.0,-0.8711404916910095,0.0
20.63999999999944,open,8.873618421250114,-0.8694026212063087,0.0,-0.8694026212063087,0.0,-0.8694026212063087,0.0
20.659999999999428,open,8.924318501313515,-0.8677191342675934,0.0,-0.8677191342675934,0.0,-0.8677191342675934,0.0
20.679999999999417,open,8.975890692162505,-0.8660830185169196,0.0,-0.8660830185169196,0.0,-0.8660830185169196,0.0
20.699999999999406,open,9.028310540053468,-0.8644918254133915,0.0,-0.8644918254133915,0.0,-0.8644918254133915,0.0
20.719999999999395,open,9.08156274743156,-0.8629446210871066,0.0,-0.8629446210871066,0.0,-0.8629446210871066,0.0
20.739999999999384,open,9.135633410934057,-0.8614409080862951,0.0,-0.8614409080862951,0.0,-0.8614409080862951,0.0
20.759999999999373,open,9.190508747901873,-0.8599802996049767,0.0,-0.8599802996049767,0.0,-0.8599802996049767,0.0
20.77999999999936,open,9.246174853868338,-0.8585624279989499,0.0,-0.8585624279989499,0.0,-0.8585624279989499,0.0
20.79999999999935,open,9.302617655704399,-0.8571869209931493,0.0,-0.8571869209931493,0.0,-0.8571869209931493,0.0
20.81999999999934,open,9.359804628016345,-0.8558533924189199,0.0,-0.8558533924189199,0.0,-0.8558533924189199,0.0
20.83999999999933,open,9.417660120215231,-0.8545613498900976,0.0,-0.8545613498900976,0.0,-0.8545613498900976,0.0
20.859999999999317,open,9.470285058459355,-0.8530805787528822,0.0,-0.8530805787528822,0.0,-0.8530805787528822,0.0
20.879999999999306,open,9.5331952461844,-0.851922118644672,0.0,-0.851922118644672,0.0,-0.851922118644672,0.0
20.899999999999295,open,9.593877187434837,-0.8507947164419117,0.0,-0.8507947164419117,0.0,-0.8507947164419117,0.0
20.919999999999284,open,9.648947086089285,-0.8494515585913797,0.0,-0.8494515585913797,0.0,-0.8494515585913797,0.0
20.939999999999273,open,9.713840922008163,-0.8484197231841814,0.0,-0.8484197231841814,0.0,-0.8484197231841814,0.0
20.959999999999262,open,9.776492008336877,-0.847412377891037,0.0,-0.847412377891037,0.0,-0.847412377891037,0.0
20.97999999999925,open,9.833698000388656,-0.8461871155255265,0.0,-0.8461871155255265,0.0,-0.8461871155255265,0.0
20.99999999999924,open,9.900379694642046,-0.8452724334025539,0.0,-0.8452724334025539,0.0,-0.8452724334025539,0.0
21.01999999999923,open,9.964816680699105,-0.844378802087078,0.0,-0.844378802087078,0.0,-0.844378802087078,0.0
21.039999999999218,open,10.023968630967977,-0.8432658132830892,0.0,-0.8432658132830892,0.0,-0.8432658132830892,0.0
21.059999999999206,open,10.092273302457173,-0.8424630637164785,0.0,-0.8424630637164785,0.0,-0.8424630637164785,0.0
21.079999999999195,open,10.158328478324625,-0.8416779432650984,0.0,-0.8416779432650984,0.0,-0.8416779432650984,0.0
21.099999999999184,open,10.21925024588451,-0.840673451067829,0.0,-0.840673451067829,0.0,-0.840673451067829,0.0
21.119999999999173,open,10.289020908849304,-0.839978101063118,0.0,-0.839978101063118,0.0,-0.839978101063118,0.0
21.139999999999162,open,10.356545732368472,-0.8393021494446168,0.0,-0.8393021494446168,0.0,-0.8393021494446168,0.0
21.15999999999915,open,10.419075589853506,-0.838406924432135,0.0,-0.838406924432135,0.0,-0.838406924432135,0.0
21.17999999999914,open,10.490160693705839,-0.8378165761631913,0.0,-0.8378165761631913,0.0,-0.8378165761631913,0.0
21.19999999999913,open,10.558998633316628,-0.8372479006185982,0.0,-0.8372479006185982,0.0,-0.8372479006185982,0.0
21.219999999999118,open,10.622959193501002,-0.8364583202947892,0.0,-0.8364583202947892,0.0,-0.8364583202947892,0.0
21.239999999999107,open,10.695200929467306,-0.8359703248731435,0.0,-0.8359703248731435,0.0,-0.8359703248731435,0.0
21.259999999999096,open,10.765177783167895,-0.835504293257819,0.0,-0.835504293257819,0.0,-0.835504293257819,0.0
21.279999999999085,open,10.834943732960474,-0.8350428392370496,0.0,-0.8350428392370496,0.0,-0.8350428392370496,0.0
21.299999999999073,open,10.904907839033893,-0.8346025728941273,0.0,-0.8346025728941273,0.0,-0.8346025728941273,0.0
21.319999999999062,open,10.975115447567893,-0.8341906868035637,0.0,-0.8341906868035637,0.0,-0.8341906868035637,0.0
21.33999999999905,open,11.045561075527045,-0.8338093947574077,0.0,-0.8338093947574077,0.0,-0.8338093947574077,0.0
21.35999999999904,open,11.116185481172757,-0.8331289345892624,0.0,-0.8331289345892624,0.0,-0.8331289345892624,0.0
21.37999999999903,open,11.180940040476754,-0.8169980735067854,0.0,-0.8169980735067854,0.0,-0.8169980735067854,0.0
21.399999999999018,open,11.246765689416796,-0.7918476341007904,0.0,-0.7918476341007904,0.0,-0.7918476341007904,0.0
21.419999999999007,open,11.307322188742168,-0.7644071493067539,0.0,-0.7644071493067539,0.0,-0.7644071493067539,0.0
21.439999999998996,open,11.370758299038236,-0.7368436554572171,0.0,-0.7368436554572171,0.0,-0.7368436554572171,0.0
21.459999999998985,open,11.608816837244154,-0.7124698613583649,0.0,-0.7124698613583649,0.0,-0.7124698613583649,0.0
21.479999999998974,open,12.07520201194573,-0.6932991744022736,0.0,-0.6932991744022736,0.0,-0.6932991744022736,0.0
21.499999999998963,open,12.704225223295637,-0.6780978265987737,0.0,-0.6780978265987737,0.0,-0.6780978265987737,0.0
21.51999999999895,open,13.48857323572655,-0.6653194567020437,0.0,-0.6653194567020437,0.0,-0.6653194567020437,0.0
21.53999999999894,open,13.086659996375156,-0.6533695680323409,0.0,-0.6533695680323409,0.0,-0.6533695680323409,0.0
21.55999999999893,open,12.801019365353193,-0.6417898649540258,0.0,-0.6417898649540258,0.0,-0.6417898649540258,0.0
21.57999999999892,open,12.595792591712376,-0.6304539628871353,0.0,-0.6304539628871353,0.0,-0.6304539628871353,0.0
21.599999999998907,open,12.44579279282521,-0.619326128404108,0.0,-0.619326128404108,0.0,-0.619326128404108,0.0
21.619999999998896,open,12.333735396454713,-0.6083950641477642,0.0,-0.6083950641477642,0.0,-0.6083950641477642,0.0
21.639999999998885,open,12.24789200325119,-0.5976558637638405,0.0,-0.5976558637638405,0.0,-0.5976558637638405,0.0
21.659999999998874,open,12.18033811726812,-0.5871051761586958,0.0,-0.5871051761586958,0.0,-0.5871051761586958,0.0
21.679999999998863,open,12.125716764127098,-0.5767399616316629,0.0,-0.5767399616316629,0.0,-0.5767399616316629,0.0
21.69999999999885,open,12.080391450614005,-0.5665572056212361,0.0,-0.5665572056212361,0.0,-0.5665572056212361,0.0
21.71999999999884,open,12.041875272178745,-0.5565538756749134,0.0,-0.5565538756749134,0.0,-0.5565538756749134,0.0
21.73999999999883,open,12.008449679004638,-0.5467269323222705,0.0,-0.5467269323222705,0.0,-0.5467269323222705,0.0
21.75999999999882,open,11.978911163544788,-0.5370733464626104,0.0,-0.5370733464626104,0.0,-0.5370733464626104,0.0
21.779999999998807,open,11.952403317664526,-0.5275901132223053,0.0,-0.5275901132223053,0.0,-0.5275901132223053,0.0
21.799999999998796,open,11.928305502842392,-0.5182742614207299,0.0,-0.5182742614207299,0.0,-0.5182742614207299,0.0
21.819999999998785,open,11.906158925245785,-0.5091228596221392,0.0,-0.5091228596221392,0.0,-0.5091228596221392,0.0
21.839999999998774,open,11.885617377118107,-0.5001330198217453,0.0,-0.5001330198217453,0.0,-0.5001330198217453,0.0
21.859999999998763,open,11.866414234486507,-0.49130189955706294,0.0,-0.49130189955706294,0.0,-0.49130189955706294,0.0
21.879999999998752,open,11.848340174964273,-0.4826267029878245,0.0,-0.4826267029878245,0.0,-0.4826267029878245,0.0
21.89999999999874,open,11.831227977747249,-0.4741046813054831,0.0,-0.4741046813054831,0.0,-0.4741046813054831,0.0
21.91999999999873,open,11.814942017721638,-0.46573313270938943,0.0,-0.46573313270938943,0.0,-0.46573313270938943,0.0
21.93999999999872,open,11.799370886514483,-0.45750940210470115,0.0,-0.45750940210470115,0.0,-0.45750940210470115,0.0
21.959999999998708,open,11.784422111536324,-0.44943088062329994,0.0,-0.44943088062329994,0.0,-0.44943088062329994,0.0
21.979999999998697,open,11.770018296497803,-0.4414950050338528,0.0,-0.4414950050338528,0.0,-0.4414950050338528,0.0
21.999999999998685,open,11.756094237436999,-0.43369925708418733,0.0,-0.43369925708418733,0.0,-0.43369925708418733,0.0
22.019999999998674,open,11.742594718994892,-0.42604116280413573,0.0,-0.42604116280413573,0.0,-0.42604116280413573,0.0
22.039999999998663,open,11.729472794237328,-0.418518291787204,0.0,-0.418518291787204,0.0,-0.418518291787204,0.0
22.059999999998652,open,11.716688415767061,-0.4111282564629848,0.0,-0.4111282564629848,0.0,-0.4111282564629848,0.0
22.07999999999864,open,11.70420732811907,-0.4038687113680619,0.0,-0.4038687113680619,0.0,-0.4038687113680619,0.0
22.09999999999863,open,11.692000159200292,-0.3967373524203681,0.0,-0.3967373524203681,0.0,-0.3967373524203681,0.0
22.11999999999862,open,11.680041666904849,-0.38973191620019965,0.0,-0.38973191620019965,0.0,-0.38973191620019965,0.0
22.139999999998608,open,11.66831010924812,-0.3828501792398839,0.0,-0.3828501792398839,0.0,-0.3828501792398839,0.0
22.159999999998597,open,11.656786714617025,-0.37608995732334627,0.0,-0.37608995732334627,0.0,-0.37608995732334627,0.0
22.179999999998586,open,11.645455234374774,-0.36944910479631216,0.0,-0.36944910479631216,0.0,-0.36944910479631216,0.0
22.199999999998575,open,11.634301563982673,-0.3629255138875535,0.0,-0.3629255138875535,0.0,-0.3629255138875535,0.0
22.219999999998564,open,11.623313421627545,-0.356517114041376,0.0,-0.356517114041376,0.0,-0.356517114041376,0.0
22.239999999998552,open,11.612480075408877,-0.3502218712614105,0.0,-0.3502218712614105,0.0,-0.3502218712614105,0.0
22.25999999999854,open,11.601792111682746,-0.34403778746566355,0.0,-0.34403778746566355,0.0,-0.34403778746566355,0.0
22.27999999999853,open,11.591241238403358,-0.33796289985275474,0.0,-0.33796289985275474,0.0,-0.33796289985275474,0.0
22.29999999999852,open,11.580820118235858,-0.33199528027920744,0.0,-0.33199528027920744,0.0,-0.33199528027920744,0.0
22.319999999998508,open,11.570522227028595,-0.3261330346476377,0.0,-0.3261330346476377,0.0,-0.3261330346476377,0.0
22.339999999998497,open,11.560341733871496,-0.3203743023057003,0.0,-0.3203743023057003,0.0,-0.3203743023057003,0.0
22.359999999998486,open,11.55027339952213,-0.3147172554555958,0.0,-0.3147172554555958,0.0,-0.3147172554555958,0.0
22.379999999998475,open,11.54031249044609,-0.30916009857398746,0.0,-0.30916009857398746,0.0,-0.30916009857398746,0.0
22.399999999998464,open,11.53045470612279,-0.30370106784214485,0.0,-0.30370106784214485,0.0,-0.30370106784214485,0.0
22.419999999998453,open,11.520696117597687,-0.29833843058613285,0.0,-0.29833843058613285,0.0,-0.29833843058613285,0.0
22.43999999999844,open,11.511033115569155,-0.29307048472688585,0.0,-0.29307048472688585,0.0,-0.29307048472688585,0.0
22.45999999999843,open,11.501462366539936,-0.28789555823998136,0.0,-0.28789555823998136,0.0,-0.28789555823998136,0.0
22.47999999999842,open,11.491980775791653,-0.2828120086249548,0.0,-0.2828120086249548,0.0,-0.2828120086249548,0.0
22.49999999999841,open,11.48258545611111,-0.27781822238397674,0.0,-0.27781822238397674,0.0,-0.27781822238397674,0.0
22.519999999998397,open,11.473273701380204,-0.27291261450974225,0.0,-0.27291261450974225,0.0,-0.27291261450974225,0.0
22.539999999998386,open,11.464042964254158,-0.2680936279823952,0.0,-0.2680936279823952,0.0,-0.2680936279823952,0.0
22.559999999998375,open,11.454890837285124,-0.2633597332753392,0.0,-0.2633597332753392,0.0,-0.2633597332753392,0.0
22.579999999998364,open,11.445815036946383,-0.25870942786976997,0.0,-0.25870942786976997,0.0,-0.25870942786976997,0.0
22.599999999998353,open,11.436813390091558,-0.2541412357777865,0.0,-0.2541412357777865,0.0,-0.2541412357777865,0.0
22.619999999998342,open,11.427883822461173,-0.24965370707391618,0.0,-0.24965370707391618,0.0,-0.24965370707391618,0.0
22.63999999999833,open,11.419024348909625,-0.24524541743491501,0.0,-0.24524541743491501,0.0,-0.24524541743491501,0.0
22.65999999999832,open,11.41023306507149,-0.24091496768769377,0.0,-0.24091496768769377,0.0,-0.24091496768769377,0.0
22.67999999999831,open,11.401508140242104,-0.2366609833652264,0.0,-0.2366609833652264,0.0,-0.2366609833652264,0.0
22.699999999998298,open,11.392847811274871,-0.23248211427029963,0.0,-0.23248211427029963,0.0,-0.23248211427029963,0.0
22.719999999998286,open,11.384250377325596,-0.22837703404696488,0.0,-0.22837703404696488,0.0,-0.22837703404696488,0.0
22.739999999998275,open,11.375714195322942,-0.2243444397595607,0.0,-0.2243444397595607,0.0,-0.2243444397595607,0.0
22.759999999998264,open,11.367237676029196,-0.22038305147916432,0.0,-0.22038305147916432,0.0,-0.22038305147916432,0.0
22.779999999998253,open,11.358819280612966,-0.21649161187734828,0.0,-0.21649161187734828,0.0,-0.21649161187734828,0.0
22.799999999998242,open,11.350457517645486,-0.21266888582710977,0.0,-0.21266888582710977,0.0,-0.21266888582710977,0.0
22.81999999999823,open,11.342150940453992,-0.20891366001084538,0.0,-0.20891366001084538,0.0,-0.20891366001084538,0.0
22.83999999999822,open,11.333898144774942,-0.20522474253525,0.0,-0.20522474253525,0.0,-0.20522474253525,0.0
22.85999999999821,open,11.32569776666855,-0.20160096255301457,0.0,-0.20160096255301457,0.0,-0.20160096255301457,0.0
22.879999999998198,open,11.317548480640884,-0.1980411698912037,0.0,-0.1980411698912037,0.0,-0.1980411698912037,0.0
22.899999999998187,open,11.309448997955512,-0.19454423468619614,0.0,-0.19454423468619614,0.0,-0.19454423468619614,0.0
22.919999999998176,open,11.301398065095066,-0.19110904702506884,0.0,-0.19110904702506884,0.0,-0.19110904702506884,0.0
22.939999999998165,open,11.31990328497053,-0.18773451659331752,0.0,-0.18773451659331752,0.0,-0.18773451659331752,0.0
22.959999999998153,open,11.38576843765412,-0.18441957232879425,0.0,-0.18441957232879425,0.0,-0.18441957232879425,0.0
22.979999999998142,open,11.496465727416139,-0.18116316208175634,0.0,-0.18116316208175634,0.0,-0.18116316208175634,0.0
22.99999999999813,open,11.651309269658707,-0.17796425228091906,0.0,-0.17796425228091906,0.0,-0.17796425228091906,0.0
0.020000000000000004,closed,1.4394492631485636,-3.7026644631949223e-17,-0.00038507161247017713,-3.7026644631949223e-17,-0.00038507161247017713,-3.7026644631949223e-17,-0.00038507161247017713
0.04000000000000002,closed,1.3436549306554806,-6.778658597655384e-17,-0.01694329887963966,-6.778658597655384e-17,-0.01694329887963966,-6.778658597655384e-17,-0.01694329887963966
0.06000000000000004,closed,1.2923679256709777,-7.504088233925496e-17,0.022075510621248358,-7.504088233925496e-17,0.022075510621248358,-7.504088233925496e-17,0.022075510621248358
0.08000000000000006,closed,1.2369905777400632,-7.693884937673735e-17,0.009020274050208919,-7.693884937673735e-17,0.009020274050208919,-7.693884937673735e-17,0.009020274050208919
0.10000000000000007,closed,1.1772573879119952,-7.680719011873087e-17,0.0010475622134273677,-7.680719011873087e-17,0.0010475622134273677,-7.680719011873087e-17,0.0010475622134273677
0.12000000000000009,closed,1.1479371400852245,-8.017057400414873e-17,-0.00011922029393737306,-8.017057400414873e-17,-0.00011922029393737306,-8.017057400414873e-17,-0.00011922029393737306
0.1400000000000001,closed,1.137590468378576,-8.160937965985905e-17,-0.0022223867232876136,-8.160937965985905e-17,-0.0022223867232876136,-8.160937965985905e-17,-0.0022223867232876136
0.16000000000000011,closed,1.119623590484193,-8.366434393617964e-17,-0.0021982625245935265,-8.366434393617964e-17,-0.0021982625245935265,-8.366434393617964e-17,-0.0021982625245935265
0.18000000000000013,closed,1.1207094440165597,-9.250410919933591e-17,0.0018109847090328579,-9.250410919933591e-17,0.0018109847090328579,-9.250410919933591e-17,0.0018109847090328579
0.20000000000000015,closed,1.1293221251082655,-8.972656646690613e-17,-0.001770419559416317,-8.972656646690613e-17,-0.001770419559416317,-8.972656646690613e-17,-0.001770419559416317
0.22000000000000017,closed,1.130572902691448,-8.732057899304404e-17,0.008394462357421004,-8.732057899304404e-17,0.008394462357421004,-8.732057899304404e-17,0.008394462357421004
0.24000000000000019,closed,1.1193296253790517,-8.264646317783373e-17,-0.010428970610937966,-8.264646317783373e-17,-0.010428970610937966,-8.264646317783373e-17,-0.010428970610937966
0.2600000000000002,closed,1.1235765324126383,-7.363735069934416e-17,-0.006563330134729295,-7.363735069934416e-17,-0.006563330134729295,-7.363735069934416e-17,-0.006563330134729295
0.2800000000000002,closed,1.1237194385468838,-7.012289843896097e-17,0.010463892956270522,-7.012289843896097e-17,0.010463892956270522,-7.012289843896097e-17,0.010463892956270522
0.3000000000000002,closed,1.1303177290790072,-7.100344490104061e-17,0.01890484238118565,-7.100344490104061e-17,0.01890484238118565,-7.100344490104061e-17,0.01890484238118565
0.32000000000000023,closed,1.1119554668417506,-7.736289116218701e-17,0.0016950078621767448,-7.736289116218701e-17,0.0016950078621767448,-7.736289116218701e-17,0.0016950078621767448
0.34000000000000025,closed,1.1161246631969428,-7.63808008878817e-17,-0.09177804090065331,-7.63808008878817e-17,-0.09177804090065331,-7.63808008878817e-17,-0.09177804090065331
0.36000000000000026,closed,1.1187632463802755,-6.935410695365274e-17,-0.01032854908595872,-6.935410695365274e-17,-0.01032854908595872,-6.935410695365274e-17,-0.01032854908595872
0.3800000000000003,closed,1.1316749976717178,-6.729554908795986e-17,-0.0038903425855087615,-6.729554908795986e-17,-0.0038903425855087615,-6.729554908795986e-17,-0.0038903425855087615
0.4000000000000003,closed,1.1186047870243443,-6.563072004108926e-17,-0.005893110591171,-6.563072004108926e-17,-0.005893110591171,-6.563072004108926e-17,-0.005893110591171
0.4200000000000003,closed,1.1276476222698628,-6.970440634229327e-17,-0.005396607836654194,-6.970440634229327e-17,-0.005396607836654194,-6.970440634229327e-17,-0.005396607836654194
0.44000000000000034,closed,1.1248929728383015,-7.020887995440932e-17,0.004779401241560748,-7.020887995440932e-17,0.004779401241560748,-7.020887995440932e-17,0.004779401241560748
0.46000000000000035,closed,1.12020786454715,-7.020887995440932e-17,0.007027776430323219,-7.020887995440932e-17,0.007027776430323219,-7.020887995440932e-17,0.007027776430323219
0.48000000000000037,closed,1.1226996798704478,-7.020887995440932e-17,0.004461641289095284,-7.020887995440932e-17,0.004461641289095284,-7.020887995440932e-17,0.004461641289095284
0.5000000000000003,closed,1.1126381394851297,-7.075700032778899e-17,-0.0008330188766045714,-7.075700032778899e-17,-0.0008330188766045714,-7.075700032778899e-17,-0.0008330188766045714
0.5200000000000004,closed,1.1166503803705918,-7.181054985513717e-17,-0.00021021674502344205,-7.181054985513717e-17,-0.00021021674502344205,-7.181054985513717e-17,-0.00021021674502344205
0.5400000000000004,closed,1.1211220174889527,-7.212119467888987e-17,0.00754228271838348,-7.212119467888987e-17,0.00754228271838348,-7.212119467888987e-17,0.00754228271838348
0.5600000000000004,closed,1.1246517361335735,-7.219148060491527e-17,-0.00769401073004614,-7.219148060491527e-17,-0.00769401073004614,-7.219148060491527e-17,-0.00769401073004614
0.5800000000000004,closed,1.1282866895685466,-6.747303505115578e-17,-0.014932003609259182,-6.747303505115578e-17,-0.014932003609259182,-6.747303505115578e-17,-0.014932003609259182
0.6000000000000004,closed,1.1423055617942388,-6.938769630278717e-17,-0.019215670551959073,-6.938769630278717e-17,-0.019215670551959073,-6.938769630278717e-17,-0.019215670551959073
0.6200000000000004,closed,1.1554319663013015,-6.608656131666503e-17,0.0014451195198200222,-6.608656131666503e-17,0.0014451195198200222,-6.608656131666503e-17,0.0014451195198200222
0.6400000000000005,closed,1.1546868927826608,-6.999929918051743e-17,-0.025483597095009018,-6.999929918051743e-17,-0.025483597095009018,-6.999929918051743e-17,-0.025483597095009018
0.6600000000000005,closed,1.1692052881775319,-7.663107656244223e-17,0.002268549313189777,-7.663107656244223e-17,0.002268549313189777,-7.663107656244223e-17,0.002268549313189777
0.6800000000000005,closed,1.1666754881119392,-7.667075487525036e-17,0.003481522301755398,-7.667075487525036e-17,0.003481522301755398,-7.667075487525036e-17,0.003481522301755398
0.7000000000000005,closed,1.162674517076702,-7.92990384347373e-17,-0.010202516865686035,-7.92990384347373e-17,-0.010202516865686035,-7.92990384347373e-17,-0.010202516865686035
0.7200000000000005,closed,1.169455366577046,-8.278892562591173e-17,-0.003463506501720434,-8.278892562591173e-17,-0.003463506501720434,-8.278892562591173e-17,-0.003463506501720434
0.7400000000000005,closed,1.1713991277342946,-8.759648940496359e-17,-0.017184437095943472,-8.759648940496359e-17,-0.017184437095943472,-8.759648940496359e-17,-0.017184437095943472
0.7600000000000006,closed,1.1730056460024894,-8.689739075046072e-17,-0.0143632272734117,-8.689739075046072e-17,-0.0143632272734117,-8.689739075046072e-17,-0.0143632272734117
0.7800000000000006,closed,1.1660740962788285,-8.689739075046072e-17,0.006645547677930571,-8.689739075046072e-17,0.006645547677930571,-8.689739075046072e-17,0.006645547677930571
0.8000000000000006,closed,1.1582235321123364,-8.700555169630605e-17,0.013435512782363587,-8.700555169630605e-17,0.013435512782363587,-8.700555169630605e-17,0.013435512782363587
0.8200000000000006,closed,1.1571196915996171,-8.433217679462504e-17,-0.026041850070383885,-8.433217679462504e-17,-0.026041850070383885,-8.433217679462504e-17,-0.026041850070383885
0.8400000000000006,closed,1.175345692634968,-8.322876841264408e-17,0.005298346951927633,-8.322876841264408e-17,0.005298346951927633,-8.322876841264408e-17,0.005298346951927633
0.8600000000000007,closed,1.1716820961550782,-8.341459398001961e-17,0.003576868559611036,-8.341459398001961e-17,0.003576868559611036,-8.341459398001961e-17,0.003576868559611036
0.8800000000000007,closed,1.1571894942421181,-8.20395473328771e-17,-0.0025081813694387456,-8.20395473328771e-17,-0.0025081813694387456,-8.20395473328771e-17,-0.0025081813694387456
0.9000000000000007,closed,1.1596375917960706,-8.097874404720379e-17,-0.016903065190149842,-8.097874404720379e-17,-0.016903065190149842,-8.097874404720379e-17,-0.016903065190149842
0.9200000000000007,closed,1.1792416834789743,-7.836153895525945e-17,0.002511584420734062,-7.836153895525945e-17,0.002511584420734062,-7.836153895525945e-17,0.002511584420734062
0.9400000000000007,closed,1.1846638634157138,-8.021133667021652e-17,0.016146963103400754,-8.021133667021652e-17,0.016146963103400754,-8.021133667021652e-17,0.016146963103400754
0.9600000000000007,closed,1.1820319524467702,-8.220268250737729e-17,0.0020223647410231877,-8.220268250737729e-17,0.0020223647410231877,-8.220268250737729e-17,0.0020223647410231877
0.9800000000000008,closed,1.1797509309258911,-7.634958468173053e-17,0.00909314121600615,-7.634958468173053e-17,0.00909314121600615,-7.634958468173053e-17,0.00909314121600615
1.0000000000000007,closed,1.1896632674999914,-7.797155837306128e-17,-0.011888426642889032,-7.797155837306128e-17,-0.011888426642889032,-7.797155837306128e-17,-0.011888426642889032
1.0200000000000007,closed,1.1968849398689694,-7.67787558190195e-17,0.017608064711109733,-7.67787558190195e-17,0.017608064711109733,-7.67787558190195e-17,0.017608064711109733
1.0400000000000007,closed,1.1781892113354322,-5.627435279605371e-17,0.01050577265488832,-5.627435279605371e-17,0.01050577265488832,-5.627435279605371e-17,0.01050577265488832
1.0600000000000007,closed,1.1641931771181608,-5.627435279605371e-17,0.02229042567558135,-5.627435279605371e-17,0.02229042567558135,-5.627435279605371e-17,0.02229042567558135
1.0800000000000007,closed,1.1489088021689233,-5.0636196963114077e-17,0.012586514371165508,-5.0636196963114077e-17,0.012586514371165508,-5.0636196963114077e-17,0.012586514371165508
1.1000000000000008,closed,1.1446036573080327,-4.742509143861403e-17,0.007827105503025905,-4.742509143861403e-17,0.007827105503025905,-4.742509143861403e-17,0.007827105503025905
1.1200000000000008,closed,1.1527374287792598,-4.754653723029715e-17,-0.002597853081932489,-4.754653723029715e-17,-0.002597853081932489,-4.754653723029715e-17,-0.002597853081932489
1.1400000000000008,closed,1.1689985366706899,-4.799198707027147e-17,-0.002578419728156056,-4.799198707027147e-17,-0.002578419728156056,-4.799198707027147e-17,-0.002578419728156056
1.1600000000000008,closed,1.17340191135046,-4.361632897202119e-17,0.0024504349601706292,-4.361632897202119e-17,0.0024504349601706292,-4.361632897202119e-17,0.0024504349601706292
1.1800000000000008,closed,1.1736786289898862,-4.5300861163702903e-17,-0.020893631758567125,-4.5300861163702903e-17,-0.020893631758567125,-4.5300861163702903e-17,-0.020893631758567125
1.2000000000000008,closed,1.2017095564584706,-4.281844531478197e-17,0.035597814149697864,-4.281844531478197e-17,0.035597814149697864,-4.281844531478197e-17,0.035597814149697864
1.2200000000000009,closed,1.1981071974499478,-3.583784520968343e-17,0.013936618160386717,-3.583784520968343e-17,0.013936618160386717,-3.583784520968343e-17,0.013936618160386717
1.2400000000000009,closed,1.1892943914934242,-2.7719731676553888e-17,0.008488805534646999,-2.7719731676553888e-17,0.008488805534646999,-2.7719731676553888e-17,0.008488805534646999
1.260000000000001,closed,1.1927184986232677,-2.422534366204886e-17,0.005127364973184361,-2.422534366204886e-17,0.005127364973184361,-2.422534366204886e-17,0.005127364973184361
1.280000000000001,closed,1.2097219374000534,-2.3494855740977688e-17,0.0004693871947724619,-2.3494855740977688e-17,0.0004693871947724619,-2.3494855740977688e-17,0.0004693871947724619
1.300000000000001,closed,1.2080277085062836,-2.5467918159487396e-17,0.008394932504717187,-2.5467918159487396e-17,0.008394932504717187,-2.5467918159487396e-17,0.008394932504717187
1.320000000000001,closed,1.1987913452880745,-1.7533198476623136e-17,-0.017623766336923107,-1.7533198476623136e-17,-0.017623766336923107,-1.7533198476623136e-17,-0.017623766336923107
1.340000000000001,closed,1.2116449787230916,-1.702925775447212e-17,0.006480967106933405,-1.702925775447212e-17,0.006480967106933405,-1.702925775447212e-17,0.006480967106933405
1.360000000000001,closed,1.1966936118519822,-1.2533904571648266e-17,-0.00695628870709274,-1.2533904571648266e-17,-0.00695628870709274,-1.2533904571648266e-17,-0.00695628870709274
1.380000000000001,closed,1.2056672861965276,-1.0778988171747332e-17,-0.013674566163952963,-1.0778988171747332e-17,-0.013674566163952963,-1.0778988171747332e-17,-0.013674566163952963
1.400000000000001,closed,1.210237769142517,-8.600740550352525e-18,-0.01690141156531552,-8.600740550352525e-18,-0.01690141156531552,-8.600740550352525e-18,-0.01690141156531552
1.420000000000001,closed,1.237634846961272,-7.103520519744276e-18,-0.014832743060328469,-7.103520519744276e-18,-0.014832743060328469,-7.103520519744276e-18,-0.014832743060328469
1.440000000000001,closed,1.458748470667101,-4.562008491423473e-18,-0.011418976714378231,-4.562008491423473e-18,-0.011418976714378231,-4.562008491423473e-18,-0.011418976714378231
1.460000000000001,closed,1.991860671927173,3.0266107794580275e-18,-0.012931893320521103,3.0266107794580275e-18,-0.012931893320521103,3.0266107794580275e-18,-0.012931893320521103
1.480000000000001,closed,2.842839009514181,1.2726153404517838e-18,-0.010211637380127214,1.2726153404517838e-18,-0.010211637380127214,1.2726153404517838e-18,-0.010211637380127214
1.500000000000001,closed,3.9547308548771536,3.1677450194156055e-19,0.001681922680065482,3.1677450194156055e-19,0.001681922680065482,3.1677450194156055e-19,0.001681922680065482
1.5200000000000011,closed,3.172972011197321,-1.1225189502125038e-18,0.004493890691317907,-1.1225189502125038e-18,0.004493890691317907,-1.1225189502125038e-18,0.004493890691317907
1.5400000000000011,closed,2.549565582413846,-1.2568874880357979e-18,0.014678378718158908,-1.2568874880357979e-18,0.014678378718158908,-1.2568874880357979e-18,0.014678378718158908
1.5600000000000012,closed,2.0574668808832848,-9.105419044594923e-19,0.012811307754738101,-9.105419044594923e-19,0.012811307754738101,-9.105419044594923e-19,0.012811307754738101
1.5800000000000012,closed,1.6792379549578569,2.8494484410614056e-18,0.019003743867732677,2.8494484410614056e-18,0.019003743867732677,2.8494484410614056e-18,0.019003743867732677
1.6000000000000012,closed,1.4115741843185825,3.4162846711632955e-20,0.006514076589229718,3.4162846711632955e-20,0.006514076589229718,3.4162846711632955e-20,0.006514076589229718
1.6200000000000012,closed,1.2089216590328578,-5.314591766465129e-18,0.01475170441202968,-5.314591766465129e-18,0.01475170441202968,-5.314591766465129e-18,0.01475170441202968
1.6400000000000012,closed,1.0859313299893187,9.356704899582727e-18,0.004431995666071232,9.356704899582727e-18,0.004431995666071232,9.356704899582727e-18,0.004431995666071232
1.6600000000000013,closed,1.0506519571403683,1.763848559559201e-17,0.009183134393815127,1.763848559559201e-17,0.009183134393815127,1.763848559559201e-17,0.009183134393815127
1.6800000000000013,closed,1.0112738864699924,1.651938812879419e-17,-0.020064497214032365,1.651938812879419e-17,-0.020064497214032365,1.651938812879419e-17,-0.020064497214032365
1.7000000000000013,closed,0.9945999381102265,8.237216908157105e-18,0.008041224361074866,8.237216908157105e-18,0.008041224361074866,8.237216908157105e-18,0.008041224361074866
1.7200000000000013,closed,0.9768264416965937,-6.910984004040403e-18,0.0012649003619484794,-6.910984004040403e-18,0.0012649003619484794,-6.910984004040403e-18,0.0012649003619484794
1.7400000000000013,closed,0.9760051144239892,-9.946185836438625e-18,-0.014214938632986568,-9.946185836438625e-18,-0.014214938632986568,-9.946185836438625e-18,-0.014214938632986568
1.7600000000000013,closed,1.0051615855609668,-1.1345491186766284e-17,0.011170942685397901,-1.1345491186766284e-17,0.011170942685397901,-1.1345491186766284e-17,0.011170942685397901
1.7800000000000014,closed,1.0074540012935982,-1.2485256320378766e-17,0.0016532891727830132,-1.2485256320378766e-17,0.0016532891727830132,-1.2485256320378766e-17,0.0016532891727830132
1.8000000000000014,closed,1.0106228183334722,-1.1398071139523229e-17,-0.016706159122982983,-1.1398071139523229e-17,-0.016706159122982983,-1.1398071139523229e-17,-0.016706159122982983
1.8200000000000014,closed,1.0332467527442923,-1.0159180224605664e-17,0.0012481122137001917,-1.0159180224605664e-17,0.0012481122137001917,-1.0159180224605664e-17,0.0012481122137001917
1.8400000000000014,closed,1.0428212883186054,-1.3369275198371056e-17,-0.006302543886249862,-1.3369275198371056e-17,-0.006302543886249862,-1.3369275198371056e-17,-0.006302543886249862
1.8600000000000014,closed,1.039437893353668,-1.7680888210035063e-17,0.003390481511900742,-1.7680888210035063e-17,0.003390481511900742,-1.7680888210035063e-17,0.003390481511900742
1.8800000000000014,closed,1.038803203399269,-1.4283633061554022e-17,0.00243293188240657,-1.4283633061554022e-17,0.00243293188240657,-1.4283633061554022e-17,0.00243293188240657
1.9000000000000015,closed,1.0297889360765984,-8.082317857491072e-18,0.022232852577656937,-8.082317857491072e-18,0.022232852577656937,-8.082317857491072e-18,0.022232852577656937
1.9200000000000015,closed,1.0449671728254397,1.9987404008437484e-17,0.018554350434548617,1.9987404008437484e-17,0.018554350434548617,1.9987404008437484e-17,0.018554350434548617
1.9400000000000015,closed,1.0595322183908982,3.7424317469679477e-17,0.026826739289387697,3.7424317469679477e-17,0.026826739289387697,3.7424317469679477e-17,0.026826739289387697
1.9600000000000015,closed,1.0614017609952484,1.7994349837920306e-17,0.007703750075468583,1.7994349837920306e-17,0.007703750075468583,1.7994349837920306e-17,0.007703750075468583
1.9800000000000015,closed,1.0533176250375442,2.000265649915747e-18,-0.01154716704111992,2.000265649915747e-18,-0.01154716704111992,2.000265649915747e-18,-0.01154716704111992
2.0000000000000013,closed,1.0586960138405754,6.217429443221404e-19,-0.007039424227787728,6.217429443221404e-19,-0.007039424227787728,6.217429443221404e-19,-0.007039424227787728
2.019999999999999,closed,1.0497149363072154,-8.623388282745825e-17,-0.006036282841530512,-8.623388282745825e-17,-0.006036282841530512,-8.623388282745825e-17,-0.006036282841530512
2.039999999999997,closed,1.053379035968572,-5.668925404706941e-17,0.020119479426543668,-5.668925404706941e-17,0.020119479426543668,-5.668925404706941e-17,0.020119479426543668
2.0599999999999947,closed,1.0735165181562596,4.113202142221836e-16,-0.006512336196553954,4.113202142221836e-16,-0.006512336196553954,4.113202142221836e-16,-0.006512336196553954
2.0799999999999925,closed,1.0460163953937882,5.731553963712648e-16,0.015721026288368654,5.731553963712648e-16,0.015721026288368654,5.731553963712648e-16,0.015721026288368654
2.0999999999999903,closed,1.0472611098338034,6.759672555946848e-16,0.005670219017563391,6.759672555946848e-16,0.005670219017563391,6.759672555946848e-16,0.005670219017563391
2.119999999999988,closed,1.0688806411718867,9.810877559431528e-16,-0.009877866045515682,9.810877559431528e-16,-0.009877866045515682,9.810877559431528e-16,-0.009877866045515682
2.139999999999986,closed,1.0635151490754384,9.035168282984404e-16,0.003440071571920101,9.035168282984404e-16,0.003440071571920101,9.035168282984404e-16,0.003440071571920101
2.1599999999999837,closed,1.0640186356317394,9.535635064745313e-16,0.024406466285773067,9.535635064745313e-16,0.024406466285773067,9.535635064745313e-16,0.024406466285773067
2.1799999999999815,closed,1.0799005992789246,1.014722762773007e-15,-0.012500109215235748,1.014722762773007e-15,-0.012500109215235748,1.014722762773007e-15,-0.012500109215235748
2.1999999999999793,closed,1.0916927951234885,9.939650693746798e-16,-0.009972216015826325,9.939650693746798e-16,-0.009972216015826325,9.939650693746798e-16,-0.009972216015826325
2.219999999999977,closed,1.10111574239999,1.127682339226035e-15,-0.004456235460440271,1.127682339226035e-15,-0.004456235460440271,1.127682339226035e-15,-0.004456235460440271
2.239999999999975,closed,1.1014411253495628,1.0581336037390822e-15,-0.00986636468542879,1.0581336037390822e-15,-0.00986636468542879,1.0581336037390822e-15,-0.00986636468542879
2.2599999999999727,closed,1.1035289484833322,5.478945282754868e-16,-0.004688821578899632,5.478945282754868e-16,-0.004688821578899632,5.478945282754868e-16,-0.004688821578899632
2.2799999999999705,closed,1.118376968000479,9.651423739869962e-16,0.019211015552723868,9.651423739869962e-16,0.019211015552723868,9.651423739869962e-16,0.019211015552723868
2.2999999999999683,closed,1.1336679549965656,8.886144784899477e-16,-0.010323302652001582,8.886144784899477e-16,-0.010323302652001582,8.886144784899477e-16,-0.010323302652001582
2.319999999999966,closed,1.1327732041406045,9.454354193418591e-16,0.0021492079861790336,9.454354193418591e-16,0.0021492079861790336,9.454354193418591e-16,0.0021492079861790336
2.339999999999964,closed,1.1263705475910544,8.228727525020172e-16,0.0063062360794289805,8.228727525020172e-16,0.0063062360794289805,8.228727525020172e-16,0.0063062360794289805
2.3599999999999617,closed,1.1540682509464912,1.1183145390607743e-15,0.00961648076837865,1.1183145390607743e-15,0.00961648076837865,1.1183145390607743e-15,0.00961648076837865
2.3799999999999595,closed,1.1772250259140236,1.0411027182026536e-15,0.006011897005453974,1.0411027182026536e-15,0.006011897005453974,1.0411027182026536e-15,0.006011897005453974
2.3999999999999573,closed,1.1828869968078612,1.2679845414430862e-15,-0.002578827033599456,1.2679845414430862e-15,-0.002578827033599456,1.2679845414430862e-15,-0.002578827033599456
2.419999999999955,closed,1.1928731291507337,1.4459510809286433e-15,-0.016384542324355093,1.4459510809286433e-15,-0.016384542324355093,1.4459510809286433e-15,-0.016384542324355093
2.439999999999953,closed,1.2115532189587472,1.8077738023583765e-15,0.00448008549001441,1.8077738023583765e-15,0.00448008549001441,1.8077738023583765e-15,0.00448008549001441
2.4599999999999507,closed,1.224072054830015,2.027498775042905e-15,0.021541189610402415,2.027498775042905e-15,0.021541189610402415,2.027498775042905e-15,0.021541189610402415
2.4799999999999485,closed,1.244525381652753,1.918156136683366e-15,0.002701949601478778,1.918156136683366e-15,0.002701949601478778,1.918156136683366e-15,0.002701949601478778
2.4999999999999463,closed,1.2434917076966863,1.6619161166771776e-15,0.008034888863135591,1.6619161166771776e-15,0.008034888863135591,1.6619161166771776e-15,0.008034888863135591
2.519999999999944,closed,1.2552540034253372,1.5072643177977695e-15,0.011069800366426765,1.5072643177977695e-15,0.011069800366426765,1.5072643177977695e-15,0.011069800366426765
2.539999999999942,closed,1.274727743043312,1.5825895460775738e-15,0.009517009971012447,1.5825895460775738e-15,0.009517009971012447,1.5825895460775738e-15,0.009517009971012447
2.5599999999999397,closed,1.2960940944386892,1.4763456070716957e-15,0.013977964340908222,1.4763456070716957e-15,0.013977964340908222,1.4763456070716957e-15,0.013977964340908222
2.5799999999999375,closed,1.3182357598676775,1.1277325172769502e-15,-0.018029926788403258,1.1277325172769502e-15,-0.018029926788403258,1.1277325172769502e-15,-0.018029926788403258
2.5999999999999353,closed,1.3182097642517718,1.1172724416032825e-15,0.012294873055209208,1.1172724416032825e-15,0.012294873055209208,1.1172724416032825e-15,0.012294873055209208
2.619999999999933,closed,1.3358255088084792,1.0631279323492573e-15,0.0061240765992782486,1.0631279323492573e-15,0.0061240765992782486,1.0631279323492573e-15,0.0061240765992782486
2.639999999999931,closed,1.3175706715831708,1.3784844425322298e-15,0.01337848671636657,1.3784844425322298e-15,0.01337848671636657,1.3784844425322298e-15,0.01337848671636657
2.6599999999999286,closed,1.3319929071959937,1.522463769633262e-15,0.0050148479877285285,1.522463769633262e-15,0.0050148479877285285,1.522463769633262e-15,0.0050148479877285285
2.6799999999999264,closed,1.331593956582894,2.040718678098867e-15,-0.0015699690704759808,2.040718678098867e-15,-0.0015699690704759808,2.040718678098867e-15,-0.0015699690704759808
2.6999999999999242,closed,1.3454894753574815,1.7331748406785835e-15,0.0046582032814631675,1.7331748406785835e-15,0.0046582032814631675,1.7331748406785835e-15,0.0046582032814631675
2.719999999999922,closed,1.3551159848199583,1.2393679831429615e-15,-0.010302728986955279,1.2393679831429615e-15,-0.010302728986955279,1.2393679831429615e-15,-0.010302728986955279
2.73999999999992,closed,1.3673869791305855,1.0030246424540004e-15,0.002224487417108782,1.0030246424540004e-15,0.002224487417108782,1.0030246424540004e-15,0.002224487417108782
2.7599999999999176,closed,1.3780237986849027,5.347391792876934e-16,0.007636476502403173,5.347391792876934e-16,0.007636476502403173,5.347391792876934e-16,0.007636476502403173
2.7799999999999154,closed,1.4065838334205867,4.823162465234025e-16,0.005425988925740456,4.823162465234025e-16,0.005425988925740456,4.823162465234025e-16,0.005425988925740456
2.7999999999999132,closed,1.424006158385049,1.1083767998982575e-15,-0.006356868915703914,1.1083767998982575e-15,-0.006356868915703914,1.1083767998982575e-15,-0.006356868915703914
2.819999999999911,closed,1.4508465538165414,5.445102881676766e-16,-0.009547555992339972,5.445102881676766e-16,-0.009547555992339972,5.445102881676766e-16,-0.009547555992339972
2.839999999999909,closed,1.4667531443200816,3.042318927056173e-16,0.017125811636789955,3.042318927056173e-16,0.017125811636789955,3.042318927056173e-16,0.017125811636789955
2.8599999999999066,closed,1.4805031899189074,3.681071842688611e-16,0.004097376263445394,3.681071842688611e-16,0.004097376263445394,3.681071842688611e-16,0.004097376263445394
2.8799999999999044,closed,1.4956754139066084,4.925544501221419e-16,-0.01227699215996555,4.925544501221419e-16,-0.01227699215996555,4.925544501221419e-16,-0.01227699215996555
2.899999999999902,closed,1.501025584484792,1.6225150803831678e-16,0.007564500612741074,1.6225150803831678e-16,0.007564500612741074,1.6225150803831678e-16,0.007564500612741074
2.9199999999999,closed,1.5159585305850103,-2.377251161972964e-16,0.013017207081808915,-2.377251161972964e-16,0.013017207081808915,-2.377251161972964e-16,0.013017207081808915
2.939999999999898,closed,1.5371831078100595,-1.4431087129223738e-16,0.00751773095952294,-1.4431087129223738e-16,0.00751773095952294,-1.4431087129223738e-16,0.00751773095952294
2.9599999999998956,closed,1.560531245057605,-4.8513111247872004e-17,-0.009915307340657596,-4.8513111247872004e-17,-0.009915307340657596,-4.8513111247872004e-17,-0.009915307340657596
2.9799999999998934,closed,1.5713616484210278,4.965458900824001e-16,-0.0008351423133726842,4.965458900824001e-16,-0.0008351423133726842,4.965458900824001e-16,-0.0008351423133726842
2.999999999999891,closed,1.5762091583941145,6.66696361476784e-16,0.005247277693728037,6.66696361476784e-16,0.005247277693728037,6.66696361476784e-16,0.005247277693728037
3.019999999999889,closed,1.599112489352218,6.945435859802795e-16,-0.010689753018068937,6.945435859802795e-16,-0.010689753018068937,6.945435859802795e-16,-0.010689753018068937
3.039999999999887,closed,1.6120550471945907,8.6413605811302775e-16,0.008556350571191904,8.6413605811302775e-16,0.008556350571191904,8.6413605811302775e-16,0.008556350571191904
3.0599999999998846,closed,1.6309991339694405,3.439478072042643e-16,-0.00043461547193406145,3.439478072042643e-16,-0.00043461547193406145,3.439478072042643e-16,-0.00043461547193406145
3.0799999999998824,closed,1.6410003612191444,2.1036741251237398e-16,-0.013817702162179658,2.1036741251237398e-16,-0.013817702162179658,2.1036741251237398e-16,-0.013817702162179658
3.09999999999988,closed,1.645805181795544,1.2450287983449826e-16,-0.013699316961668474,1.2450287983449826e-16,-0.013699316961668474,1.2450287983449826e-16,-0.013699316961668474
3.119999999999878,closed,1.6472146089163817,-2.498920251414949e-16,-0.0059672210383605725,-2.498920251414949e-16,-0.0059672210383605725,-2.498920251414949e-16,-0.0059672210383605725
3.139999999999876,closed,1.6636541632240374,-3.0186258891433475e-18,-0.009505143721872014,-3.0186258891433475e-18,-0.009505143721872014,-3.0186258891433475e-18,-0.009505143721872014
3.1599999999998736,closed,1.6886618606745532,7.791235574840989e-17,0.0036048620133763104,7.791235574840989e-17,0.0036048620133763104,7.791235574840989e-17,0.0036048620133763104
3.1799999999998714,closed,1.706769136798909,4.649039847125637e-16,-0.01428492292060246,4.649039847125637e-16,-0.01428492292060246,4.649039847125637e-16,-0.01428492292060246
3.199999999999869,closed,1.7136878232943127,5.535858831720266e-16,0.0029419242131097133,5.535858831720266e-16,0.0029419242131097133,5.535858831720266e-16,0.0029419242131097133
3.219999999999867,closed,1.7247588861508631,4.640750167094433e-16,-0.006604771366586323,4.640750167094433e-16,-0.006604771366586323,4.640750167094433e-16,-0.006604771366586323
3.2399999999998648,closed,1.7454696299635364,7.137427409626473e-16,0.0011244517064969625,7.137427409626473e-16,0.0011244517064969625,7.137427409626473e-16,0.0011244517064969625
3.2599999999998626,closed,1.762364821177407,4.867308436944413e-16,-0.00705366807869888,4.867308436944413e-16,-0.00705366807869888,4.867308436944413e-16,-0.00705366807869888
3.2799999999998604,closed,1.7906723772780229,9.684503795655886e-16,-0.013856168112530327,9.684503795655886e-16,-0.013856168112530327,9.684503795655886e-16,-0.013856168112530327
3.299999999999858,closed,1.7934156036070819,2.065404825319994e-15,0.004438418556257814,2.065404825319994e-15,0.004438418556257814,2.065404825319994e-15,0.004438418556257814
3.319999999999856,closed,1.8060411092157829,2.065404825319994e-15,0.012580492159751037,2.065404825319994e-15,0.012580492159751037,2.065404825319994e-15,0.012580492159751037
3.3399999999998538,closed,1.8258376836110501,2.1845403654035995e-15,0.018950891942898007,2.1845403654035995e-15,0.018950891942898007,2.1845403654035995e-15,0.018950891942898007
3.3599999999998515,closed,1.8503359518114084,2.2570035859727636e-15,0.028484201447803406,2.2570035859727636e-15,0.028484201447803406,2.2570035859727636e-15,0.028484201447803406
3.3799999999998493,closed,1.872506246746138,2.4071330404976016e-15,0.02180119813455161,2.4071330404976016e-15,0.02180119813455161,2.4071330404976016e-15,0.02180119813455161
3.399999999999847,closed,1.8998887818158632,2.413556275365627e-15,-0.001135167085310291,2.413556275365627e-15,-0.001135167085310291,2.413556275365627e-15,-0.001135167085310291
3.419999999999845,closed,1.9193839173234615,2.413556275365627e-15,-0.029564502066812662,2.413556275365627e-15,-0.029564502066812662,2.413556275365627e-15,-0.029564502066812662
3.4399999999998427,closed,1.9136645299401482,2.2564591810681888e-15,-0.008054570180114863,2.2564591810681888e-15,-0.008054570180114863,2.2564591810681888e-15,-0.008054570180114863
3.4599999999998405,closed,1.9116100618064404,2.2153440947169357e-15,-0.019236146461237787,2.2153440947169357e-15,-0.019236146461237787,2.2153440947169357e-15,-0.019236146461237787
3.4799999999998383,closed,1.9158615441787554,2.8101062534570178e-15,0.0005555884098494691,2.8101062534570178e-15,0.0005555884098494691,2.8101062534570178e-15,0.0005555884098494691
3.499999999999836,closed,1.924061174040032,2.8412710420900916e-15,0.023380860163355954,2.8412710420900916e-15,0.023380860163355954,2.8412710420900916e-15,0.023380860163355954
3.519999999999834,closed,1.9659522788955577,2.8412710420900916e-15,-0.008987270476365881,2.8412710420900916e-15,-0.008987270476365881,2.8412710420900916e-15,-0.008987270476365881
3.5399999999998317,closed,2.0032952296405213,-0.0106598932223948,-0.01219799739256106,-0.0106598932223948,-0.01219799739256106,-0.0106598932223948,-0.01219799739256106
3.5599999999998295,closed,2.0740838928874763,-0.03260843617805406,-0.02446760927358332,-0.03260843617805406,-0.02446760927358332,-0.03260843617805406,-0.02446760927358332
3.5799999999998273,closed,2.143976415305554,-0.057323709199651164,-0.06899975302941369,-0.057323709199651164,-0.06899975302941369,-0.057323709199651164,-0.06899975302941369
3.599999999999825,closed,2.1917763528948124,-0.08246942648522897,-0.08692965545837127,-0.08246942648522897,-0.08692965545837127,-0.08246942648522897,-0.08692965545837127
3.619999999999823,closed,2.2216670868527637,-0.1074093587155232,-0.08872216945733054,-0.1074093587155232,-0.08872216945733054,-0.1074093587155232,-0.08872216945733054
3.6399999999998207,closed,2.28098193915853,-0.13197438074499318,-0.12500994298817103,-0.13197438074499318,-0.12500994298817103,-0.13197438074499318,-0.12500994298817103
3.6599999999998185,closed,2.3078211623133145,-0.15612363526857184,-0.12844496695703939,-0.15612363526857184,-0.12844496695703939,-0.15612363526857184,-0.12844496695703939
3.6799999999998163,closed,2.355644894381427,-0.17985141610055042,-0.16084393518880863,-0.17985141610055042,-0.16084393518880863,-0.17985141610055042,-0.16084393518880863
3.699999999999814,closed,2.387581335248369,-0.20316157972623866,-0.2029044547987392,-0.20316157972623866,-0.2029044547987392,-0.20316157972623866,-0.2029044547987392
3.719999999999812,closed,2.4103284685421107,-0.22606051484379264,-0.21974676984958952,-0.22606051484379264,-0.21974676984958952,-0.22606051484379264,-0.21974676984958952
3.7399999999998097,closed,2.4276330093546123,-0.248555211955348,-0.22163142086201007,-0.248555211955348,-0.22163142086201007,-0.248555211955348,-0.22163142086201007
3.7599999999998075,closed,2.436363004800734,-0.27065273451637256,-0.23066448122137714,-0.27065273451637256,-0.23066448122137714,-0.27065273451637256,-0.23066448122137714
3.7799999999998053,closed,2.4706831411489345,-0.29236007522986346,-0.28833184752042734,-0.29236007522986346,-0.28833184752042734,-0.29236007522986346,-0.28833184752042734
3.799999999999803,closed,2.489200117802888,-0.31368411815666264,-0.31689075568614805,-0.31368411815666264,-0.31689075568614805,-0.31368411815666264,-0.31689075568614805
3.819999999999801,closed,2.477806190958153,-0.33463162987769685,-0.3220647860079781,-0.33463162987769685,-0.3220647860079781,-0.33463162987769685,-0.3220647860079781
3.8399999999997987,closed,2.470537168910667,-0.3552092586124101,-0.3438561160958777,-0.3552092586124101,-0.3438561160958777,-0.3552092586124101,-0.3438561160958777
3.8599999999997965,closed,2.48374116967849,-0.3754235354963861,-0.37712299623587814,-0.3754235354963861,-0.37712299623587814,-0.3754235354963861,-0.37712299623587814
3.8799999999997943,closed,2.4826451054430283,-0.3952808764255205,-0.40421916605306557,-0.3952808764255205,-0.40421916605306557,-0.3952808764255205,-0.40421916605306557
3.899999999999792,closed,2.4879089701063934,-0.41478758402952465,-0.41458865015100277,-0.41478758402952465,-0.41458865015100277,-0.41478758402952465,-0.41458865015100277
3.91999999999979,closed,2.5021222734016884,-0.4339498496550766,-0.42415520271510976,-0.4339498496550766,-0.42415520271510976,-0.4339498496550766,-0.42415520271510976
3.9399999999997877,closed,2.7246949438752797,-0.4527737553261765,-0.4519779626742889,-0.4527737553261765,-0.4519779626742889,-0.4527737553261765,-0.4519779626742889
3.9599999999997855,closed,3.28044983543263,-0.47126527567325827,-0.4707349589534641,-0.47126527567325827,-0.4707349589534641,-0.47126527567325827,-0.4707349589534641
3.9799999999997833,closed,4.202297087775174,-0.48943027982914794,-0.47356276044527773,-0.48943027982914794,-0.47356276044527773,-0.48943027982914794,-0.47356276044527773
3.999999999999781,closed,5.509467551742113,-0.5072745332918072,-0.5157855360743061,-0.5072745332918072,-0.5157855360743061,-0.5072745332918072,-0.5157855360743061
4.019999999999779,closed,4.561066992793151,-0.5248036997542502,-0.5130524082337546,-0.5248036997542502,-0.5130524082337546,-0.5248036997542502,-0.5130524082337546
4.039999999999777,closed,3.8221375806357765,-0.5420233429021691,-0.5369776614630629,-0.5420233429021691,-0.5369776614630629,-0.5420233429021691,-0.5369776614630629
4.059999999999775,closed,3.282961757877727,-0.5589389281798246,-0.5485006420866938,-0.5589389281798246,-0.5485006420866938,-0.5589389281798246,-0.5485006420866938
4.079999999999773,closed,2.916311759993516,-0.5755558245247535,-0.5680781948181569,-0.5755558245247535,-0.5680781948181569,-0.5755558245247535,-0.5680781948181569
4.0999999999997705,closed,2.6667464479511698,-0.5918793060718479,-0.5790339207518413,-0.5918793060718479,-0.5790339207518413,-0.5918793060718479,-0.5790339207518413
4.119999999999768,closed,2.51155542292054,-0.6079145538273438,-0.6079979410148069,-0.6079145538273438,-0.6079979410148069,-0.6079145538273438,-0.6079979410148069
4.139999999999766,closed,2.448390714424914,-0.6236666573132512,-0.6067125669090994,-0.6236666573132512,-0.6067125669090994,-0.6236666573132512,-0.6067125669090994
4.159999999999764,closed,2.4397390965115084,-0.6391406161827483,-0.6383218591482896,-0.6391406161827483,-0.6383218591482896,-0.6391406161827483,-0.6383218591482896
4.179999999999762,closed,2.445432919812267,-0.6543413418070512,-0.6663931278823763,-0.6543413418070512,-0.6663931278823763,-0.6543413418070512,-0.6663931278823763
4.1999999999997595,closed,2.4664790911453407,-0.66927365883426,-0.6556410816653104,-0.66927365883426,-0.6556410816653104,-0.66927365883426,-0.6556410816653104
4.219999999999757,closed,2.473752866637695,-0.6839423067206866,-0.6902413740277489,-0.6839423067206866,-0.6902413740277489,-0.6839423067206866,-0.6902413740277489
4.239999999999755,closed,2.487323599908853,-0.6983519412351356,-0.6892029366230412,-0.6983519412351356,-0.6892029366230412,-0.6983519412351356,-0.6892029366230412
4.259999999999753,closed,2.5168952658929133,-0.7125071359366275,-0.6854902661154265,-0.7125071359366275,-0.6854902661154265,-0.7125071359366275,-0.6854902661154265
4.279999999999751,closed,2.5653027470753047,-0.7264123836260283,-0.7159590743499391,-0.7264123836260283,-0.7159590743499391,-0.7264123836260283,-0.7159590743499391
4.2999999999997485,closed,2.5853461503523847,-0.7400720977720444,-0.7370239392089333,-0.7400720977720444,-0.7370239392089333,-0.7400720977720444,-0.7370239392089333
4.319999999999746,closed,2.619456377452882,-0.7534906139120408,-0.7479603755734453,-0.7534906139120408,-0.7479603755734453,-0.7534906139120408,-0.7479603755734453
4.339999999999744,closed,2.6661218475858033,-0.7666721910281218,-0.7730736311567716,-0.7666721910281218,-0.7730736311567716,-0.7666721910281218,-0.7730736311567716
4.359999999999742,closed,3.0482162913017525,-0.7796210128989172,-0.7755183828757237,-0.7796210128989172,-0.7755183828757237,-0.7796210128989172,-0.7755183828757237
4.37999999999974,closed,3.8487809570506535,-0.7923411894274931,-0.7935987366316979,-0.7923411894274931,-0.7935987366316979,-0.7923411894274931,-0.7935987366316979
4.3999999999997375,closed,5.007048421356143,-0.8048367579458197,-0.8232959208131507,-0.8048367579458197,-0.8232959208131507,-0.8048367579458197,-0.8232959208131507
4.419999999999735,closed,6.459107841826531,-0.8171116844962045,-0.8185701810603775,-0.8171116844962045,-0.8185701810603775,-0.8171116844962045,-0.8185701810603775
4.439999999999733,closed,5.425278979912095,-0.8291940353046977,-0.84812119401015,-0.8291940353046977,-0.84812119401015,-0.8291940353046977,-0.84812119401015
4.459999999999731,closed,4.591061394592841,-0.8410856376207055,-0.8482889516817558,-0.8410856376207055,-0.8482889516817558,-0.8410856376207055,-0.8482889516817558
4.479999999999729,closed,3.927727787766699,-0.8527328273975927,-0.8612981695890846,-0.8527328273975927,-0.8612981695890846,-0.8527328273975927,-0.8612981695890846
4.499999999999726,closed,3.40917918622094,-0.8641649046099477,-0.8506179892922549,-0.8641649046099477,-0.8506179892922549,-0.8641649046099477,-0.8506179892922549
4.519999999999724,closed,2.995398986802165,-0.8753926258190258,-0.8913303283909032,-0.8753926258190258,-0.8913303283909032,-0.8753926258190258,-0.8913303283909032
4.539999999999722,closed,2.6697930699763437,-0.8864215165179474,-0.8632368520035084,-0.8864215165179474,-0.8632368520035084,-0.8864215165179474,-0.8632368520035084
4.55999999999972,closed,2.4135024322090843,-0.8972091320230295,-0.8569260223978984,-0.8972091320230295,-0.8569260223978984,-0.8972091320230295,-0.8569260223978984
4.579999999999718,closed,2.2239975136600534,-0.9076833627293142,-0.9048385754292153,-0.9076833627293142,-0.9048385754292153,-0.9076833627293142,-0.9048385754292153
4.599999999999715,closed,2.0708063681102717,-0.9180951054101016,-0.9451249298529788,-0.9180951054101016,-0.9451249298529788,-0.9180951054101016,-0.9451249298529788
4.619999999999713,closed,1.8976792387052768,-0.9275665260365918,-0.8836964269836274,-0.9275665260365918,-0.8836964269836274,-0.9275665260365918,-0.8836964269836274
4.639999999999711,closed,1.8069526825141198,-0.9374143225838584,-0.9391414137716629,-0.9374143225838584,-0.9391414137716629,-0.9374143225838584,-0.9391414137716629
4.659999999999709,closed,1.7241988924809972,-0.9472756375996894,-0.930715211729947,-0.9472756375996894,-0.930715211729947,-0.9472756375996894,-0.930715211729947
4.679999999999707,closed,1.6754081309198545,-0.9570145628788713,-0.957102927286712,-0.9570145628788713,-0.957102927286712,-0.9570145628788713,-0.957102927286712
4.699999999999704,closed,1.6475666282689982,-0.9665959885957814,-0.9585748167767669,-0.9665959885957814,-0.9585748167767669,-0.9665959885957814,-0.9585748167767669
4.719999999999702,closed,1.627980989145329,-0.9760124069318459,-0.9814236126687612,-0.9760124069318459,-0.9814236126687612,-0.9760124069318459,-0.9814236126687612
4.7399999999997,closed,1.594967945823006,-0.9852638507028819,-0.967817495674186,-0.9852638507028819,-0.967817495674186,-0.9852638507028819,-0.967817495674186
4.759999999999698,closed,1.5981064463247283,-0.9943523968086772,-1.0009885558398488,-0.9943523968086772,-1.0009885558398488,-0.9943523968086772,-1.0009885558398488
4.779999999999696,closed,1.5758654149061704,-1.0032806587287342,-0.9927561905999706,-1.0032806587287342,-0.9927561905999706,-1.0032806587287342,-0.9927561905999706
4.799999999999693,closed,1.5718141615700871,-1.012051371086098,-1.0109876801173785,-1.012051371086098,-1.0109876801173785,-1.012051371086098,-1.0109876801173785
4.819999999999691,closed,1.5364041421526098,-1.020667273548293,-1.001606811510504,-1.020667273548293,-1.001606811510504,-1.020667273548293,-1.001606811510504
4.839999999999689,closed,1.5287270640181234,-1.0291310772886335,-1.0206706362280626,-1.0291310772886335,-1.0206706362280626,-1.0291310772886335,-1.0206706362280626
4.859999999999687,closed,1.5114073151319576,-1.0374454546652407,-1.0370304715582812,-1.0374454546652407,-1.0370304715582812,-1.0374454546652407,-1.0370304715582812
4.879999999999685,closed,1.4982392009449639,-1.0456130357641507,-1.0432051673449207,-1.0456130357641507,-1.0432051673449207,-1.0456130357641507,-1.0432051673449207
4.899999999999682,closed,1.4963565304044588,-1.0536364072009219,-1.0455175704013173,-1.0536364072009219,-1.0455175704013173,-1.0536364072009219,-1.0455175704013173
4.91999999999968,closed,1.4967311312516676,-1.0615181118079104,-1.0634818410581506,-1.0615181118079104,-1.0634818410581506,-1.0615181118079104,-1.0634818410581506
4.939999999999678,closed,1.5031138658747785,-1.069260648745527,-1.056600128628193,-1.069260648745527,-1.056600128628193,-1.069260648745527,-1.056600128628193
4.959999999999676,closed,1.4920447158520704,-1.076866473849266,-1.0516694988266237,-1.076866473849266,-1.0516694988266237,-1.076866473849266,-1.0516694988266237
4.979999999999674,closed,1.4948386927363142,-1.0843380001181708,-1.0628977576446619,-1.0843380001181708,-1.0628977576446619,-1.0843380001181708,-1.0628977576446619
4.999999999999671,closed,1.4711498372548861,-1.0916775982898514,-1.0834326584925225,-1.0916775982898514,-1.0834326584925225,-1.0916775982898514,-1.0834326584925225
5.019999999999669,closed,1.425524919320154,-1.0988875974675971,-1.0794358213803765,-1.0988875974675971,-1.0794358213803765,-1.0988875974675971,-1.0794358213803765
5.039999999999667,closed,1.3963561492257819,-1.1059702857773384,-1.082025308776063,-1.1059702857773384,-1.082025308776063,-1.1059702857773384,-1.082025308776063
5.059999999999665,closed,1.4054853577401398,-1.1129279110398769,-1.1202169664264274,-1.1129279110398769,-1.1202169664264274,-1.1129279110398769,-1.1202169664264274
5.079999999999663,closed,1.4038460046807208,-1.119762681448905,-1.1062835638671262,-1.119762681448905,-1.1062835638671262,-1.119762681448905,-1.1062835638671262
5.09999999999966,closed,1.4207139956754729,-1.1264767662486532,-1.1254317016550606,-1.1264767662486532,-1.1254317016550606,-1.1264767662486532,-1.1254317016550606
5.119999999999658,closed,1.4206636907374426,-1.1330722964071753,-1.1048407263670992,-1.1330722964071753,-1.1048407263670992,-1.1330722964071753,-1.1048407263670992
5.139999999999656,closed,1.416724929731235,-1.139551365282726,-1.1164133186799574,-1.139551365282726,-1.1164133186799574,-1.139551365282726,-1.1164133186799574
5.159999999999654,closed,1.4315331364042734,-1.1459160292816506,-1.1100814495644433,-1.1459160292816506,-1.1100814495644433,-1.1459160292816506,-1.1100814495644433
5.1799999999996515,closed,1.4463462827985845,-1.152168308506793,-1.153068056710303,-1.152168308506793,-1.153068056710303,-1.152168308506793,-1.153068056710303
5.199999999999649,closed,1.4615530911895118,-1.1583101873958614,-1.159953120531261,-1.1583101873958614,-1.159953120531261,-1.1583101873958614,-1.159953120531261
5.219999999999647,closed,1.473486472106375,-1.1643436153494429,-1.1736029856734416,-1.1643436153494429,-1.1736029856734416,-1.1643436153494429,-1.1736029856734416
5.239999999999645,closed,1.4624940293157593,-1.1702705073485293,-1.148716447442861,-1.1702705073485293,-1.148716447442861,-1.1702705073485293,-1.148716447442861
5.259999999999643,closed,1.464881747176669,-1.1760927445615383,-1.156678038974739,-1.1760927445615383,-1.156678038974739,-1.1760927445615383,-1.156678038974739
5.2799999999996405,closed,1.4783217637914308,-1.1818121749408657,-1.19445945518325,-1.1818121749408657,-1.19445945518325,-1.1818121749408657,-1.19445945518325
5.299999999999638,closed,1.4734405712879077,-1.1874306138090847,-1.170054506815888,-1.1874306138090847,-1.170054506815888,-1.1874306138090847,-1.170054506815888
5.319999999999636,closed,1.4712916086931827,-1.192949844434897,-1.2252490151421416,-1.192949844434897,-1.2252490151421416,-1.192949844434897,-1.2252490151421416
5.339999999999634,closed,1.4496475272569418,-1.1983716185989883,-1.1982112385018602,-1.1983716185989883,-1.1982112385018602,-1.1983716185989883,-1.1982112385018602
5.359999999999632,closed,1.4532444730391851,-1.203697657149948,-1.1980791136960092,-1.203697657149948,-1.1980791136960092,-1.203697657149948,-1.1980791136960092
5.3799999999996295,closed,1.4781536817936451,-1.2089296505503866,-1.2228131303410965,-1.2089296505503866,-1.2228131303410965,-1.2089296505503866,-1.2228131303410965
5.399999999999627,closed,1.491207076168887,-1.21406925941345,-1.2048382691492243,-1.21406925941345,-1.2048382691492243,-1.21406925941345,-1.2048382691492243
5.419999999999625,closed,1.4957902809047359,-1.2191181150298593,-1.207447783774517,-1.2191181150298593,-1.207447783774517,-1.2191181150298593,-1.207447783774517
5.439999999999623,closed,1.5065922135098877,-1.2240778198856619,-1.2262867594902946,-1.2240778198856619,-1.2262867594902946,-1.2240778198856619,-1.2262867594902946
5.459999999999621,closed,1.5149384698658779,-1.228949948170838,-1.2516377975296373,-1.228949948170838,-1.2516377975296373,-1.228949948170838,-1.2516377975296373
5.4799999999996185,closed,1.5292954812351538,-1.233736046278939,-1.2427146484910108,-1.233736046278939,-1.2427146484910108,-1.233736046278939,-1.2427146484910108
5.499999999999616,closed,1.534759784041868,-1.238437633297897,-1.2388596395409925,-1.238437633297897,-1.2388596395409925,-1.238437633297897,-1.2388596395409925
5.519999999999614,closed,1.544246934792478,-1.2430562014921784,-1.2391089022196247,-1.2430562014921784,-1.2391089022196247,-1.2430562014921784,-1.2391089022196247
5.539999999999612,closed,1.5571810313122556,-1.247593216776419,-1.2316937068835807,-1.247593216776419,-1.2316937068835807,-1.247593216776419,-1.2316937068835807
5.55999999999961,closed,1.5577578856018457,-1.2520501191806965,-1.250925534609207,-1.2520501191806965,-1.250925534609207,-1.2520501191806965,-1.250925534609207
5.5799999999996075,closed,1.5561064292757847,-1.2564283233075895,-1.2677721425051782,-1.2564283233075895,-1.2677721425051782,-1.2564283233075895,-1.2677721425051782
5.599999999999605,closed,1.5855342857259336,-1.2607292187811674,-1.2567378117534687,-1.2607292187811674,-1.2567378117534687,-1.2607292187811674,-1.2567378117534687
5.619999999999603,closed,1.6008145389152697,-1.2649541706880496,-1.2618206336035824,-1.2649541706880496,-1.2618206336035824,-1.2649541706880496,-1.2618206336035824
5.639999999999601,closed,1.607009280478993,-1.2691045200106792,-1.2678892111432591,-1.2691045200106792,-1.2678892111432591,-1.2691045200106792,-1.2678892111432591
5.659999999999599,closed,1.607077999495404,-1.2731815840529415,-1.2841891797194884,-1.2731815840529415,-1.2841891797194884,-1.2731815840529415,-1.2841891797194884
5.6799999999995965,closed,1.621920456080963,-1.277186656858282,-1.28647040440296,-1.277186656858282,-1.28647040440296,-1.277186656858282,-1.28647040440296
5.699999999999594,closed,1.626263320575481,-1.2811210096204153,-1.272741543709976,-1.2811210096204153,-1.272741543709976,-1.2811210096204153,-1.272741543709976
5.719999999999592,closed,1.6366991393214074,-1.284985891086808,-1.285957641639942,-1.284985891086808,-1.285957641639942,-1.284985891086808,-1.285957641639942
5.73999999999959,closed,1.6618124023106833,-1.2887825279550154,-1.2947416133899083,-1.2887825279550154,-1.2947416133899083,-1.2887825279550154,-1.2947416133899083
5.759999999999588,closed,1.6776917273323406,-1.2925121252620435,-1.273897161621432,-1.2925121252620435,-1.273897161621432,-1.2925121252620435,-1.273897161621432
5.7799999999995855,closed,1.6580868362695005,-1.296175866766812,-1.3098764301155548,-1.296175866766812,-1.3098764301155548,-1.296175866766812,-1.3098764301155548
5.799999999999583,closed,1.6721214732616851,-1.2997749153258806,-1.2677745090235983,-1.2997749153258806,-1.2677745090235983,-1.2997749153258806,-1.2677745090235983
5.819999999999581,closed,1.6717700721025064,-1.3033104132625337,-1.2984923332734255,-1.3033104132625337,-1.2984923332734255,-1.3033104132625337,-1.2984923332734255
5.839999999999579,closed,1.683738796010273,-1.3067834827293454,-1.3163917341481801,-1.3067834827293454,-1.3163917341481801,-1.3067834827293454,-1.3163917341481801
5.859999999999577,closed,1.7189885116569938,-1.3101952260643475,-1.3145879437035581,-1.3101952260643475,-1.3145879437035581,-1.3101952260643475,-1.3145879437035581
5.8799999999995745,closed,1.7373528020374904,-1.3135467261409155,-1.3049937070079938,-1.3135467261409155,-1.3049937070079938,-1.3135467261409155,-1.3049937070079938
5.899999999999572,closed,1.732524559389625,-1.316839046711457,-1.3077993490580626,-1.316839046711457,-1.3077993490580626,-1.316839046711457,-1.3077993490580626
5.91999999999957,closed,1.7402583054885208,-1.320073232745047,-1.311995883979303,-1.320073232745047,-1.311995883979303,-1.320073232745047,-1.311995883979303
5.939999999999568,closed,1.75982730085347,-1.3232503107590927,-1.3097738427430963,-1.3232503107590927,-1.3097738427430963,-1.3232503107590927,-1.3097738427430963
5.959999999999566,closed,1.764453404656503,-1.326371289145157,-1.3136189044053435,-1.326371289145157,-1.3136189044053435,-1.326371289145157,-1.3136189044053435
5.979999999999563,closed,1.7583323290067725,-1.329437158489001,-1.317914496518129,-1.329437158489001,-1.317914496518129,-1.329437158489001,-1.317914496518129
5.999999999999561,closed,1.7745778953454816,-1.33244889188501,-1.3287596035573837,-1.33244889188501,-1.3287596035573837,-1.33244889188501,-1.3287596035573837
6.019999999999559,closed,1.8031382010232406,-1.3354074452450375,-1.3576229431131739,-1.3354074452450375,-1.3576229431131739,-1.3354074452450375,-1.3576229431131739
6.039999999999557,closed,1.8231259688112398,-1.3383137576018123,-1.3323653730080969,-1.3383137576018123,-1.3323653730080969,-1.3383137576018123,-1.3323653730080969
6.059999999999555,closed,1.8486355403631778,-1.3411687514069806,-1.3231823085348364,-1.3411687514069806,-1.3231823085348364,-1.3411687514069806,-1.3231823085348364
6.079999999999552,closed,1.8523968688585069,-1.343973332823893,-1.3535603910068272,-1.343973332823893,-1.3535603910068272,-1.343973332823893,-1.3535603910068272
6.09999999999955,closed,1.866439240019664,-1.3467283920152118,-1.3687417394090466,-1.3467283920152118,-1.3687417394090466,-1.3467283920152118,-1.3687417394090466
6.119999999999548,closed,1.8734074250578279,-1.349434803425449,-1.3710199460204708,-1.349434803425449,-1.3710199460204708,-1.349434803425449,-1.3710199460204708
6.139999999999546,closed,1.8888993025927088,-1.3520934260585065,-1.3461089877708219,-1.3520934260585065,-1.3461089877708219,-1.3520934260585065,-1.3461089877708219
6.159999999999544,closed,1.8925443562241868,-1.3547051037503335,-1.3400173780260056,-1.3547051037503335,-1.3400173780260056,-1.3547051037503335,-1.3400173780260056
6.179999999999541,closed,1.906918668749425,-1.3572706654367381,-1.3499303423551179,-1.3572706654367381,-1.3499303423551179,-1.3572706654367381,-1.3499303423551179
6.199999999999539,closed,1.9220603810156425,-1.3597909254164944,-1.3602643311303362,-1.3597909254164944,-1.3602643311303362,-1.3597909254164944,-1.3602643311303362
6.219999999999537,closed,1.9427433335431852,-1.3567080680444716,-1.3622572496708145,-1.3567080680444716,-1.3622572496708145,-1.3567080680444716,-1.3622572496708145
6.239999999999535,closed,1.989043538450573,-1.3391580663981342,-1.3515391966304182,-1.3391580663981342,-1.3515391966304182,-1.3391580663981342,-1.3515391966304182
6.259999999999533,closed,2.0396503860651913,-1.3172722764845621,-1.3150356165746242,-1.3172722764845621,-1.3150356165746242,-1.3172722764845621,-1.3150356165746242
6.27999999999953,closed,2.080635463017664,-1.2944962186378195,-1.2912612982837677,-1.2944962186378195,-1.2912612982837677,-1.2944962186378195,-1.2912612982837677
6.299999999999528,closed,2.111758831572271,-1.2717714657032166,-1.281324840791497,-1.2717714657032166,-1.281324840791497,-1.2717714657032166,-1.281324840791497
6.319999999999526,closed,2.1379805071176508,-1.2493515532796202,-1.2486256341533593,-1.2493515532796202,-1.2486256341533593,-1.2493515532796202,-1.2486256341533593
6.339999999999524,closed,2.1562490590466137,-1.2273010238565385,-1.2342366324968705,-1.2273010238565385,-1.2342366324968705,-1.2273010238565385,-1.2342366324968705
6.359999999999522,closed,2.186890345371525,-1.20563257176424,-1.215130741010116,-1.20563257176424,-1.215130741010116,-1.20563257176424,-1.215130741010116
6.379999999999519,closed,2.213626488991317,-1.184344731547612,-1.2105626898546074,-1.184344731547612,-1.2105626898546074,-1.184344731547612,-1.2105626898546074
6.399999999999517,closed,2.2347360821230677,-1.163432233857509,-1.169025720706344,-1.163432233857509,-1.169025720706344,-1.163432233857509,-1.169025720706344
6.419999999999515,closed,2.2559676416083603,-1.1428888498970164,-1.129970148070164,-1.1428888498970164,-1.129970148070164,-1.1428888498970164,-1.129970148070164
6.439999999999513,closed,2.291413708558018,-1.122708171610644,-1.1443327364749714,-1.122708171610644,-1.1443327364749714,-1.122708171610644,-1.1443327364749714
6.459999999999511,closed,2.3233719998929825,-1.1028838246041994,-1.1387883935924523,-1.1028838246041994,-1.1387883935924523,-1.1028838246041994,-1.1387883935924523
6.479999999999508,closed,2.3412626402186234,-1.0834095251948657,-1.0953070816787478,-1.0834095251948657,-1.0953070816787478,-1.0834095251948657,-1.0953070816787478
6.499999999999506,closed,2.3536241312585404,-1.064279094651214,-1.0489437335573104,-1.064279094651214,-1.0489437335573104,-1.064279094651214,-1.0489437335573104
6.519999999999504,closed,2.3408993133355036,-1.045486461693625,-1.0372212464909298,-1.045486461693625,-1.0372212464909298,-1.045486461693625,-1.0372212464909298
6.539999999999502,closed,2.3556530540334344,-1.0270256617933966,-1.0207377124545578,-1.0270256617933966,-1.0207377124545578,-1.0270256617933966,-1.0207377124545578
6.5599999999995,closed,2.3738780188685795,-1.0088908356165873,-1.0358995578167434,-1.0088908356165873,-1.0358995578167434,-1.0088908356165873,-1.0358995578167434
6.579999999999497,closed,2.39422571409119,-0.9910762272568877,-1.0024576596296413,-0.9910762272568877,-1.0024576596296413,-0.9910762272568877,-1.0024576596296413
6.599999999999495,closed,2.3991858312884493,-0.9735761824341695,-0.9929595946338696,-0.9735761824341695,-0.9929595946338696,-0.9735761824341695,-0.9929595946338696
6.619999999999493,closed,2.4282956266808777,-0.9563851467068318,-0.9772288163948066,-0.9563851467068318,-0.9772288163948066,-0.9563851467068318,-0.9772288163948066
6.639999999999491,closed,2.449455771741777,-0.9394976637107678,-0.950230574036654,-0.9394976637107678,-0.950230574036654,-0.9394976637107678,-0.950230574036654
6.6599999999994886,closed,2.4464590525680685,-0.922908373428066,-0.9017507024789185,-0.922908373428066,-0.9017507024789185,-0.922908373428066,-0.9017507024789185
6.679999999999486,closed,2.451514735431908,-0.9066120104859074,-0.8907194892768047,-0.9066120104859074,-0.8907194892768047,-0.9066120104859074,-0.8907194892768047
6.699999999999484,closed,2.451909162252791,-0.8906034024853949,-0.8925595485666279,-0.8906034024853949,-0.8925595485666279,-0.8906034024853949,-0.8925595485666279
6.719999999999482,closed,2.4635497667096518,-0.8748774683598699,-0.8592738517998948,-0.8748774683598699,-0.8592738517998948,-0.8748774683598699,-0.8592738517998948
6.73999999999948,closed,2.480052053709724,-0.8594292167622013,-0.8876235335182795,-0.8594292167622013,-0.8876235335182795,-0.8594292167622013,-0.8876235335182795
6.7599999999994775,closed,2.507112664410602,-0.8442537444805576,-0.8460158395624121,-0.8442537444805576,-0.8460158395624121,-0.8442537444805576,-0.8460158395624121
6.779999999999475,closed,2.5218784664517195,-0.8293462348821451,-0.8240626208798932,-0.8293462348821451,-0.8240626208798932,-0.8293462348821451,-0.8240626208798932
6.799999999999473,closed,2.520355481444714,-0.8147019563844293,-0.8396307258288667,-0.8147019563844293,-0.8396307258288667,-0.8147019563844293,-0.8396307258288667
6.819999999999471,closed,2.537027486023961,-0.8003162609533487,-0.790582807636087,-0.8003162609533487,-0.790582807636087,-0.8003162609533487,-0.790582807636087
6.839999999999469,closed,2.541484706904202,-0.7861845826280506,-0.8223933790144987,-0.7861845826280506,-0.8223933790144987,-0.7861845826280506,-0.8223933790144987
6.8599999999994665,closed,2.7202913215013864,-0.7723024360716712,-0.7747499468814868,-0.7723024360716712,-0.7747499468814868,-0.7723024360716712,-0.7747499468814868
6.879999999999464,closed,3.2049085728257554,-0.7586654151477079,-0.7733888475586278,-0.7586654151477079,-0.7733888475586278,-0.7586654151477079,-0.7733888475586278
6.899999999999462,closed,4.099155547717144,-0.7448524563579387,-0.7551262440822757,-0.7448524563579387,-0.7551262440822757,-0.7448524563579387,-0.7551262440822757
6.91999999999946,closed,5.369112466986407,-0.7301837426666238,-0.7267644796531953,-0.7301837426666238,-0.7267644796531953,-0.7301837426666238,-0.7267644796531953
6.939999999999458,closed,4.445839915651961,-0.7168008279106467,-0.7023880579805968,-0.7168008279106467,-0.7023880579805968,-0.7168008279106467,-0.7023880579805968
6.9599999999994555,closed,3.7784018470018594,-0.7020814950676942,-0.7080393525581167,-0.7020814950676942,-0.7080393525581167,-0.7020814950676942,-0.7080393525581167
6.979999999999453,closed,3.3481878109413206,-0.6797048722518135,-0.6836113143324893,-0.6797048722518135,-0.6836113143324893,-0.6797048722518135,-0.6836113143324893
6.999999999999451,closed,3.0647374246936963,-0.6592482229804421,-0.6622095558182636,-0.6592482229804421,-0.6622095558182636,-0.6592482229804421,-0.6622095558182636
7.019999999999449,closed,2.8784992226585984,-0.6450591323486426,-0.6376232888037888,-0.6450591323486426,-0.6376232888037888,-0.6450591323486426,-0.6376232888037888
7.039999999999447,closed,2.907031311742053,-0.6241846953811013,-0.6237127582720807,-0.6241846953811013,-0.6237127582720807,-0.6241846953811013,-0.6237127582720807
7.0599999999994445,closed,3.0301909089571017,-0.597970813961893,-0.6102482286714642,-0.597970813961893,-0.6102482286714642,-0.597970813961893,-0.6102482286714642
7.079999999999442,closed,3.059773701542632,-0.579324891166057,-0.5890981538046511,-0.579324891166057,-0.5890981538046511,-0.579324891166057,-0.5890981538046511
7.09999999999944,closed,3.2443062926419906,-0.5558466477239374,-0.5752877337289123,-0.5558466477239374,-0.5752877337289123,-0.5558466477239374,-0.5752877337289123
7.119999999999438,closed,3.451393247287408,-0.527954675373765,-0.5652859713912828,-0.527954675373765,-0.5652859713912828,-0.527954675373765,-0.5652859713912828
7.139999999999436,closed,3.6661552472202867,-0.4990313538066075,-0.5054137751101636,-0.4990313538066075,-0.5054137751101636,-0.4990313538066075,-0.5054137751101636
7.1599999999994335,closed,3.857709316944944,-0.4697273130443349,-0.47154065488689906,-0.4697273130443349,-0.47154065488689906,-0.4697273130443349,-0.47154065488689906
7.179999999999431,closed,4.01419431159556,-0.4405510334674521,-0.4595073196996638,-0.4405510334674521,-0.4595073196996638,-0.4405510334674521,-0.4595073196996638
7.199999999999429,closed,4.158738536582252,-0.41166139009708014,-0.39577912649546976,-0.41166139009708014,-0.39577912649546976,-0.41166139009708014,-0.39577912649546976
7.219999999999427,closed,4.281757216925386,-0.3834944249970954,-0.3967810255307101,-0.3834944249970954,-0.3967810255307101,-0.3834944249970954,-0.3967810255307101
7.239999999999425,closed,4.397579379489003,-0.35535803387630965,-0.3767232367872379,-0.35535803387630965,-0.3767232367872379,-0.35535803387630965,-0.3767232367872379
7.2599999999994225,closed,4.486404522735505,-0.3277924737378822,-0.36894621933571076,-0.3277924737378822,-0.36894621933571076,-0.3277924737378822,-0.36894621933571076
7.27999999999942,closed,4.731623025840325,-0.3066912000484524,-0.3046396254784738,-0.3066912000484524,-0.3046396254784738,-0.3066912000484524,-0.3046396254784738
7.299999999999418,closed,5.247719724437901,-0.29200190870050596,-0.3219257493083069,-0.29200190870050596,-0.3219257493083069,-0.29200190870050596,-0.3219257493083069
7.319999999999416,closed,6.057394905310919,-0.28107267000848274,-0.28640361382724316,-0.28107267000848274,-0.28640361382724316,-0.28107267000848274,-0.28640361382724316
7.339999999999414,closed,7.177496813138879,-0.27307561787127305,-0.2810885317500287,-0.27307561787127305,-0.2810885317500287,-0.27307561787127305,-0.2810885317500287
7.3599999999994115,closed,6.019907732703048,-0.2671530609644318,-0.27157371101584876,-0.2671530609644318,-0.27157371101584876,-0.2671530609644318,-0.27157371101584876
7.379999999999409,closed,5.0498439086036715,-0.2616616474287743,-0.2663297500045356,-0.2616616474287743,-0.2663297500045356,-0.2616616474287743,-0.2663297500045356
7.399999999999407,closed,4.292700258189569,-0.25655277300495394,-0.24758570330092056,-0.25655277300495394,-0.24758570330092056,-0.25655277300495394,-0.24758570330092056
7.419999999999405,closed,3.670460226569442,-0.25233175870639285,-0.26815132151561666,-0.25233175870639285,-0.26815132151561666,-0.25233175870639285,-0.26815132151561666
7.439999999999403,closed,3.205457169279325,-0.2482976122638481,-0.266848278699167,-0.2482976122638481,-0.266848278699167,-0.2482976122638481,-0.266848278699167
7.4599999999994,closed,2.8360054507424977,-0.2448326816275042,-0.25450160743308237,-0.2448326816275042,-0.25450160743308237,-0.2448326816275042,-0.25450160743308237
7.479999999999398,closed,2.5484133232241146,-0.2410223723265102,-0.24674691751727312,-0.2410223723265102,-0.24674691751727312,-0.2410223723265102,-0.24674691751727312
7.499999999999396,closed,2.3433142657753736,-0.23748835343284497,-0.2570951565774662,-0.23748835343284497,-0.2570951565774662,-0.23748835343284497,-0.2570951565774662
7.519999999999394,closed,2.1793192515773177,-0.2341671703040723,-0.26153049481180446,-0.2341671703040723,-0.26153049481180446,-0.2341671703040723,-0.26153049481180446
7.539999999999392,closed,2.0784128368731314,-0.23085381703875502,-0.22662326611014338,-0.23085381703875502,-0.22662326611014338,-0.23085381703875502,-0.22662326611014338
7.559999999999389,closed,1.9997032607954823,-0.22753048023233566,-0.24055727483773662,-0.22753048023233566,-0.24055727483773662,-0.22753048023233566,-0.24055727483773662
7.579999999999387,closed,1.942678100872176,-0.22452067470771542,-0.24896528061869858,-0.22452067470771542,-0.24896528061869858,-0.22452067470771542,-0.24896528061869858
7.599999999999385,closed,1.8748073244891799,-0.22186351195585483,-0.23195445770341594,-0.22186351195585483,-0.23195445770341594,-0.22186351195585483,-0.23195445770341594
7.619999999999383,closed,1.8486626464732412,-0.2186121479273906,-0.22458614736857158,-0.2186121479273906,-0.22458614736857158,-0.2186121479273906,-0.22458614736857158
7.639999999999381,closed,1.8195148966078052,-0.21559955305851752,-0.2194805225580506,-0.21559955305851752,-0.2194805225580506,-0.21559955305851752,-0.2194805225580506
7.659999999999378,closed,1.7850484060681258,-0.21257065873888442,-0.19554832228956565,-0.21257065873888442,-0.19554832228956565,-0.21257065873888442,-0.19554832228956565
7.679999999999376,closed,1.768949947474795,-0.2095647184434038,-0.20462448849851952,-0.2095647184434038,-0.20462448849851952,-0.2095647184434038,-0.20462448849851952
7.699999999999374,closed,1.7628744171750819,-0.20678814997538134,-0.21059694534317186,-0.20678814997538134,-0.21059694534317186,-0.20678814997538134,-0.21059694534317186
7.719999999999372,closed,1.7570085075219153,-0.20387193310665092,-0.2070642362848307,-0.20387193310665092,-0.2070642362848307,-0.20387193310665092,-0.2070642362848307
7.73999999999937,closed,1.7435508720613389,-0.2011435151934821,-0.20407817364198028,-0.2011435151934821,-0.20407817364198028,-0.2011435151934821,-0.20407817364198028
7.759999999999367,closed,1.7531748145231163,-0.19856731071268552,-0.18899053376612196,-0.19856731071268552,-0.18899053376612196,-0.19856731071268552,-0.18899053376612196
7.779999999999365,closed,1.7600967805720342,-0.19580726522441613,-0.21517991502519615,-0.19580726522441613,-0.21517991502519615,-0.19580726522441613,-0.21517991502519615
7.799999999999363,closed,1.7451474438815502,-0.1931927940215046,-0.19902286047482354,-0.1931927940215046,-0.19902286047482354,-0.1931927940215046,-0.19902286047482354
7.819999999999361,closed,1.753409369449478,-0.1903455613580661,-0.19580307859596488,-0.1903455613580661,-0.19580307859596488,-0.1903455613580661,-0.19580307859596488
7.839999999999359,closed,1.7495253211037447,-0.18790934679908272,-0.17501009282718485,-0.18790934679908272,-0.17501009282718485,-0.18790934679908272,-0.17501009282718485
7.859999999999356,closed,1.7450470966851872,-0.18521383854363452,-0.20280481743195075,-0.18521383854363452,-0.20280481743195075,-0.18521383854363452,-0.20280481743195075
7.879999999999354,closed,1.7499333173483353,-0.18257565642934684,-0.17460762515149414,-0.18257565642934684,-0.17460762515149414,-0.18257565642934684,-0.17460762515149414
7.899999999999352,closed,1.7423232173779075,-0.17989272899946745,-0.19055988074328203,-0.17989272899946745,-0.19055988074328203,-0.17989272899946745,-0.19055988074328203
7.91999999999935,closed,1.7395760879593465,-0.1774855779725268,-0.17921559813448246,-0.1774855779725268,-0.17921559813448246,-0.1774855779725268,-0.17921559813448246
7.939999999999348,closed,1.7543216706462124,-0.17532862788511783,-0.16277172723689132,-0.17532862788511783,-0.16277172723689132,-0.17532862788511783,-0.16277172723689132
7.959999999999345,closed,1.7547446857301114,-0.17310664568118925,-0.16755669293429615,-0.17310664568118925,-0.16755669293429615,-0.17310664568118925,-0.16755669293429615
7.979999999999343,closed,1.7561648723333758,-0.17042997512127264,-0.14887951054009016,-0.17042997512127264,-0.14887951054009016,-0.17042997512127264,-0.14887951054009016
7.999999999999341,closed,1.7603522658958997,-0.16815911901259142,-0.16673028706851659,-0.16815911901259142,-0.16673028706851659,-0.16815911901259142,-0.16673028706851659
8.019999999999348,closed,1.771275876437209,-0.16605878297461946,-0.16166161164479162,-0.16605878297461946,-0.16166161164479162,-0.16605878297461946,-0.16166161164479162
8.039999999999354,closed,1.7596676186294,-0.1638323569307971,-0.1642061573810434,-0.1638323569307971,-0.1642061573810434,-0.1638323569307971,-0.1642061573810434
8.059999999999361,closed,1.7843225905298534,-0.16127910424064373,-0.1672555831793804,-0.16127910424064373,-0.1672555831793804,-0.16127910424064373,-0.1672555831793804
8.079999999999368,closed,1.789551782778091,-0.15906529989909196,-0.17471571169407615,-0.15906529989909196,-0.17471571169407615,-0.15906529989909196,-0.17471571169407615
8.099999999999374,closed,1.79140682679286,-0.1571440965211482,-0.16771313305011598,-0.1571440965211482,-0.16771313305011598,-0.1571440965211482,-0.16771313305011598
8.119999999999381,closed,1.8007288216167805,-0.15557788860256958,-0.14026626289462407,-0.15557788860256958,-0.14026626289462407,-0.15557788860256958,-0.14026626289462407
8.139999999999388,closed,1.824053514769454,-0.15379328246082324,-0.1456063932534695,-0.15379328246082324,-0.1456063932534695,-0.15379328246082324,-0.1456063932534695
8.159999999999394,closed,1.8400056001498846,-0.1518592465316232,-0.13252342033039302,-0.1518592465316232,-0.13252342033039302,-0.1518592465316232,-0.13252342033039302
8.179999999999401,closed,1.8549250815659497,-0.15008092584135577,-0.16301426843534927,-0.15008092584135577,-0.16301426843534927,-0.15008092584135577,-0.16301426843534927
8.199999999999408,closed,1.8674648756440617,-0.14876856615739106,-0.14817612323657245,-0.14876856615739106,-0.14817612323657245,-0.14876856615739106,-0.14817612323657245
8.219999999999414,closed,1.8648786018695047,-0.14702379176164712,-0.1405277250178545,-0.14702379176164712,-0.1405277250178545,-0.14702379176164712,-0.1405277250178545
8.239999999999421,closed,1.8514709680753882,-0.14548738271434183,-0.15626159561944153,-0.14548738271434183,-0.15626159561944153,-0.14548738271434183,-0.15626159561944153
8.259999999999428,closed,1.8674332786033565,-0.14324125642615185,-0.14266650477467724,-0.14324125642615185,-0.14266650477467724,-0.14324125642615185,-0.14266650477467724
8.279999999999434,closed,1.8662945844000456,-0.14119230539758493,-0.1433946948391762,-0.14119230539758493,-0.1433946948391762,-0.14119230539758493,-0.1433946948391762
8.299999999999441,closed,1.8720920416918891,-0.13967495778409955,-0.13022211720499824,-0.13967495778409955,-0.13022211720499824,-0.13967495778409955,-0.13022211720499824
8.319999999999448,closed,1.869862864659742,-0.1381823983918124,-0.14790067545816815,-0.1381823983918124,-0.14790067545816815,-0.1381823983918124,-0.14790067545816815
8.339999999999455,closed,1.8755678718512783,-0.1360385144144321,-0.13094971558765747,-0.1360385144144321,-0.13094971558765747,-0.1360385144144321,-0.13094971558765747
8.359999999999461,closed,1.873947474761273,-0.13371886401841956,-0.14704030707068144,-0.13371886401841956,-0.14704030707068144,-0.13371886401841956,-0.14704030707068144
8.379999999999468,closed,1.886605983541292,-0.1315272437277822,-0.13739559315263195,-0.1315272437277822,-0.13739559315263195,-0.1315272437277822,-0.13739559315263195
8.399999999999475,closed,1.881605321909095,-0.13038222496336602,-0.1459369526126257,-0.13038222496336602,-0.1459369526126257,-0.13038222496336602,-0.1459369526126257
8.419999999999481,closed,1.8921194332771072,-0.12843577777498916,-0.12322080394478052,-0.12843577777498916,-0.12322080394478052,-0.12843577777498916,-0.12322080394478052
8.439999999999488,closed,1.8933124901259106,-0.1266832734748243,-0.13994897592912867,-0.1266832734748243,-0.13994897592912867,-0.1266832734748243,-0.13994897592912867
8.459999999999495,closed,1.897678799471997,-0.12559912111604574,-0.12186682740465957,-0.12559912111604574,-0.12186682740465957,-0.12559912111604574,-0.12186682740465957
8.479999999999501,closed,1.9032566603863368,-0.12408485734668227,-0.11591283739106162,-0.12408485734668227,-0.11591283739106162,-0.12408485734668227,-0.11591283739106162
8.499999999999508,closed,1.925989649699551,-0.12208812287580988,-0.12548839792506222,-0.12208812287580988,-0.12548839792506222,-0.12208812287580988,-0.12548839792506222
8.519999999999515,closed,1.9384013365497434,-0.12021397894245979,-0.11864148349762854,-0.12021397894245979,-0.11864148349762854,-0.12021397894245979,-0.11864148349762854
8.539999999999521,closed,1.9353100444074525,-0.11878543675655764,-0.1356511715572139,-0.11878543675655764,-0.1356511715572139,-0.11878543675655764,-0.1356511715572139
8.559999999999528,closed,1.9608110190631245,-0.11691830348625776,-0.11744483123001469,-0.11691830348625776,-0.11744483123001469,-0.11691830348625776,-0.11744483123001469
8.579999999999535,closed,1.9894413245608524,-0.11491768243467508,-0.11126423177557881,-0.11491768243467508,-0.11126423177557881,-0.11491768243467508,-0.11126423177557881
8.599999999999541,closed,1.9861456664238994,-0.11290649467819742,-0.09377050489417811,-0.11290649467819742,-0.09377050489417811,-0.11290649467819742,-0.09377050489417811
8.619999999999548,closed,1.9917526584922618,-0.11091808026620152,-0.09391957429208345,-0.11091808026620152,-0.09391957429208345,-0.11091808026620152,-0.09391957429208345
8.639999999999555,closed,1.9982062150989055,-0.10934194419293385,-0.10421680039851855,-0.10934194419293385,-0.10421680039851855,-0.10934194419293385,-0.10421680039851855
8.659999999999561,closed,1.9985540861269833,-0.10835240928912238,-0.10244582713292405,-0.10835240928912238,-0.10244582713292405,-0.10835240928912238,-0.10244582713292405
8.679999999999568,closed,2.0212231714941753,-0.10732315162985567,-0.11295858616951578,-0.10732315162985567,-0.11295858616951578,-0.10732315162985567,-0.11295858616951578
8.699999999999575,closed,2.020205878159468,-0.10636416583318695,-0.10162188044030018,-0.10636416583318695,-0.10162188044030018,-0.10636416583318695,-0.10162188044030018
8.719999999999581,closed,2.0257602491838185,-0.10522109099522786,-0.12791446335402318,-0.10522109099522786,-0.12791446335402318,-0.10522109099522786,-0.12791446335402318
8.739999999999588,closed,2.0419162232166057,-0.104689387620203,-0.10936885888304354,-0.104689387620203,-0.10936885888304354,-0.104689387620203,-0.10936885888304354
8.759999999999595,closed,2.077344847618585,-0.10362976548311051,-0.10690315978615132,-0.10362976548311051,-0.10690315978615132,-0.10362976548311051,-0.10690315978615132
8.779999999999601,closed,2.095293046869215,-0.10306656995157372,-0.1186290350728148,-0.10306656995157372,-0.1186290350728148,-0.10306656995157372,-0.1186290350728148
8.799999999999608,closed,2.113554849449636,-0.10220803089160793,-0.10134130555381848,-0.10220803089160793,-0.10134130555381848,-0.10220803089160793,-0.10134130555381848
8.819999999999615,closed,2.122706262312271,-0.10171396963775174,-0.1206125002389206,-0.10171396963775174,-0.1206125002389206,-0.10171396963775174,-0.1206125002389206
8.839999999999621,closed,2.1336844529194203,-0.10144911037325707,-0.09159615149576174,-0.10144911037325707,-0.09159615149576174,-0.10144911037325707,-0.09159615149576174
8.859999999999628,closed,2.155450068026835,-0.10065272447080988,-0.1025618353591361,-0.10065272447080988,-0.1025618353591361,-0.10065272447080988,-0.1025618353591361
8.879999999999635,closed,2.1636321757714194,-0.10029614034105441,-0.10949228233168712,-0.10029614034105441,-0.10949228233168712,-0.10029614034105441,-0.10949228233168712
8.899999999999642,closed,2.165373928158406,-0.09919058892737012,-0.10312207849148596,-0.09919058892737012,-0.10312207849148596,-0.09919058892737012,-0.10312207849148596
8.919999999999648,closed,2.1691995468591316,-0.09808748114495172,-0.11351996157776469,-0.09808748114495172,-0.11351996157776469,-0.09808748114495172,-0.11351996157776469
8.939999999999655,closed,2.168558208839442,-0.09664947156856729,-0.08709786958514532,-0.09664947156856729,-0.08709786958514532,-0.09664947156856729,-0.08709786958514532
8.959999999999662,closed,2.175619317692152,-0.09564829688943323,-0.09579762462428476,-0.09564829688943323,-0.09579762462428476,-0.09564829688943323,-0.09579762462428476
8.979999999999668,closed,2.179615684417742,-0.09503348205635344,-0.09676228681150004,-0.09503348205635344,-0.09676228681150004,-0.09503348205635344,-0.09676228681150004
8.999999999999675,closed,2.194033417094336,-0.09447757614277773,-0.10965367339069404,-0.09447757614277773,-0.10965367339069404,-0.09447757614277773,-0.10965367339069404
9.019999999999682,closed,2.196321066830753,-0.09373635432343323,-0.0871419995711615,-0.09373635432343323,-0.0871419995711615,-0.09373635432343323,-0.0871419995711615
9.039999999999688,closed,2.204278629000529,-0.09239257786209626,-0.09062779100052154,-0.09239257786209626,-0.09062779100052154,-0.09239257786209626,-0.09062779100052154
9.059999999999695,closed,2.2050977368698974,-0.09173845394507683,-0.098110386959639,-0.09173845394507683,-0.098110386959639,-0.09173845394507683,-0.098110386959639
9.079999999999702,closed,2.216645528235574,-0.09042066941731788,-0.06932567504218748,-0.09042066941731788,-0.06932567504218748,-0.09042066941731788,-0.06932567504218748
9.099999999999708,closed,2.244628052071172,-0.08955117736033864,-0.1099102147005503,-0.08955117736033864,-0.1099102147005503,-0.08955117736033864,-0.1099102147005503
9.119999999999715,closed,2.2631707832648624,-0.08929728226425526,-0.11283286439852712,-0.08929728226425526,-0.11283286439852712,-0.08929728226425526,-0.11283286439852712
9.139999999999722,closed,2.2843663327068255,-0.08953747040905531,-0.09742504948702965,-0.08953747040905531,-0.09742504948702965,-0.08953747040905531,-0.09742504948702965
9.159999999999728,closed,2.306849415208543,-0.08928261793957902,-0.08992692112685056,-0.08928261793957902,-0.08992692112685056,-0.08928261793957902,-0.08992692112685056
9.179999999999735,closed,2.3294158950496344,-0.08949384033551086,-0.09635639682260412,-0.08949384033551086,-0.09635639682260412,-0.08949384033551086,-0.09635639682260412
9.199999999999742,closed,2.351837958057444,-0.08980010990599108,-0.10087717023424722,-0.08980010990599108,-0.10087717023424722,-0.08980010990599108,-0.10087717023424722
9.219999999999748,closed,2.3764527292798774,-0.0897251563480536,-0.08297134454213596,-0.0897251563480536,-0.08297134454213596,-0.0897251563480536,-0.08297134454213596
9.239999999999755,closed,2.395313101147878,-0.08943409767954061,-0.09158983044656034,-0.08943409767954061,-0.09158983044656034,-0.08943409767954061,-0.09158983044656034
9.259999999999762,closed,2.4271678557837695,-0.08935558632890149,-0.08178777302218174,-0.08935558632890149,-0.08178777302218174,-0.08935558632890149,-0.08178777302218174
9.279999999999768,closed,2.4570223877329367,-0.08987624725937035,-0.08717002053370855,-0.08987624725937035,-0.08717002053370855,-0.08987624725937035,-0.08717002053370855
9.299999999999775,closed,2.4847174343584646,-0.09060656426006153,-0.08329363022942544,-0.09060656426006153,-0.08329363022942544,-0.09060656426006153,-0.08329363022942544
9.319999999999782,closed,2.52081499385595,-0.09181486952028235,-0.0891964997045762,-0.09181486952028235,-0.0891964997045762,-0.09181486952028235,-0.0891964997045762
9.339999999999788,closed,2.5386064680101526,-0.09285902696791436,-0.1037093477168543,-0.09285902696791436,-0.1037093477168543,-0.09285902696791436,-0.1037093477168543
9.359999999999795,closed,2.534332858489304,-0.09314189582561166,-0.09281210950184536,-0.09314189582561166,-0.09281210950184536,-0.09314189582561166,-0.09281210950184536
9.379999999999802,closed,2.5643282201787834,-0.09409118789092305,-0.0870877182372033,-0.09409118789092305,-0.0870877182372033,-0.09409118789092305,-0.0870877182372033
9.399999999999809,closed,2.602756269594341,-0.09517893659309938,-0.10318432534325744,-0.09517893659309938,-0.10318432534325744,-0.09517893659309938,-0.10318432534325744
9.419999999999815,closed,2.6408772434915435,-0.09647156601459768,-0.10049513512834755,-0.09647156601459768,-0.10049513512834755,-0.09647156601459768,-0.10049513512834755
9.439999999999822,closed,2.6834659841938255,-0.09847997154987352,-0.09413021511984275,-0.09847997154987352,-0.09413021511984275,-0.09847997154987352,-0.09413021511984275
9.459999999999829,closed,2.7115680987773247,-0.1003138289183321,-0.08867524343101675,-0.1003138289183321,-0.08867524343101675,-0.1003138289183321,-0.08867524343101675
9.479999999999835,closed,2.7385183168763247,-0.10171727488534257,-0.10532471228316778,-0.10171727488534257,-0.10532471228316778,-0.10171727488534257,-0.10532471228316778
9.499999999999842,closed,2.7413311069819764,-0.10284235858647295,-0.10473585908791469,-0.10284235858647295,-0.10473585908791469,-0.10284235858647295,-0.10473585908791469
9.519999999999849,closed,2.776338776359788,-0.10516325253341044,-0.11983216187220692,-0.10516325253341044,-0.11983216187220692,-0.10516325253341044,-0.11983216187220692
9.539999999999855,closed,2.8046907391987452,-0.10729531343387617,-0.09346945151273382,-0.10729531343387617,-0.09346945151273382,-0.10729531343387617,-0.09346945151273382
9.559999999999862,closed,2.8552883003385308,-0.10951582574532935,-0.1139191496409892,-0.10951582574532935,-0.1139191496409892,-0.10951582574532935,-0.1139191496409892
9.579999999999869,closed,2.8666837755624375,-0.11122678198484391,-0.1280704829703834,-0.11122678198484391,-0.1280704829703834,-0.11122678198484391,-0.1280704829703834
9.599999999999875,closed,2.90359120020051,-0.11365535221801279,-0.11602878107428348,-0.11365535221801279,-0.11602878107428348,-0.11365535221801279,-0.11602878107428348
9.619999999999882,closed,2.9571287894572293,-0.11622574174390374,-0.11266111344392632,-0.11622574174390374,-0.11266111344392632,-0.11622574174390374,-0.11266111344392632
9.639999999999889,closed,2.985991976160467,-0.11842433941458669,-0.11458348914557662,-0.11842433941458669,-0.11458348914557662,-0.11842433941458669,-0.11458348914557662
9.659999999999895,closed,3.0394244730985975,-0.12184768267942539,-0.12014035047613762,-0.12184768267942539,-0.12014035047613762,-0.12184768267942539,-0.12014035047613762
9.679999999999902,closed,3.103253851520122,-0.1256617413801632,-0.13130831491094894,-0.1256617413801632,-0.13130831491094894,-0.1256617413801632,-0.13130831491094894
9.699999999999909,closed,3.1387261601135807,-0.1285819593022749,-0.13232230610183954,-0.1285819593022749,-0.13232230610183954,-0.1285819593022749,-0.13232230610183954
9.719999999999915,closed,3.1919189494010527,-0.13248695240073,-0.1252565657000559,-0.13248695240073,-0.1252565657000559,-0.13248695240073,-0.1252565657000559
9.739999999999922,closed,3.225932006871226,-0.13580884862112402,-0.15608286131953794,-0.13580884862112402,-0.15608286131953794,-0.13580884862112402,-0.15608286131953794
9.759999999999929,closed,3.221122671802392,-0.1374967216723913,-0.15127461371008688,-0.1374967216723913,-0.15127461371008688,-0.1374967216723913,-0.15127461371008688
9.779999999999935,closed,3.443135685046997,-0.14395613995524387,-0.14644802524304273,-0.14395613995524387,-0.14644802524304273,-0.14395613995524387,-0.14644802524304273
9.799999999999942,closed,3.9463380918540745,-0.15288829146695782,-0.14020754405200705,-0.15288829146695782,-0.14020754405200705,-0.15288829146695782,-0.14020754405200705
9.819999999999949,closed,4.781062680304426,-0.1637315268759048,-0.15227533165340107,-0.1637315268759048,-0.15227533165340107,-0.1637315268759048,-0.15227533165340107
9.839999999999955,closed,5.937903323614125,-0.1762561361957001,-0.1721028795784539,-0.1762561361957001,-0.1721028795784539,-0.1762561361957001,-0.1721028795784539
9.859999999999962,closed,5.03189676897342,-0.1889208133671186,-0.16423980334429517,-0.1889208133671186,-0.16423980334429517,-0.1889208133671186,-0.16423980334429517
9.879999999999969,closed,4.398486264840557,-0.20217214047356769,-0.22120779826416542,-0.20217214047356769,-0.22120779826416542,-0.20217214047356769,-0.22120779826416542
9.899999999999975,closed,3.996806285231037,-0.2160056801510226,-0.20604393436125065,-0.2160056801510226,-0.20604393436125065,-0.2160056801510226,-0.20604393436125065
9.919999999999982,closed,3.7976538019134085,-0.2307999373526842,-0.2217896124693234,-0.2307999373526842,-0.2217896124693234,-0.2307999373526842,-0.2217896124693234
9.939999999999989,closed,3.728452656383467,-0.2447688360731481,-0.2355014572913542,-0.2447688360731481,-0.2355014572913542,-0.2447688360731481,-0.2355014572913542
9.959999999999996,closed,3.7549583278424827,-0.25983914534913494,-0.24773583448316325,-0.25983914534913494,-0.24773583448316325,-0.25983914534913494,-0.24773583448316325
9.980000000000002,closed,3.810864634591628,-0.27496108441980427,-0.2723998171553773,-0.27496108441980427,-0.2723998171553773,-0.27496108441980427,-0.2723998171553773
10.000000000000009,closed,3.913619449835445,-0.2900074499676644,-0.2814120032634648,-0.2900074499676644,-0.2814120032634648,-0.2900074499676644,-0.2814120032634648
10.020000000000016,closed,4.032696184770208,-0.30559080735280053,-0.27803653388016747,-0.30559080735280053,-0.27803653388016747,-0.30559080735280053,-0.27803653388016747
10.040000000000022,closed,4.14183257341293,-0.32062446959120955,-0.3102882983355814,-0.32062446959120955,-0.3102882983355814,-0.32062446959120955,-0.3102882983355814
10.060000000000029,closed,4.236522920984696,-0.3357993089111232,-0.32213229004409505,-0.3357993089111232,-0.32213229004409505,-0.3357993089111232,-0.32213229004409505
10.080000000000036,closed,4.3310092288390765,-0.35094747318760317,-0.34794964737726386,-0.35094747318760317,-0.34794964737726386,-0.35094747318760317,-0.34794964737726386
10.100000000000042,closed,4.414502662201548,-0.3659424815872597,-0.37089548596728666,-0.3659424815872597,-0.37089548596728666,-0.3659424815872597,-0.37089548596728666
10.120000000000049,closed,4.460616755968628,-0.3808889683330632,-0.37340933822302524,-0.3808889683330632,-0.37340933822302524,-0.3808889683330632,-0.37340933822302524
10.140000000000056,closed,4.490682776003157,-0.3952650744130497,-0.4291932215667938,-0.3952650744130497,-0.4291932215667938,-0.3952650744130497,-0.4291932215667938
10.160000000000062,closed,4.526648843361835,-0.40948996375685015,-0.4138218226639614,-0.40948996375685015,-0.4138218226639614,-0.40948996375685015,-0.4138218226639614
10.180000000000069,closed,4.553930328376001,-0.41287213826567015,-0.4215700848717474,-0.41287213826567015,-0.4215700848717474,-0.41287213826567015,-0.4215700848717474
10.200000000000076,closed,4.695410301278373,-0.40280686210224836,-0.40448645099377045,-0.40280686210224836,-0.40448645099377045,-0.40280686210224836,-0.40448645099377045
10.220000000000082,closed,5.085808285554868,-0.38575484334701615,-0.4008277295167168,-0.38575484334701615,-0.4008277295167168,-0.38575484334701615,-0.4008277295167168
10.240000000000089,closed,5.830655520985024,-0.36672562524978364,-0.3734504434581547,-0.36672562524978364,-0.3734504434581547,-0.36672562524978364,-0.3734504434581547
10.260000000000096,closed,6.8788834509058345,-0.3454175482585824,-0.34312474557988565,-0.3454175482585824,-0.34312474557988565,-0.3454175482585824,-0.34312474557988565
10.280000000000102,closed,5.599016501779475,-0.3217399974043967,-0.3119101126778652,-0.3217399974043967,-0.3119101126778652,-0.3217399974043967,-0.3119101126778652
10.300000000000109,closed,4.563079026977693,-0.29773784644827106,-0.3096723819919622,-0.29773784644827106,-0.3096723819919622,-0.29773784644827106,-0.3096723819919622
10.320000000000116,closed,3.845245867742089,-0.2725718417189571,-0.29871588295988816,-0.2725718417189571,-0.29871588295988816,-0.2725718417189571,-0.29871588295988816
10.340000000000122,closed,3.2210065491332807,-0.24667483691228292,-0.2518116574504341,-0.24667483691228292,-0.2518116574504341,-0.24667483691228292,-0.2518116574504341
10.360000000000129,closed,2.8081563060090686,-0.22005709589379918,-0.23333031720433914,-0.22005709589379918,-0.23333031720433914,-0.22005709589379918,-0.23333031720433914
10.380000000000136,closed,2.527944771369797,-0.1929567027863187,-0.2394947513908029,-0.1929567027863187,-0.2394947513908029,-0.1929567027863187,-0.2394947513908029
10.400000000000142,closed,2.312217607934786,-0.16570807540419616,-0.1873722903904201,-0.16570807540419616,-0.1873722903904201,-0.16570807540419616,-0.1873722903904201
10.42000000000015,closed,2.169741281038886,-0.13834786045568345,-0.13904414780151644,-0.13834786045568345,-0.13904414780151644,-0.13834786045568345,-0.13904414780151644
10.440000000000156,closed,2.0821516476612376,-0.11062452884218564,-0.14398434188807255,-0.11062452884218564,-0.14398434188807255,-0.11062452884218564,-0.14398434188807255
10.460000000000163,closed,2.036784469086533,-0.08275497381702339,-0.09490186724909315,-0.08275497381702339,-0.09490186724909315,-0.08275497381702339,-0.09490186724909315
10.48000000000017,closed,2.010158376313311,-0.05461959497786389,-0.04439187125142557,-0.05461959497786389,-0.04439187125142557,-0.05461959497786389,-0.04439187125142557
10.500000000000176,closed,1.9940587617731658,-0.02668143759723451,-0.0495698822959051,-0.02668143759723451,-0.0495698822959051,-0.02668143759723451,-0.0495698822959051
10.520000000000183,closed,1.9777744586763373,0.0002052434081445661,-0.030891044673003982,0.0002052434081445661,-0.030891044673003982,0.0002052434081445661,-0.030891044673003982
10.54000000000019,closed,1.9814186485799519,0.026634468448431734,0.014324284229835386,0.026634468448431734,0.014324284229835386,0.026634468448431734,0.014324284229835386
10.560000000000196,closed,1.978655283298923,0.05335384496458823,0.03487878533848392,0.05335384496458823,0.03487878533848392,0.05335384496458823,0.03487878533848392
10.580000000000203,closed,1.9717618139487898,0.07959677708626235,0.0558414946178221,0.07959677708626235,0.0558414946178221,0.07959677708626235,0.0558414946178221
10.60000000000021,closed,1.9632400671716481,0.1049988231771069,0.10224211466777701,0.1049988231771069,0.10224211466777701,0.1049988231771069,0.10224211466777701
10.620000000000216,closed,1.9561894036308758,0.13002962335125587,0.10209910283257623,0.13002962335125587,0.10209910283257623,0.13002962335125587,0.10209910283257623
10.640000000000223,closed,1.9773708450681695,0.1541350988813339,0.14307214383123207,0.1541350988813339,0.14307214383123207,0.1541350988813339,0.14307214383123207
10.66000000000023,closed,1.9804913446163035,0.1779429829786752,0.16384203455896215,0.1779429829786752,0.16384203455896215,0.1779429829786752,0.16384203455896215
10.680000000000236,closed,1.979320990922045,0.20100671251032756,0.2029773554720252,0.20100671251032756,0.2029773554720252,0.20100671251032756,0.2029773554720252
10.700000000000243,closed,1.990275088503414,0.2238921593315654,0.21886552201298687,0.2238921593315654,0.21886552201298687,0.2238921593315654,0.21886552201298687
10.72000000000025,closed,2.001301698213657,0.246474368123181,0.22974899580642294,0.246474368123181,0.22974899580642294,0.246474368123181,0.22974899580642294
10.740000000000256,closed,2.0092553412411984,0.26887517610965783,0.27137450714914374,0.26887517610965783,0.27137450714914374,0.26887517610965783,0.27137450714914374
10.760000000000263,closed,2.014954565235601,0.2909826524621655,0.28570921454471987,0.2909826524621655,0.28570921454471987,0.2909826524621655,0.28570921454471987
10.78000000000027,closed,2.0254701103439188,0.31290231933429613,0.303009477952293,0.31290231933429613,0.303009477952293,0.31290231933429613,0.303009477952293
10.800000000000276,closed,2.032940599358295,0.3345113206057299,0.33363936197517224,0.3345113206057299,0.33363936197517224,0.3345113206057299,0.33363936197517224
10.820000000000283,closed,2.043966588630214,0.3555181351939553,0.3529123529248159,0.3555181351939553,0.3529123529248159,0.3555181351939553,0.3529123529248159
10.84000000000029,closed,2.054103915542335,0.3761331493548918,0.3783297938622856,0.3761331493548918,0.3783297938622856,0.3761331493548918,0.3783297938622856
10.860000000000296,closed,2.0520544233948743,0.3963543278441793,0.39826465138674216,0.3963543278441793,0.39826465138674216,0.3963543278441793,0.39826465138674216
10.880000000000303,closed,2.0592819127808926,0.41579109671101716,0.41628707197044135,0.41579109671101716,0.41628707197044135,0.41579109671101716,0.41628707197044135
10.90000000000031,closed,2.0586660543396618,0.4349764214075502,0.4398664244271823,0.4349764214075502,0.4398664244271823,0.4349764214075502,0.4398664244271823
10.920000000000316,closed,2.062506299479225,0.45367506760362697,0.45054459281800957,0.45367506760362697,0.45054459281800957,0.45367506760362697,0.45054459281800957
10.940000000000323,closed,2.077997505661691,0.47207893436402154,0.45763414458103624,0.47207893436402154,0.45763414458103624,0.47207893436402154,0.45763414458103624
10.96000000000033,closed,2.0972194313725465,0.4904413478725973,0.4760288380058069,0.4904413478725973,0.4760288380058069,0.4904413478725973,0.4760288380058069
10.980000000000336,closed,2.1003925415023335,0.5087391862522156,0.4898151129484148,0.5087391862522156,0.4898151129484148,0.5087391862522156,0.4898151129484148
11.000000000000343,closed,2.1288971168050628,0.5262399549843941,0.5165624165574251,0.5262399549843941,0.5165624165574251,0.5262399549843941,0.5165624165574251
11.02000000000035,closed,2.142786217917056,0.5438253000674262,0.536563068782863,0.5438253000674262,0.536563068782863,0.5438253000674262,0.536563068782863
11.040000000000356,closed,2.1613552560002978,0.56089918100715,0.5430870527268932,0.56089918100715,0.5430870527268932,0.56089918100715,0.5430870527268932
11.060000000000363,closed,2.1622358797880703,0.5778491814645342,0.5391502687868579,0.5778491814645342,0.5391502687868579,0.5778491814645342,0.5391502687868579
11.08000000000037,closed,2.1717710605822442,0.5941389430642743,0.5765087494962786,0.5941389430642743,0.5765087494962786,0.5941389430642743,0.5765087494962786
11.100000000000376,closed,2.202024612696372,0.6100199339426603,1.8452784950355299,0.6100199339426603,1.8452784950355299,0.6100199339426603,1.8452784950355299
11.120000000000383,closed,2.777398994457991,0.6247858383448868,0.6046897607448488,0.6247858383448868,0.6046897607448488,0.6247858383448868,0.6046897607448488
11.14000000000039,closed,2.871698167786871,0.6401459583793687,0.6228756063271976,0.6401459583793687,0.6228756063271976,0.6401459583793687,0.6228756063271976
11.160000000000396,closed,2.777891390602312,0.6550233241529636,0.6281514609813784,0.6550233241529636,0.6281514609813784,0.6550233241529636,0.6281514609813784
11.180000000000403,closed,2.7169906656024367,0.6701628746513264,0.665151019454841,0.6701628746513264,0.665151019454841,0.6701628746513264,0.665151019454841
11.20000000000041,closed,2.6670930283361023,0.6854659449275864,0.710015616920247,0.6854659449275864,0.710015616920247,0.6854659449275864,0.710015616920247
11.220000000000416,closed,2.6238061244975817,0.700169961262117,0.695702505739724,0.700169961262117,0.695702505739724,0.700169961262117,0.695702505739724
11.240000000000423,closed,2.5994499228805177,0.7144639128459421,0.6937234245195204,0.7144639128459421,0.6937234245195204,0.7144639128459421,0.6937234245195204
11.26000000000043,closed,2.5916939495849576,0.7285109283517608,0.7041826193000966,0.7285109283517608,0.7041826193000966,0.7285109283517608,0.7041826193000966
11.280000000000436,closed,2.553356776993985,0.742459192642032,0.7135665392316212,0.742459192642032,0.7135665392316212,0.742459192642032,0.7135665392316212
11.300000000000443,closed,2.500812637135088,0.7561946883393083,0.7577477728837321,0.7561946883393083,0.7577477728837321,0.7561946883393083,0.7577477728837321
11.32000000000045,closed,2.4637887389818047,0.7694421265781236,0.7629405690988523,0.7694421265781236,0.7629405690988523,0.7694421265781236,0.7629405690988523
11.340000000000456,closed,2.449881093397749,0.78250931887201,0.7535853227878816,0.78250931887201,0.7535853227878816,0.78250931887201,0.7535853227878816
11.360000000000463,closed,2.4490647964312644,0.7951793173412612,0.786688160910689,0.7951793173412612,0.786688160910689,0.7951793173412612,0.786688160910689
11.38000000000047,closed,2.4390051455144928,0.8078456753858236,0.811199509438141,0.8078456753858236,0.811199509438141,0.8078456753858236,0.811199509438141
11.400000000000476,closed,2.437899068970616,0.8203100408311466,0.8221217202412093,0.8203100408311466,0.8221217202412093,0.8203100408311466,0.8221217202412093
11.420000000000483,closed,2.4442399032904016,0.8325054107688448,0.8145378939368345,0.8325054107688448,0.8145378939368345,0.8325054107688448,0.8145378939368345
11.44000000000049,closed,2.4486828758290935,0.8446006960307476,0.8203925555527526,0.8446006960307476,0.8203925555527526,0.8446006960307476,0.8203925555527526
11.460000000000496,closed,2.4679208432131947,0.8563610286001002,0.8367867123359961,0.8563610286001002,0.8367867123359961,0.8563610286001002,0.8367867123359961
11.480000000000503,closed,2.480900569489644,0.8679433830283699,0.8709125882585297,0.8679433830283699,0.8709125882585297,0.8679433830283699,0.8709125882585297
11.50000000000051,closed,2.490401764201296,0.8794442331950452,0.8856974246895671,0.8794442331950452,0.8856974246895671,0.8794442331950452,0.8856974246895671
11.520000000000516,closed,2.4835951097434905,0.8907331504784,0.874347547501841,0.8907331504784,0.874347547501841,0.8907331504784,0.874347547501841
11.540000000000523,closed,2.4824742141605736,0.90170895054134,0.8809511860302806,0.90170895054134,0.8809511860302806,0.90170895054134,0.8809511860302806
11.56000000000053,closed,2.48619618654558,0.9125674456779743,0.9438604515023891,0.9125674456779743,0.9438604515023891,0.9125674456779743,0.9438604515023891
11.580000000000537,closed,2.4920723675657994,0.923170683312267,0.9236538079191627,0.923170683312267,0.9236538079191627,0.923170683312267,0.9236538079191627
11.600000000000543,closed,2.508733834409351,0.9336168119188335,0.9284816617110304,0.9336168119188335,0.9284816617110304,0.9336168119188335,0.9284816617110304
11.62000000000055,closed,2.5096768930578515,0.9438691664663694,0.9337919980950227,0.9438691664663694,0.9337919980950227,0.9438691664663694,0.9337919980950227
11.640000000000557,closed,2.5178689164250634,0.9538683061427033,0.9341951831024323,0.9538683061427033,0.9341951831024323,0.9538683061427033,0.9341951831024323
11.660000000000563,closed,2.511294535125041,0.9637527749974181,0.9376500580555442,0.9637527749974181,0.9376500580555442,0.9637527749974181,0.9376500580555442
11.68000000000057,closed,2.515115860056331,0.9734107577066204,0.9623506821854955,0.9734107577066204,0.9623506821854955,0.9734107577066204,0.9623506821854955
11.700000000000577,closed,2.5141935436359684,0.9829355979923149,1.007184566445668,0.9829355979923149,1.007184566445668,0.9829355979923149,1.007184566445668
11.720000000000583,closed,2.5179211475306222,0.9922320525293743,0.9917396692759509,0.9922320525293743,0.9917396692759509,0.9922320525293743,0.9917396692759509
11.74000000000059,closed,2.534973682853477,1.0014019697622467,0.9909947065385808,1.0014019697622467,0.9909947065385808,1.0014019697622467,0.9909947065385808
11.760000000000597,closed,2.5422427695128227,1.0103651649879801,1.0176826580686282,1.0103651649879801,1.0176826580686282,1.0103651649879801,1.0176826580686282
11.780000000000603,closed,2.5446770999133324,1.0192047291610187,1.013521258542172,1.0192047291610187,1.013521258542172,1.0192047291610187,1.013521258542172
11.80000000000061,closed,2.5575140013399373,1.0279520203815504,1.033431869953234,1.0279520203815504,1.033431869953234,1.0279520203815504,1.033431869953234
11.820000000000617,closed,2.5810361971348055,1.0366177263625185,1.036778353084197,1.0366177263625185,1.036778353084197,1.0366177263625185,1.036778353084197
11.840000000000623,closed,2.59830337879569,1.045080321653602,1.0279003880672277,1.045080321653602,1.0279003880672277,1.045080321653602,1.0279003880672277
11.86000000000063,closed,2.605533349574282,1.0533262459563264,1.043240713827562,1.0533262459563264,1.043240713827562,1.0533262459563264,1.043240713827562
11.880000000000637,closed,2.6366680829638915,1.0615302788234793,1.0410926945779377,1.0615302788234793,1.0410926945779377,1.0615302788234793,1.0410926945779377
11.900000000000643,closed,2.6469270069365773,1.0695964031101457,1.0777614481092128,1.0695964031101457,1.0777614481092128,1.0695964031101457,1.0777614481092128
11.92000000000065,closed,2.6675009098956646,1.077580566330366,1.0941565098294375,1.077580566330366,1.0941565098294375,1.077580566330366,1.0941565098294375
11.940000000000657,closed,2.6816748052360593,1.085354497981798,1.0854298779657938,1.085354497981798,1.0854298779657938,1.085354497981798,1.0854298779657938
11.960000000000663,closed,2.7025219233850506,1.0929955813201584,1.0914153279283223,1.0929955813201584,1.0914153279283223,1.0929955813201584,1.0914153279283223
11.98000000000067,closed,2.7277333417311596,1.1006204685718524,1.0684683495946665,1.1006204685718524,1.0684683495946665,1.1006204685718524,1.0684683495946665
12.000000000000677,closed,2.771547099583331,1.1080997463646662,1.1116103121780407,1.1080997463646662,1.1116103121780407,1.1080997463646662,1.1116103121780407
12.020000000000683,closed,2.791572504191059,1.1152442745873432,1.106398795230438,1.1152442745873432,1.106398795230438,1.1152442745873432,1.106398795230438
12.04000000000069,closed,2.8109302186704515,1.1224450450869108,1.125961138991245,1.1224450450869108,1.125961138991245,1.1224450450869108,1.125961138991245
12.060000000000697,closed,2.8409839032530506,1.129737036892448,1.151516092855829,1.129737036892448,1.151516092855829,1.129737036892448,1.151516092855829
12.080000000000704,closed,2.8442791922336967,1.1366896282300345,1.119688862390236,1.1366896282300345,1.119688862390236,1.1366896282300345,1.119688862390236
12.10000000000071,closed,2.8531736434728305,1.1436180658362591,1.1426103355987594,1.1436180658362591,1.1426103355987594,1.1436180658362591,1.1426103355987594
12.120000000000717,closed,2.8748521893940984,1.1506006423728745,1.1490963918696175,1.1506006423728745,1.1490963918696175,1.1506006423728745,1.1490963918696175
12.140000000000724,closed,2.9140742787743075,1.1574191371073377,1.1811731560498675,1.1574191371073377,1.1811731560498675,1.1574191371073377,1.1811731560498675
12.16000000000073,closed,2.948056716100476,1.16390507291187,1.1551189451649024,1.16390507291187,1.1551189451649024,1.16390507291187,1.1551189451649024
12.180000000000737,closed,2.976637744116315,1.1704180021267927,1.1456028644881715,1.1704180021267927,1.1456028644881715,1.1704180021267927,1.1456028644881715
12.200000000000744,closed,2.994554508549304,1.1765855244017605,1.1797773106325649,1.1765855244017605,1.1797773106325649,1.1765855244017605,1.1797773106325649
12.22000000000075,closed,3.0095948964680033,1.1828355261516788,1.1804201913696657,1.1828355261516788,1.1804201913696657,1.1828355261516788,1.1804201913696657
12.240000000000757,closed,3.0366488788047663,1.1889642453863594,1.1712328544281143,1.1889642453863594,1.1712328544281143,1.1889642453863594,1.1712328544281143
12.260000000000764,closed,3.058855605058466,1.1945581244706283,1.175930680438323,1.1945581244706283,1.175930680438323,1.1945581244706283,1.175930680438323
12.28000000000077,closed,3.078572758364012,1.2001554212970618,1.1840591234849622,1.2001554212970618,1.1840591234849622,1.2001554212970618,1.1840591234849622
12.300000000000777,closed,3.0992204150014397,1.206134405545289,1.2019408943770973,1.206134405545289,1.2019408943770973,1.206134405545289,1.2019408943770973
12.320000000000784,closed,3.110601499512361,1.2116950980679322,1.2081484186519063,1.2116950980679322,1.2081484186519063,1.2116950980679322,1.2081484186519063
12.34000000000079,closed,3.132904349864731,1.2176001654109743,1.2125188380646486,1.2176001654109743,1.2125188380646486,1.2176001654109743,1.2125188380646486
12.360000000000797,closed,3.1601107444853866,1.2233888482845439,1.2233412772078507,1.2233888482845439,1.2233412772078507,1.2233888482845439,1.2233412772078507
12.380000000000804,closed,3.199121015920959,1.2292405924608183,1.2071664458862175,1.2292405924608183,1.2071664458862175,1.2292405924608183,1.2071664458862175
12.40000000000081,closed,3.2177573722330113,1.2343107856243294,1.217664960042053,1.2343107856243294,1.217664960042053,1.2343107856243294,1.217664960042053
12.420000000000817,closed,3.2397669011672514,1.2394439339479757,1.2137425734622174,1.2394439339479757,1.2137425734622174,1.2394439339479757,1.2137425734622174
12.440000000000824,closed,3.2655707079681484,1.2446784471724948,1.2374744885163969,1.2446784471724948,1.2374744885163969,1.2446784471724948,1.2374744885163969
12.46000000000083,closed,3.282589860403913,1.2494744029255376,1.2620313938227794,1.2494744029255376,1.2620313938227794,1.2494744029255376,1.2620313938227794
12.480000000000837,closed,3.308904546179941,1.2542433631840033,1.2480179336444372,1.2542433631840033,1.2480179336444372,1.2542433631840033,1.2480179336444372
12.500000000000844,closed,3.3243750908408787,1.2587971154668123,1.2535492060988511,1.2587971154668123,1.2535492060988511,1.2587971154668123,1.2535492060988511
12.52000000000085,closed,3.3449823090057866,1.2637270969101402,1.2423463497492564,1.2637270969101402,1.2423463497492564,1.2637270969101402,1.2423463497492564
12.540000000000857,closed,3.350468429163968,1.2680717829342978,1.2610234852275817,1.2680717829342978,1.2610234852275817,1.2680717829342978,1.2610234852275817
12.560000000000864,closed,3.3724794916397314,1.2733449289993692,1.2747765910869011,1.2733449289993692,1.2747765910869011,1.2733449289993692,1.2747765910869011
12.58000000000087,closed,3.4137887629048387,1.2787880285939468,1.290305522347325,1.2787880285939468,1.290305522347325,1.2787880285939468,1.290305522347325
12.600000000000877,closed,3.440677449159758,1.2833147358745434,1.2874540929094336,1.2833147358745434,1.2874540929094336,1.2833147358745434,1.2874540929094336
12.620000000000884,closed,3.4532233733811974,1.2872449317187658,1.2873430057890936,1.2872449317187658,1.2873430057890936,1.2872449317187658,1.2873430057890936
12.64000000000089,closed,3.47991420662788,1.2914808004141187,1.2936514499449963,1.2914808004141187,1.2936514499449963,1.2914808004141187,1.2936514499449963
12.660000000000897,closed,3.502552149048167,1.295390424504467,1.2986513814052814,1.295390424504467,1.2986513814052814,1.295390424504467,1.2986513814052814
12.680000000000904,closed,3.502854884364056,1.299002990173884,1.3015515685012085,1.299002990173884,1.3015515685012085,1.299002990173884,1.3015515685012085
12.70000000000091,closed,3.720402358400254,1.306871352799664,1.3119259316363088,1.306871352799664,1.3119259316363088,1.306871352799664,1.3119259316363088
12.720000000000917,closed,4.227767808940362,1.3186903883288656,1.2962456807970228,1.3186903883288656,1.2962456807970228,1.3186903883288656,1.2962456807970228
12.740000000000924,closed,5.055397211827421,1.3331386450091371,1.3350150744219318,1.3331386450091371,1.3350150744219318,1.3331386450091371,1.3350150744219318
12.76000000000093,closed,6.179301357080566,1.349158616408258,1.349191087193747,1.349158616408258,1.349191087193747,1.349158616408258,1.349191087193747
12.780000000000937,closed,5.2263602738636195,1.3663193231992599,1.3736290753240918,1.3663193231992599,1.3736290753240918,1.3663193231992599,1.3736290753240918
12.800000000000944,closed,4.545900583330974,1.3844195895957243,1.3957213341631638,1.3844195895957243,1.3957213341631638,1.3844195895957243,1.3957213341631638
12.82000000000095,closed,4.105418581291154,1.4028427973274313,1.3975482259365704,1.4028427973274313,1.3975482259365704,1.4028427973274313,1.3975482259365704
12.840000000000957,closed,3.860308548342884,1.4217491070727768,1.4227094616342824,1.4217491070727768,1.4227094616342824,1.4217491070727768,1.4227094616342824
12.860000000000964,closed,3.760615503454276,1.4409201375081362,1.4352069784110706,1.4409201375081362,1.4352069784110706,1.4409201375081362,1.4352069784110706
12.88000000000097,closed,3.757912589824657,1.4606573783157104,1.4361117161926051,1.4606573783157104,1.4361117161926051,1.4606573783157104,1.4361117161926051
12.900000000000977,closed,3.8046636185457094,1.4804364274665738,1.4627831465210257,1.4804364274665738,1.4627831465210257,1.4804364274665738,1.4627831465210257
12.920000000000984,closed,3.888425471684406,1.5015759162792224,1.4963604842715317,1.5015759162792224,1.4963604842715317,1.5015759162792224,1.4963604842715317
12.94000000000099,closed,3.978945915135091,1.5220532498488726,1.526635993639921,1.5220532498488726,1.526635993639921,1.5220532498488726,1.526635993639921
12.960000000000997,closed,4.071759342671406,1.542670035532574,1.551173309926483,1.542670035532574,1.551173309926483,1.542670035532574,1.551173309926483
12.980000000001004,closed,4.156873734932133,1.5628966150129564,1.557730394150611,1.5628966150129564,1.557730394150611,1.5628966150129564,1.557730394150611
13.00000000000101,closed,4.232965038259305,1.583374049180627,1.571617025517352,1.583374049180627,1.571617025517352,1.583374049180627,1.571617025517352
13.020000000001017,closed,4.301809805168512,1.6036069695808792,1.5852949691684035,1.6036069695808792,1.5852949691684035,1.6036069695808792,1.5852949691684035
13.040000000001024,closed,3.8723880957546615,1.61626298806721,1.6011754118655876,1.61626298806721,1.6011754118655876,1.61626298806721,1.6011754118655876
13.06000000000103,closed,3.875663873011193,1.629959678745521,1.6393428933162022,1.629959678745521,1.6393428933162022,1.629959678745521,1.6393428933162022
13.080000000001037,closed,3.965258451093902,1.6476726686296184,1.641362836440645,1.6476726686296184,1.641362836440645,1.6476726686296184,1.641362836440645
13.100000000001044,closed,3.5759446402923203,1.659333235803099,1.6487367793623309,1.659333235803099,1.6487367793623309,1.659333235803099,1.6487367793623309
13.12000000000105,closed,3.740772049432367,1.666645162783531,1.6855149629803354,1.666645162783531,1.6855149629803354,1.666645162783531,1.6855149629803354
13.140000000001058,closed,4.280480700507988,1.674180427471859,1.7024831433211112,1.674180427471859,1.7024831433211112,1.674180427471859,1.7024831433211112
13.160000000001064,closed,5.134863937793531,1.6817598851194722,1.646655564655246,1.6817598851194722,1.646655564655246,1.6817598851194722,1.646655564655246
13.18000000000107,closed,6.30902515129706,1.6880461292325553,1.7019999342590086,1.6880461292325553,1.7019999342590086,1.6880461292325553,1.7019999342590086
13.200000000001078,closed,5.200526273783805,1.6935261416847662,1.6932543635541124,1.6935261416847662,1.6932543635541124,1.6935261416847662,1.6932543635541124
13.220000000001084,closed,4.3371604715103445,1.6984689184085426,1.6894995178651018,1.6984689184085426,1.6894995178651018,1.6984689184085426,1.6894995178651018
13.240000000001091,closed,3.7309855346537724,1.7023408703266176,1.6846837316149463,1.7023408703266176,1.6846837316149463,1.7023408703266176,1.6846837316149463
13.260000000001098,closed,3.2939117879189426,1.7049578549778182,1.6885206823344698,1.7049578549778182,1.6885206823344698,1.7049578549778182,1.6885206823344698
13.280000000001104,closed,2.9925581961908927,1.7074831579887948,1.7076715458535525,1.7074831579887948,1.7076715458535525,1.7074831579887948,1.7076715458535525
13.300000000001111,closed,2.748539060233704,1.7096805276495526,1.7005280002162757,1.7096805276495526,1.7005280002162757,1.7096805276495526,1.7005280002162757
13.320000000001118,closed,2.609645833743256,1.7120950341704195,1.6923980446344298,1.7120950341704195,1.6923980446344298,1.7120950341704195,1.6923980446344298
13.340000000001124,closed,2.5450157303684255,1.7141711476116344,1.7279484959570366,1.7141711476116344,1.7279484959570366,1.7141711476116344,1.7279484959570366
13.360000000001131,closed,2.497589749763703,1.716145243055976,1.7057523663949765,1.716145243055976,1.7057523663949765,1.716145243055976,1.7057523663949765
13.380000000001138,closed,2.468725526658149,1.717929154912575,1.7249251637393064,1.717929154912575,1.7249251637393064,1.717929154912575,1.7249251637393064
13.400000000001144,closed,2.455370244148245,1.7194876629283504,1.709338436794461,1.7194876629283504,1.709338436794461,1.7194876629283504,1.709338436794461
13.420000000001151,closed,2.4464583463780296,1.7205546690813673,1.7201293304360223,1.7205546690813673,1.7201293304360223,1.7205546690813673,1.7201293304360223
13.440000000001158,closed,2.4334291652074063,1.7217015102729274,1.7231818511389068,1.7217015102729274,1.7231818511389068,1.7217015102729274,1.7231818511389068
13.460000000001164,closed,2.4416770570349,1.7226991007750332,1.725431917624301,1.7226991007750332,1.725431917624301,1.7226991007750332,1.725431917624301
13.480000000001171,closed,2.442332484125318,1.7232654075967933,1.7510712512819353,1.7232654075967933,1.7510712512819353,1.7232654075967933,1.7510712512819353
13.500000000001178,closed,2.4299963558869075,1.7242748952229536,1.730706002581646,1.7242748952229536,1.730706002581646,1.7242748952229536,1.730706002581646
13.520000000001184,closed,2.4360153101579516,1.725154033549966,1.7400660248332918,1.725154033549966,1.7400660248332918,1.725154033549966,1.7400660248332918
13.540000000001191,closed,2.4514691188477933,1.7262048710606077,1.7143015538687552,1.7262048710606077,1.7143015538687552,1.7262048710606077,1.7143015538687552
13.560000000001198,closed,2.453196735845265,1.726868911716777,1.7198843668905965,1.726868911716777,1.7198843668905965,1.726868911716777,1.7198843668905965
13.580000000001204,closed,2.4491878928341584,1.727561792159108,1.7381792639872236,1.727561792159108,1.7381792639872236,1.727561792159108,1.7381792639872236
13.600000000001211,closed,2.4485652633584265,1.7283257834567365,1.7257053872282435,1.7283257834567365,1.7257053872282435,1.7283257834567365,1.7257053872282435
13.620000000001218,closed,2.436137033705676,1.7289067338211022,1.7552528125956615,1.7289067338211022,1.7552528125956615,1.7289067338211022,1.7552528125956615
13.640000000001224,closed,2.450202754486793,1.7297476117484152,1.7231337964339863,1.7297476117484152,1.7231337964339863,1.7297476117484152,1.7231337964339863
13.660000000001231,closed,2.4526306322801767,1.7304071209606808,1.7098701415245394,1.7304071209606808,1.7098701415245394,1.7304071209606808,1.7098701415245394
13.680000000001238,closed,2.475234572039073,1.731126505010287,1.7356106646271594,1.731126505010287,1.7356106646271594,1.731126505010287,1.7356106646271594
13.700000000001245,closed,2.4799171187191207,1.7314426001435024,1.725921101816066,1.7314426001435024,1.725921101816066,1.7314426001435024,1.725921101816066
13.720000000001251,closed,2.4829721841834553,1.7319671904158258,1.7291106368042415,1.7319671904158258,1.7291106368042415,1.7319671904158258,1.7291106368042415
13.740000000001258,closed,2.501962308360711,1.732602911191154,1.7172275992678572,1.732602911191154,1.7172275992678572,1.732602911191154,1.7172275992678572
13.760000000001265,closed,2.515423968384563,1.733124769167101,1.7456419705287716,1.733124769167101,1.7456419705287716,1.733124769167101,1.7456419705287716
13.780000000001271,closed,2.517465328369652,1.7333143181237092,1.7149369153672405,1.7333143181237092,1.7149369153672405,1.7333143181237092,1.7149369153672405
13.800000000001278,closed,2.53020814078599,1.7339816764024176,1.7459954790822536,1.7339816764024176,1.7459954790822536,1.7339816764024176,1.7459954790822536
13.820000000001285,closed,2.5359222344501817,1.7345079308669566,1.7301672720188046,1.7345079308669566,1.7301672720188046,1.7345079308669566,1.7301672720188046
13.840000000001291,closed,2.5364055154087946,1.734980574017877,1.7354008361519153,1.734980574017877,1.7354008361519153,1.734980574017877,1.7354008361519153
13.860000000001298,closed,2.5273604127449723,1.7351069273336694,1.7347834315197452,1.7351069273336694,1.7347834315197452,1.7351069273336694,1.7347834315197452
13.880000000001305,closed,2.5270341640970804,1.7356068069000548,1.738628648870563,1.7356068069000548,1.738628648870563,1.7356068069000548,1.738628648870563
13.900000000001311,closed,2.522882303929675,1.7356568047185201,1.7388653412793278,1.7356568047185201,1.7388653412793278,1.7356568047185201,1.7388653412793278
13.920000000001318,closed,2.5207885305108815,1.7360925451923044,1.7358953014531395,1.7360925451923044,1.7358953014531395,1.7360925451923044,1.7358953014531395
13.940000000001325,closed,2.5218824154665396,1.7363277638934898,1.738632122311808,1.7363277638934898,1.738632122311808,1.7363277638934898,1.738632122311808
13.960000000001331,closed,2.5251568211690585,1.73661005218569,1.7520963289206704,1.73661005218569,1.7520963289206704,1.73661005218569,1.7520963289206704
13.980000000001338,closed,2.544925140962948,1.736997028039724,1.7114723705379564,1.736997028039724,1.7114723705379564,1.736997028039724,1.7114723705379564
14.000000000001345,closed,2.549414285761988,1.7371815655981946,1.7270013718590418,1.7371815655981946,1.7270013718590418,1.7371815655981946,1.7270013718590418
14.020000000001351,closed,2.554879321544187,1.737784445449709,1.7143488645771137,1.737784445449709,1.7143488645771137,1.737784445449709,1.7143488645771137
14.040000000001358,closed,2.563919189183848,1.7383309507334943,1.7431348449967194,1.7383309507334943,1.7431348449967194,1.7383309507334943,1.7431348449967194
14.060000000001365,closed,2.578400579071531,1.7386209492289,1.7380986447303128,1.7386209492289,1.7380986447303128,1.7386209492289,1.7380986447303128
14.080000000001371,closed,2.58618466441317,1.7390699254011703,1.7200439256429594,1.7390699254011703,1.7200439256429594,1.7390699254011703,1.7200439256429594
14.100000000001378,closed,2.5943471570566987,1.7393823749336341,1.7312123552586784,1.7393823749336341,1.7312123552586784,1.7393823749336341,1.7312123552586784
14.120000000001385,closed,2.600932847144648,1.7394288960141997,1.7449728112618168,1.7394288960141997,1.7449728112618168,1.7394288960141997,1.7449728112618168
14.140000000001391,closed,2.612193868697417,1.7399166220273374,1.7535013603792498,1.7399166220273374,1.7535013603792498,1.7399166220273374,1.7535013603792498
14.160000000001398,closed,2.6261178894283312,1.7403729605998097,1.7490271361584278,1.7403729605998097,1.7490271361584278,1.7403729605998097,1.7490271361584278
14.180000000001405,closed,2.6360540646651605,1.7405957104598055,1.731783202927504,1.7405957104598055,1.731783202927504,1.7405957104598055,1.731783202927504
14.200000000001411,closed,2.6383261250397116,1.7409526005527745,1.69749753894434,1.7409526005527745,1.69749753894434,1.7409526005527745,1.69749753894434
14.220000000001418,closed,2.6356645465149917,1.7410383641744696,1.7459889026384698,1.7410383641744696,1.7459889026384698,1.7410383641744696,1.7459889026384698
14.240000000001425,closed,2.648084534181356,1.741208021700844,1.711988026847661,1.741208021700844,1.711988026847661,1.741208021700844,1.711988026847661
14.260000000001432,closed,2.6465724451756,1.741168562751687,1.7602020445909359,1.741168562751687,1.7602020445909359,1.741168562751687,1.7602020445909359
14.280000000001438,closed,2.659910432512785,1.7413941281728507,1.7214946519435068,1.7413941281728507,1.7214946519435068,1.7413941281728507,1.7214946519435068
14.300000000001445,closed,2.668295354409334,1.7418129533231972,1.741968077231411,1.7418129533231972,1.741968077231411,1.7418129533231972,1.741968077231411
14.320000000001452,closed,2.6658904972165263,1.741856502475667,1.7378831113951243,1.741856502475667,1.7378831113951243,1.741856502475667,1.7378831113951243
14.340000000001458,closed,2.6818412737004467,1.742416461690358,1.7654268133972397,1.742416461690358,1.7654268133972397,1.742416461690358,1.7654268133972397
14.360000000001465,closed,2.6812410282343095,1.742640873990576,1.736908642701916,1.742640873990576,1.736908642701916,1.742640873990576,1.736908642701916
14.380000000001472,closed,2.701196568392902,1.7428509724766281,1.7521868918983818,1.7428509724766281,1.7521868918983818,1.7428509724766281,1.7521868918983818
14.400000000001478,closed,2.708789800401079,1.743079339105775,1.7547571818474865,1.743079339105775,1.7547571818474865,1.743079339105775,1.7547571818474865
14.420000000001485,closed,2.725656066357255,1.7435348771469523,1.7394955037021957,1.7435348771469523,1.7394955037021957,1.7435348771469523,1.7394955037021957
14.440000000001492,closed,2.747287769034674,1.7440597648029448,1.730731040412779,1.7440597648029448,1.730731040412779,1.7440597648029448,1.730731040412779
14.460000000001498,closed,2.767877763591197,1.7447796096305925,1.7295680353728866,1.7447796096305925,1.7295680353728866,1.7447796096305925,1.7295680353728866
14.480000000001505,closed,2.7718199229380005,1.745147257562458,1.7326612445773433,1.745147257562458,1.7326612445773433,1.745147257562458,1.7326612445773433
14.500000000001512,closed,2.7764219590594235,1.7454738682178208,1.7632411571346887,1.7454738682178208,1.7632411571346887,1.7454738682178208,1.7632411571346887
14.520000000001518,closed,2.7789858330112023,1.74573631079305,1.729859257186241,1.74573631079305,1.729859257186241,1.74573631079305,1.729859257186241
14.540000000001525,closed,2.7693111117100444,1.7460474072750571,1.7186955540035458,1.7460474072750571,1.7186955540035458,1.7460474072750571,1.7186955540035458
14.560000000001532,closed,2.786564186263325,1.746239989339456,1.7371427639115347,1.746239989339456,1.7371427639115347,1.746239989339456,1.7371427639115347
14.580000000001538,closed,2.81256681138204,1.7467711711356324,1.7551089242489697,1.7467711711356324,1.7551089242489697,1.7467711711356324,1.7551089242489697
14.600000000001545,closed,2.8415564698901195,1.7474585392659956,1.773440040069948,1.7474585392659956,1.773440040069948,1.7474585392659956,1.773440040069948
14.620000000001552,closed,2.8613870472645915,1.7481642039765317,1.7585378325417014,1.7481642039765317,1.7585378325417014,1.7481642039765317,1.7585378325417014
14.640000000001558,closed,2.8839345078225334,1.7486156983957104,1.7586185822925662,1.7486156983957104,1.7586185822925662,1.7486156983957104,1.7586185822925662
14.660000000001565,closed,2.88985352726427,1.7491720771977894,1.7703963801862697,1.7491720771977894,1.7703963801862697,1.7491720771977894,1.7703963801862697
14.680000000001572,closed,2.886909780484857,1.7493689057936213,1.7648799540764764,1.7493689057936213,1.7648799540764764,1.7493689057936213,1.7648799540764764
14.700000000001578,closed,2.895703290683391,1.7495447360470182,1.7785180641906086,1.7495447360470182,1.7785180641906086,1.7495447360470182,1.7785180641906086
14.720000000001585,closed,2.912552847422315,1.750060539286214,1.7448387129012803,1.750060539286214,1.7448387129012803,1.750060539286214,1.7448387129012803
14.740000000001592,closed,2.920427849925979,1.7503021088832391,1.7526249859929266,1.7503021088832391,1.7526249859929266,1.7503021088832391,1.7526249859929266
14.760000000001599,closed,2.939859490891091,1.75059291983452,1.7418773382019803,1.75059291983452,1.7418773382019803,1.75059291983452,1.7418773382019803
14.780000000001605,closed,2.96212631201934,1.7513903781004043,1.7690240416649001,1.7513903781004043,1.7690240416649001,1.7513903781004043,1.7690240416649001
14.800000000001612,closed,2.982717732682775,1.7520438433760432,1.7458160933379074,1.7520438433760432,1.7458160933379074,1.7520438433760432,1.7458160933379074
14.820000000001619,closed,3.001904217918022,1.7525417735201119,1.7526676598231292,1.7525417735201119,1.7526676598231292,1.7525417735201119,1.7526676598231292
14.840000000001625,closed,3.0278500058002566,1.7533222211950739,1.762929541145549,1.7533222211950739,1.762929541145549,1.7533222211950739,1.762929541145549
14.860000000001632,closed,3.0234976923593284,1.7538257746659047,1.7581704044971798,1.7538257746659047,1.7581704044971798,1.7538257746659047,1.7581704044971798
14.880000000001639,closed,3.0465459744386703,1.7541212123012109,1.7437538061589224,1.7541212123012109,1.7437538061589224,1.7541212123012109,1.7437538061589224
14.900000000001645,closed,3.068814553350778,1.7546666151284565,1.741930093962485,1.7546666151284565,1.741930093962485,1.7546666151284565,1.741930093962485
14.920000000001652,closed,3.071488345754681,1.7552398747972933,1.7445055809834846,1.7552398747972933,1.7445055809834846,1.7552398747972933,1.7445055809834846
14.940000000001659,closed,3.057541806554848,1.755697962243999,1.7695926590014461,1.755697962243999,1.7695926590014461,1.755697962243999,1.7695926590014461
14.960000000001665,closed,3.0830989834863036,1.755641609818392,1.7815585347190916,1.755641609818392,1.7815585347190916,1.755641609818392,1.7815585347190916
14.980000000001672,closed,3.0898220927202353,1.7563021976753754,1.7730031866249463,1.7563021976753754,1.7730031866249463,1.7563021976753754,1.7730031866249463
15.000000000001679,closed,3.1077018857171645,1.756361348003606,1.7533934030347451,1.756361348003606,1.7533934030347451,1.756361348003606,1.7533934030347451
15.020000000001685,closed,3.1130626198512266,1.7569152866693813,1.7837574851048403,1.7569152866693813,1.7837574851048403,1.7569152866693813,1.7837574851048403
15.040000000001692,closed,3.1297028320355937,1.757558988652064,1.7602071004771498,1.757558988652064,1.7602071004771498,1.757558988652064,1.7602071004771498
15.060000000001699,closed,3.160261095238645,1.7585949350909449,1.7608481262309628,1.7585949350909449,1.7608481262309628,1.7585949350909449,1.7608481262309628
15.080000000001705,closed,3.183635024996186,1.7575469663293448,1.7553249359036514,1.7575469663293448,1.7553249359036514,1.7575469663293448,1.7553249359036514
15.100000000001712,closed,3.2013340358113203,1.7416983766552394,1.7420582634158115,1.7416983766552394,1.7420582634158115,1.7416983766552394,1.7420582634158115
15.120000000001719,closed,3.201748771121503,1.7188800265039792,1.7423449314740607,1.7188800265039792,1.7423449314740607,1.7188800265039792,1.7423449314740607
15.140000000001725,closed,3.2316779873727297,1.6941345210480692,1.7126259877974612,1.6941345210480692,1.7126259877974612,1.6941345210480692,1.7126259877974612
15.160000000001732,closed,3.2340118261217805,1.6689454090802986,1.6881346119857152,1.6689454090802986,1.6881346119857152,1.6689454090802986,1.6881346119857152
15.180000000001739,closed,3.234841060111884,1.6428844838627212,1.6532192034769515,1.6428844838627212,1.6532192034769515,1.6428844838627212,1.6532192034769515
15.200000000001745,closed,3.2653892755861267,1.6171306452556267,1.6111535812878115,1.6171306452556267,1.6111535812878115,1.6171306452556267,1.6111535812878115
15.220000000001752,closed,3.2786571470291888,1.591607009186571,1.5847034924843666,1.591607009186571,1.5847034924843666,1.591607009186571,1.5847034924843666
15.240000000001759,closed,3.3104382354878963,1.5659620800313687,1.5863538611741166,1.5659620800313687,1.5863538611741166,1.5659620800313687,1.5863538611741166
15.260000000001765,closed,3.3241361458081435,1.5405905406230778,1.5320423698188521,1.5405905406230778,1.5320423698188521,1.5405905406230778,1.5320423698188521
15.280000000001772,closed,3.340901794082039,1.5153859020215428,1.495864607105578,1.5153859020215428,1.495864607105578,1.5153859020215428,1.495864607105578
15.300000000001779,closed,3.369186298020163,1.4906266919022848,1.4895294831302819,1.4906266919022848,1.4895294831302819,1.4906266919022848,1.4895294831302819
15.320000000001786,closed,3.4010284412960217,1.4665171325524171,1.4951588938679432,1.4665171325524171,1.4951588938679432,1.4665171325524171,1.4951588938679432
15.340000000001792,closed,3.425688022922814,1.442875373694221,1.4347762456167479,1.442875373694221,1.4347762456167479,1.442875373694221,1.4347762456167479
15.360000000001799,closed,3.4315245549251876,1.4200944496837142,1.4576147656994376,1.4200944496837142,1.4576147656994376,1.4200944496837142,1.4576147656994376
15.380000000001806,closed,3.4267660331192786,1.397660322032702,1.425157218179731,1.397660322032702,1.425157218179731,1.397660322032702,1.425157218179731
15.400000000001812,closed,3.4426611795054227,1.375699150216145,1.397753864040541,1.375699150216145,1.397753864040541,1.375699150216145,1.397753864040541
15.420000000001819,closed,3.4445217459950315,1.3542980134013674,1.3678282431586999,1.3542980134013674,1.3678282431586999,1.3542980134013674,1.3678282431586999
15.440000000001826,closed,3.448174864913156,1.333009324593228,1.3409634154330865,1.333009324593228,1.3409634154330865,1.333009324593228,1.3409634154330865
15.460000000001832,closed,3.460487485227676,1.3119588655496932,1.3282292752557259,1.3119588655496932,1.3282292752557259,1.3119588655496932,1.3282292752557259
15.480000000001839,closed,3.478398118625321,1.2913166896614854,1.315703783534368,1.2913166896614854,1.315703783534368,1.2913166896614854,1.315703783534368
15.500000000001846,closed,3.483125799241552,1.272030722770253,1.2859042364718083,1.272030722770253,1.2859042364718083,1.272030722770253,1.2859042364718083
15.520000000001852,closed,3.480437650527596,1.252880040247992,1.272014609684971,1.252880040247992,1.272014609684971,1.252880040247992,1.272014609684971
15.540000000001859,closed,3.491800786355968,1.2336210488468158,1.255117824091155,1.2336210488468158,1.255117824091155,1.2336210488468158,1.255117824091155
15.560000000001866,closed,3.510852130828973,1.2154944191163146,1.2056803213850513,1.2154944191163146,1.2056803213850513,1.2154944191163146,1.2056803213850513
15.580000000001872,closed,3.5266476651356777,1.196504792239956,1.2019129826545898,1.196504792239956,1.2019129826545898,1.196504792239956,1.2019129826545898
15.600000000001879,closed,3.5443753030601486,1.1781320898875374,1.162264828456287,1.1781320898875374,1.162264828456287,1.1781320898875374,1.162264828456287
15.620000000001886,closed,3.761702409673169,1.1558387984816096,1.1874972059686384,1.1558387984816096,1.1874972059686384,1.1558387984816096,1.1874972059686384
15.640000000001892,closed,4.277855615864398,1.1302315625082424,1.1445502606923728,1.1302315625082424,1.1445502606923728,1.1302315625082424,1.1445502606923728
15.660000000001899,closed,4.940202626147704,1.109415070231294,1.1197101077715297,1.109415070231294,1.1197101077715297,1.109415070231294,1.1197101077715297
15.680000000001906,closed,6.0649082442237505,1.0844184879554957,1.0973806488902254,1.0844184879554957,1.0973806488902254,1.0844184879554957,1.0973806488902254
15.700000000001912,closed,4.906904266738556,1.0625382175019582,1.065746563353354,1.0625382175019582,1.065746563353354,1.0625382175019582,1.065746563353354
15.720000000001919,closed,4.078528130711048,1.03718771405028,1.062842701552149,1.03718771405028,1.062842701552149,1.03718771405028,1.062842701552149
15.740000000001926,closed,3.3012090010632384,1.0141175851769249,1.0104617824090556,1.0141175851769249,1.0104617824090556,1.0141175851769249,1.0104617824090556
15.760000000001932,closed,2.9402966478415764,0.9871410114830055,0.9852143406616896,0.9871410114830055,0.9852143406616896,0.9871410114830055,0.9852143406616896
15.78000000000194,closed,2.3728804744647327,0.9632247031106662,0.9538069337257843,0.9632247031106662,0.9538069337257843,0.9632247031106662,0.9538069337257843
15.800000000001946,closed,2.288360052509085,0.9404048657139125,0.974168944695745,0.9404048657139125,0.974168944695745,0.9404048657139125,0.974168944695745
15.820000000001953,closed,2.445624106752122,0.9103409358897955,0.9315779958880864,0.9103409358897955,0.9315779958880864,0.9103409358897955,0.9315779958880864
15.84000000000196,closed,2.126523570926271,0.8844829216522585,0.8931145397875279,0.8844829216522585,0.8931145397875279,0.8844829216522585,0.8931145397875279
15.860000000001966,closed,2.0747001398255085,0.8630584855531771,0.8749863828176013,0.8630584855531771,0.8749863828176013,0.8630584855531771,0.8749863828176013
15.880000000001973,closed,1.9595694155116012,0.8433658106869381,0.8455287940697783,0.8433658106869381,0.8455287940697783,0.8433658106869381,0.8455287940697783
15.90000000000198,closed,1.9467298416225678,0.8246305018106271,0.8187570230463864,0.8246305018106271,0.8187570230463864,0.8246305018106271,0.8187570230463864
15.920000000001986,closed,1.9174463885154025,0.8058650956788546,0.8166546556085779,0.8058650956788546,0.8166546556085779,0.8058650956788546,0.8166546556085779
15.940000000001993,closed,1.8904436715592239,0.7875831371489076,0.7809114281156709,0.7875831371489076,0.7809114281156709,0.7875831371489076,0.7809114281156709
15.960000000002,closed,1.8738572018687947,0.7693402809087254,0.777579137711711,0.7693402809087254,0.777579137711711,0.7693402809087254,0.777579137711711
15.980000000002006,closed,1.8762064833395697,0.7513039182722483,0.7592929640499516,0.7513039182722483,0.7592929640499516,0.7513039182722483,0.7592929640499516
16.00000000000201,closed,1.9769129238844498,0.7318289115355923,0.7290368812243591,0.7318289115355923,0.7290368812243591,0.7318289115355923,0.7290368812243591
16.020000000002,closed,1.9460856443105206,0.7133508543735435,0.7013451635363556,0.7133508543735435,0.7013451635363556,0.7133508543735435,0.7013451635363556
16.04000000000199,closed,2.4329732032761404,0.6924616433837507,0.7024348974783282,0.6924616433837507,0.7024348974783282,0.6924616433837507,0.7024348974783282
16.060000000001978,closed,3.1674702032722535,0.6688124448544559,0.6828540831344394,0.6688124448544559,0.6828540831344394,0.6688124448544559,0.6828540831344394
16.080000000001966,closed,4.1980242069739,0.6447372078499347,0.6353038646778194,0.6447372078499347,0.6353038646778194,0.6447372078499347,0.6353038646778194
16.100000000001955,closed,5.513607366067638,0.6203725769253514,0.6275313991490103,0.6203725769253514,0.6275313991490103,0.6203725769253514,0.6275313991490103
16.120000000001944,closed,4.582081772389139,0.5961217487850471,0.6024492432326131,0.5961217487850471,0.6024492432326131,0.5961217487850471,0.6024492432326131
16.140000000001933,closed,3.9161769022500503,0.5723468251839183,0.5772758242778517,0.5723468251839183,0.5772758242778517,0.5723468251839183,0.5772758242778517
16.160000000001922,closed,3.4789323344959198,0.5502751950860155,0.5657180280372036,0.5502751950860155,0.5657180280372036,0.5502751950860155,0.5657180280372036
16.18000000000191,closed,3.2219126975189223,0.5293252049170739,0.5257271920481025,0.5293252049170739,0.5257271920481025,0.5293252049170739,0.5257271920481025
16.2000000000019,closed,3.0336968319804294,0.5093042327688225,0.5109796539773137,0.5093042327688225,0.5109796539773137,0.5093042327688225,0.5109796539773137
16.22000000000189,closed,2.922076057444823,0.4880379408988798,0.4866121781845107,0.4880379408988798,0.4866121781845107,0.4880379408988798,0.4866121781845107
16.240000000001878,closed,2.9043407168755873,0.46873600529242654,0.4690053791466138,0.46873600529242654,0.4690053791466138,0.46873600529242654,0.4690053791466138
16.260000000001867,closed,2.878230198622533,0.44965937070860745,0.46682724972136674,0.44965937070860745,0.46682724972136674,0.44965937070860745,0.46682724972136674
16.280000000001856,closed,2.8876785057354475,0.43127863520560755,0.43053657715126264,0.43127863520560755,0.43053657715126264,0.43127863520560755,0.43053657715126264
16.300000000001845,closed,2.9112033608457657,0.41279022523077596,0.4145933494970572,0.41279022523077596,0.4145933494970572,0.41279022523077596,0.4145933494970572
16.320000000001833,closed,2.937918639156735,0.39439433259838086,0.408877616036458,0.39439433259838086,0.408877616036458,0.39439433259838086,0.408877616036458
16.340000000001822,closed,2.9502272610012708,0.37655873910805976,0.3754860368792848,0.37655873910805976,0.3754860368792848,0.37655873910805976,0.3754860368792848
16.36000000000181,closed,2.9694281432454255,0.3592901098885042,0.3882640528038508,0.3592901098885042,0.3882640528038508,0.3592901098885042,0.3882640528038508
16.3800000000018,closed,2.9862934139080197,0.3424996455687084,0.3344166313009972,0.3424996455687084,0.3344166313009972,0.3424996455687084,0.3344166313009972
16.40000000000179,closed,3.0002105082023895,0.32579970844396283,0.33142756828278896,0.32579970844396283,0.33142756828278896,0.32579970844396283,0.33142756828278896
16.420000000001778,closed,2.998153333347015,0.3097750416859387,0.2984763522553062,0.3097750416859387,0.2984763522553062,0.3097750416859387,0.2984763522553062
16.440000000001767,closed,3.001542630448787,0.29418739580740483,0.30332408415294115,0.29418739580740483,0.30332408415294115,0.29418739580740483,0.30332408415294115
16.460000000001756,closed,3.019993076699007,0.2787398466439088,0.2743455717684742,0.2787398466439088,0.2743455717684742,0.2787398466439088,0.2743455717684742
16.480000000001745,closed,3.050521419908767,0.2627870968144991,0.2548670185231555,0.2627870968144991,0.2548670185231555,0.2627870968144991,0.2548670185231555
16.500000000001734,closed,3.0308794001292094,0.2484671504397354,0.24998924785904092,0.2484671504397354,0.24998924785904092,0.2484671504397354,0.24998924785904092
16.520000000001723,closed,3.0598126017563145,0.2335113725392503,0.25649808809956437,0.2335113725392503,0.25649808809956437,0.2335113725392503,0.25649808809956437
16.54000000000171,closed,3.0543250742129757,0.21945933830545652,0.24755361423044608,0.21945933830545652,0.24755361423044608,0.21945933830545652,0.24755361423044608
16.5600000000017,closed,3.046864692730254,0.20572668018712073,0.21157418123609942,0.20572668018712073,0.21157418123609942,0.20572668018712073,0.21157418123609942
16.58000000000169,closed,3.050678641824559,0.19199115161371305,0.1812729474446441,0.19199115161371305,0.1812729474446441,0.19199115161371305,0.1812729474446441
16.60000000000168,closed,3.039341324715148,0.17832281187392335,0.20376122967431906,0.17832281187392335,0.20376122967431906,0.17832281187392335,0.20376122967431906
16.620000000001667,closed,3.0325618793779,0.16528282787145163,0.15466702746861982,0.16528282787145163,0.15466702746861982,0.16528282787145163,0.15466702746861982
16.640000000001656,closed,3.0360297706610884,0.15206794746842306,0.15563039892366667,0.15206794746842306,0.15563039892366667,0.15206794746842306,0.15563039892366667
16.660000000001645,closed,3.0480328250807402,0.13898658051182955,0.1702664681743583,0.13898658051182955,0.1702664681743583,0.13898658051182955,0.1702664681743583
16.680000000001634,closed,3.071819713589433,0.1260779799872641,0.1559822513559604,0.1260779799872641,0.1559822513559604,0.1260779799872641,0.1559822513559604
16.700000000001623,closed,3.0979130419782606,0.11334084354895203,0.14568055222786785,0.11334084354895203,0.14568055222786785,0.11334084354895203,0.14568055222786785
16.720000000001612,closed,3.1097288907592437,0.10103700477187325,0.110369044001319,0.10103700477187325,0.110369044001319,0.10103700477187325,0.110369044001319
16.7400000000016,closed,3.111602241309886,0.08873718279842827,0.08202584732618566,0.08873718279842827,0.08202584732618566,0.08873718279842827,0.08202584732618566
16.76000000000159,closed,3.1269725413165,0.07647003310324249,0.11092691931968235,0.07647003310324249,0.11092691931968235,0.07647003310324249,0.11092691931968235
16.78000000000158,closed,3.1321223668456075,0.06462460736798496,0.05114099955356149,0.06462460736798496,0.05114099955356149,0.06462460736798496,0.05114099955356149
16.800000000001567,closed,3.1401381448110164,0.05293251674784825,0.04228909699570581,0.05293251674784825,0.04228909699570581,0.05293251674784825,0.04228909699570581
16.820000000001556,closed,3.1255019077199586,0.041647225199526,0.059273539756886116,0.041647225199526,0.059273539756886116,0.041647225199526,0.059273539756886116
16.840000000001545,closed,3.1303659882810506,0.030474135269833013,0.0249135620454654,0.030474135269833013,0.0249135620454654,0.030474135269833013,0.0249135620454654
16.860000000001534,closed,3.11596297859015,0.02014257233570046,0.008843700654606669,0.02014257233570046,0.008843700654606669,0.02014257233570046,0.008843700654606669
16.880000000001523,closed,3.112393903808086,0.009987295835714031,0.02388906682921596,0.009987295835714031,0.02388906682921596,0.009987295835714031,0.02388906682921596
16.900000000001512,closed,3.116655779172224,-0.0008031530273993691,0.006005589658473846,-0.0008031530273993691,0.006005589658473846,-0.0008031530273993691,0.006005589658473846
16.9200000000015,closed,3.1197112817306563,-0.011238003608599353,-0.03629020427729272,-0.011238003608599353,-0.03629020427729272,-0.011238003608599353,-0.03629020427729272
16.94000000000149,closed,3.1216681830790334,-0.02137636207971751,0.012057096491329045,-0.02137636207971751,0.012057096491329045,-0.02137636207971751,0.012057096491329045
16.96000000000148,closed,3.1434700598336747,-0.031677228531895904,0.006584159722155273,-0.031677228531895904,0.006584159722155273,-0.031677228531895904,0.006584159722155273
16.980000000001468,closed,3.151287092725183,-0.041481673598698324,-0.04219305323245063,-0.041481673598698324,-0.04219305323245063,-0.041481673598698324,-0.04219305323245063
17.000000000001457,closed,3.162758696349842,-0.051254628760432595,-0.06301471598795484,-0.051254628760432595,-0.06301471598795484,-0.051254628760432595,-0.06301471598795484
17.020000000001446,closed,3.140560438011033,-0.06002381439805809,-0.06716342818840618,-0.06002381439805809,-0.06716342818840618,-0.06002381439805809,-0.06716342818840618
17.040000000001434,closed,3.1514423293180562,-0.0692068006754153,-0.06416923466540804,-0.0692068006754153,-0.06416923466540804,-0.0692068006754153,-0.06416923466540804
17.060000000001423,closed,3.1767726481522764,-0.07918138046039183,-0.08166308126133186,-0.07918138046039183,-0.08166308126133186,-0.07918138046039183,-0.08166308126133186
17.080000000001412,closed,3.205813384914596,-0.0889775168528307,-0.058488954206126764,-0.0889775168528307,-0.058488954206126764,-0.0889775168528307,-0.058488954206126764
17.1000000000014,closed,3.203631919792127,-0.09796677377353756,-0.09848497310358263,-0.09796677377353756,-0.09848497310358263,-0.09796677377353756,-0.09848497310358263
17.12000000000139,closed,3.2140865112471206,-0.10734146457346241,-0.11134520885596444,-0.10734146457346241,-0.11134520885596444,-0.10734146457346241,-0.11134520885596444
17.14000000000138,closed,3.2212201951952113,-0.1163113940670375,-0.09760044493901482,-0.1163113940670375,-0.09760044493901482,-0.1163113940670375,-0.09760044493901482
17.160000000001368,closed,3.2128618851082558,-0.12432938627527325,-0.11730490504935118,-0.12432938627527325,-0.11730490504935118,-0.12432938627527325,-0.11730490504935118
17.180000000001357,closed,3.2192308830449456,-0.13316253640756975,-0.12582102193979977,-0.13316253640756975,-0.12582102193979977,-0.13316253640756975,-0.12582102193979977
17.200000000001346,closed,3.2170066077833384,-0.1414553203985257,-0.1472066737235731,-0.1414553203985257,-0.1472066737235731,-0.1414553203985257,-0.1472066737235731
17.220000000001335,closed,3.2165248072477244,-0.14974118720842852,-0.15310725143865028,-0.14974118720842852,-0.15310725143865028,-0.14974118720842852,-0.15310725143865028
17.240000000001324,closed,3.228468634895773,-0.15781000575485493,-0.1696765782901814,-0.15781000575485493,-0.1696765782901814,-0.15781000575485493,-0.1696765782901814
17.260000000001313,closed,3.2645072144748504,-0.16639691817053626,-0.17136729689294833,-0.16639691817053626,-0.17136729689294833,-0.16639691817053626,-0.17136729689294833
17.2800000000013,closed,3.2779615200177843,-0.17487265311817599,-0.25563728655346046,-0.17487265311817599,-0.25563728655346046,-0.17487265311817599,-0.25563728655346046
17.30000000000129,closed,3.367526011968073,-0.18217116492107135,-0.18137893356293894,-0.18217116492107135,-0.18137893356293894,-0.18217116492107135,-0.18137893356293894
17.32000000000128,closed,3.3886402702468543,-0.1895312350449615,-0.19577553206921813,-0.1895312350449615,-0.19577553206921813,-0.1895312350449615,-0.19577553206921813
17.340000000001268,closed,3.376913765687536,-0.19794634642838543,-0.19866311612300525,-0.19794634642838543,-0.19866311612300525,-0.19794634642838543,-0.19866311612300525
17.360000000001257,closed,3.3903422555911713,-0.2069712678133698,-0.22358640918111986,-0.2069712678133698,-0.22358640918111986,-0.2069712678133698,-0.22358640918111986
17.380000000001246,closed,3.3616275194112446,-0.21449425367812164,-0.18197966699776408,-0.21449425367812164,-0.18197966699776408,-0.21449425367812164,-0.18197966699776408
17.400000000001235,closed,3.365796374331077,-0.22214411517295235,-0.2234076738600299,-0.22214411517295235,-0.2234076738600299,-0.22214411517295235,-0.2234076738600299
17.420000000001224,closed,3.3682820171784034,-0.22932481216714953,-0.2031321891562341,-0.22932481216714953,-0.2031321891562341,-0.22932481216714953,-0.2031321891562341
17.440000000001213,closed,3.3685369654429422,-0.2363309042844612,-0.25265122479433566,-0.2363309042844612,-0.25265122479433566,-0.2363309042844612,-0.25265122479433566
17.4600000000012,closed,3.379659927397365,-0.2435124093771817,-0.24433299252577942,-0.2435124093771817,-0.24433299252577942,-0.2435124093771817,-0.24433299252577942
17.48000000000119,closed,3.362819955280079,-0.2496465865566082,-0.24903002298281934,-0.2496465865566082,-0.24903002298281934,-0.2496465865566082,-0.24903002298281934
17.50000000000118,closed,3.3801913371787022,-0.25685663236088774,-0.2639544423405085,-0.25685663236088774,-0.2639544423405085,-0.25685663236088774,-0.2639544423405085
17.52000000000117,closed,3.346603227136182,-0.2626244115883763,-0.25728591827099556,-0.2626244115883763,-0.25728591827099556,-0.2626244115883763,-0.25728591827099556
17.540000000001157,closed,3.34961884974287,-0.26857096360624405,-0.278720889093461,-0.26857096360624405,-0.278720889093461,-0.26857096360624405,-0.278720889093461
17.560000000001146,closed,3.3553746546894807,-0.27573558354345334,-0.276256839754474,-0.27573558354345334,-0.276256839754474,-0.27573558354345334,-0.276256839754474
17.580000000001135,closed,3.3558138367513504,-0.2821822205736711,-0.27901655030584094,-0.2821822205736711,-0.27901655030584094,-0.2821822205736711,-0.27901655030584094
17.600000000001124,closed,3.3510061629644188,-0.2878279462089332,-0.29343635614681307,-0.2878279462089332,-0.29343635614681307,-0.2878279462089332,-0.29343635614681307
17.620000000001113,closed,3.367491109202692,-0.29427542935310697,-0.28264747231702125,-0.29427542935310697,-0.28264747231702125,-0.29427542935310697,-0.28264747231702125
17.640000000001102,closed,3.38053299502746,-0.30027564974259086,-0.3114194386715543,-0.30027564974259086,-0.3114194386715543,-0.30027564974259086,-0.3114194386715543
17.66000000000109,closed,3.3992256382641926,-0.3064623421150001,-0.30392298475955776,-0.3064623421150001,-0.30392298475955776,-0.3064623421150001,-0.30392298475955776
17.68000000000108,closed,3.411658771337481,-0.31243159637714313,-0.280785207643016,-0.31243159637714313,-0.280785207643016,-0.31243159637714313,-0.280785207643016
17.70000000000107,closed,3.433884096004447,-0.3184300655934631,-0.32651629940369314,-0.3184300655934631,-0.32651629940369314,-0.3184300655934631,-0.32651629940369314
17.720000000001058,closed,3.439301501423753,-0.3247776886397355,-0.3280991951057869,-0.3247776886397355,-0.3280991951057869,-0.3247776886397355,-0.3280991951057869
17.740000000001046,closed,3.4466882836237507,-0.3303497354674546,-0.31830313605561666,-0.3303497354674546,-0.31830313605561666,-0.3303497354674546,-0.31830313605561666
17.760000000001035,closed,3.452380036389836,-0.3356357751293162,-0.32088510762372496,-0.3356357751293162,-0.32088510762372496,-0.3356357751293162,-0.32088510762372496
17.780000000001024,closed,3.4740217951768826,-0.34116627494936674,-0.3477552552705974,-0.34116627494936674,-0.3477552552705974,-0.34116627494936674,-0.3477552552705974
17.800000000001013,closed,3.4902970025331723,-0.3471376959296676,-0.33949003278437795,-0.3471376959296676,-0.33949003278437795,-0.3471376959296676,-0.33949003278437795
17.820000000001002,closed,3.496451612221154,-0.35233464001974096,-0.34306092850590986,-0.35233464001974096,-0.34306092850590986,-0.35233464001974096,-0.34306092850590986
17.84000000000099,closed,3.508759357683962,-0.3578341767189995,-0.3606580638006074,-0.3578341767189995,-0.3606580638006074,-0.3578341767189995,-0.3606580638006074
17.86000000000098,closed,3.52213939835994,-0.3627983135664316,-0.3667329317926952,-0.3627983135664316,-0.3667329317926952,-0.3627983135664316,-0.3667329317926952
17.88000000000097,closed,3.530543681741185,-0.3681821113644664,-0.382711440358826,-0.3681821113644664,-0.382711440358826,-0.3681821113644664,-0.382711440358826
17.900000000000958,closed,3.52607339817076,-0.3728050445441981,-0.3546537014640368,-0.3728050445441981,-0.3546537014640368,-0.3728050445441981,-0.3546537014640368
17.920000000000947,closed,3.536830963083807,-0.37812929956020214,-0.3897008593522792,-0.37812929956020214,-0.3897008593522792,-0.37812929956020214,-0.3897008593522792
17.940000000000936,closed,3.547142167624036,-0.3827106232319743,-0.37519704223053896,-0.3827106232319743,-0.37519704223053896,-0.3827106232319743,-0.37519704223053896
17.960000000000925,closed,3.56970809849371,-0.3881069748769949,-0.39504627821699045,-0.3881069748769949,-0.39504627821699045,-0.3881069748769949,-0.39504627821699045
17.980000000000913,closed,3.5726117813048797,-0.3968163931024545,-0.4047438000879525,-0.3968163931024545,-0.4047438000879525,-0.3968163931024545,-0.4047438000879525
18.000000000000902,closed,3.613850428070101,-0.42223816101801553,-0.3958252857959025,-0.42223816101801553,-0.3958252857959025,-0.42223816101801553,-0.3958252857959025
18.02000000000089,closed,3.6633319358361707,-0.4539133462186456,-0.4371725040378444,-0.4539133462186456,-0.4371725040378444,-0.4539133462186456,-0.4371725040378444
18.04000000000088,closed,3.6998022800626957,-0.4858130454678222,-0.4611829632642211,-0.4858130454678222,-0.4611829632642211,-0.4858130454678222,-0.4611829632642211
18.06000000000087,closed,3.738508316080573,-0.5170944178847353,-0.5069170916338495,-0.5170944178847353,-0.5069170916338495,-0.5170944178847353,-0.5069170916338495
18.080000000000858,closed,3.785906205774274,-0.549187566156139,-0.5242397522192289,-0.549187566156139,-0.5242397522192289,-0.549187566156139,-0.5242397522192289
18.100000000000847,closed,3.7890425470080005,-0.5793129246642122,-0.5561798641463891,-0.5793129246642122,-0.5561798641463891,-0.5793129246642122,-0.5561798641463891
18.120000000000836,closed,3.8221854208223074,-0.6094504512211587,-0.5880303267519269,-0.6094504512211587,-0.5880303267519269,-0.6094504512211587,-0.5880303267519269
18.140000000000825,closed,3.8542447610824495,-0.6397751893922745,-0.6270880936603346,-0.6397751893922745,-0.6270880936603346,-0.6397751893922745,-0.6270880936603346
18.160000000000814,closed,3.8778595064336243,-0.6702796653824078,-0.6346198736285945,-0.6702796653824078,-0.6346198736285945,-0.6702796653824078,-0.6346198736285945
18.180000000000803,closed,3.875596658897308,-0.6986433578226466,-0.7038133332648646,-0.6986433578226466,-0.7038133332648646,-0.6986433578226466,-0.7038133332648646
18.20000000000079,closed,3.8913729469555496,-0.7270655080766161,-0.7100874512603877,-0.7270655080766161,-0.7100874512603877,-0.7270655080766161,-0.7100874512603877
18.22000000000078,closed,3.879573789408399,-0.7545627850705576,-0.7541645849287426,-0.7545627850705576,-0.7541645849287426,-0.7545627850705576,-0.7541645849287426
18.24000000000077,closed,3.8808197982252586,-0.7812103920303355,-0.774171165483246,-0.7812103920303355,-0.774171165483246,-0.7812103920303355,-0.774171165483246
18.26000000000076,closed,3.898664971910946,-0.8086404962006145,-0.7967730995178618,-0.8086404962006145,-0.7967730995178618,-0.8086404962006145,-0.7967730995178618
18.280000000000747,closed,3.900652721854747,-0.8350306498631848,-0.8288884369290777,-0.8350306498631848,-0.8288884369290777,-0.8350306498631848,-0.8288884369290777
18.300000000000736,closed,3.912667522121954,-0.8600246941287961,-0.8863407045582918,-0.8600246941287961,-0.8863407045582918,-0.8600246941287961,-0.8863407045582918
18.320000000000725,closed,3.9283082642726743,-0.8860933335655526,-0.8642673813942069,-0.8860933335655526,-0.8642673813942069,-0.8860933335655526,-0.8642673813942069
18.340000000000714,closed,3.937999809432307,-0.9114547150447607,-0.8953956325673753,-0.9114547150447607,-0.8953956325673753,-0.9114547150447607,-0.8953956325673753
18.360000000000703,closed,3.9350698408344034,-0.9351516071466182,-0.9313272040930122,-0.9351516071466182,-0.9313272040930122,-0.9351516071466182,-0.9313272040930122
18.380000000000692,closed,3.9430243159228544,-0.9591933568367774,-0.9459573077655945,-0.9591933568367774,-0.9459573077655945,-0.9591933568367774,-0.9459573077655945
18.40000000000068,closed,3.968093593849184,-0.9838319340364423,-0.9745298473276798,-0.9838319340364423,-0.9745298473276798,-0.9838319340364423,-0.9745298473276798
18.42000000000067,closed,3.9519123955123185,-1.0064634249505215,-0.9857387280979266,-1.0064634249505215,-0.9857387280979266,-1.0064634249505215,-0.9857387280979266
18.44000000000066,closed,3.9658032612285217,-1.0291492788217937,-0.9906167445867042,-1.0291492788217937,-0.9906167445867042,-1.0291492788217937,-0.9906167445867042
18.460000000000647,closed,3.9766619899161935,-1.051447063452668,-1.0360044178562728,-1.051447063452668,-1.0360044178562728,-1.051447063452668,-1.0360044178562728
18.480000000000636,closed,3.982245404268441,-1.0726744588175363,-1.0552624296018802,-1.0726744588175363,-1.0552624296018802,-1.0726744588175363,-1.0552624296018802
18.500000000000625,closed,3.996411515977393,-1.0944240381634587,-1.0882869560815405,-1.0944240381634587,-1.0882869560815405,-1.0944240381634587,-1.0882869560815405
18.520000000000614,closed,4.011638437062927,-1.116513189949852,-1.0941454223374465,-1.116513189949852,-1.0941454223374465,-1.116513189949852,-1.0941454223374465
18.540000000000603,closed,4.122801299843802,-1.1330267140678318,-1.1430503587838239,-1.1330267140678318,-1.1430503587838239,-1.1330267140678318,-1.1430503587838239
18.560000000000592,closed,4.600532816622573,-1.146851734498404,-1.1395836726155835,-1.146851734498404,-1.1395836726155835,-1.146851734498404,-1.1395836726155835
18.58000000000058,closed,5.400704028624929,-1.1589930100455628,-1.156194957033522,-1.1589930100455628,-1.156194957033522,-1.1589930100455628,-1.156194957033522
18.60000000000057,closed,6.5618143298264675,-1.1693915805989035,-1.1635543680153444,-1.1693915805989035,-1.1635543680153444,-1.1693915805989035,-1.1635543680153444
18.62000000000056,closed,5.3704639472074085,-1.178654775661946,-1.1447279354551332,-1.178654775661946,-1.1447279354551332,-1.178654775661946,-1.1447279354551332
18.640000000000548,closed,4.394968468129735,-1.1866601995324253,-1.1700546983094078,-1.1866601995324253,-1.1700546983094078,-1.1866601995324253,-1.1700546983094078
18.660000000000537,closed,3.6004290673926125,-1.1937908560147708,-1.177169781764859,-1.1937908560147708,-1.177169781764859,-1.1937908560147708,-1.177169781764859
18.680000000000526,closed,2.9480178192882396,-1.2002024438471877,-1.1967557849656942,-1.2002024438471877,-1.1967557849656942,-1.2002024438471877,-1.1967557849656942
18.700000000000514,closed,2.440804400587097,-1.2048211562818267,-1.1957414315975186,-1.2048211562818267,-1.1957414315975186,-1.2048211562818267,-1.1957414315975186
18.720000000000503,closed,2.0251808032857777,-1.2090982007985318,-1.2044121765902718,-1.2090982007985318,-1.2044121765902718,-1.2090982007985318,-1.2044121765902718
18.740000000000492,closed,1.7485045307735234,-1.2133693428095351,-1.230441349711625,-1.2133693428095351,-1.230441349711625,-1.2133693428095351,-1.230441349711625
18.76000000000048,closed,1.537806952622736,-1.2171161211127763,-1.208799839500133,-1.2171161211127763,-1.208799839500133,-1.2171161211127763,-1.208799839500133
18.78000000000047,closed,1.375959741094118,-1.2200103775317719,-1.213261616558187,-1.2200103775317719,-1.213261616558187,-1.2200103775317719,-1.213261616558187
18.80000000000046,closed,1.3627443686182994,-1.2217003552166394,-1.2063828476258192,-1.2217003552166394,-1.2063828476258192,-1.2217003552166394,-1.2063828476258192
18.820000000000448,closed,1.2602100188083258,-1.223743773501455,-1.2306161459984857,-1.223743773501455,-1.2306161459984857,-1.223743773501455,-1.2306161459984857
18.840000000000437,closed,1.2783509161781461,-1.2263007853248185,-1.2145492430248659,-1.2263007853248185,-1.2145492430248659,-1.2263007853248185,-1.2145492430248659
18.860000000000426,closed,1.2902672906095016,-1.228492963785985,-1.2313874508214004,-1.228492963785985,-1.2313874508214004,-1.228492963785985,-1.2313874508214004
18.880000000000415,closed,1.2580106086960037,-1.2300836332401057,-1.2201761238189557,-1.2300836332401057,-1.2201761238189557,-1.2300836332401057,-1.2201761238189557
18.900000000000404,closed,1.3079151138014842,-1.2306859975637348,-1.2445900416647595,-1.2306859975637348,-1.2445900416647595,-1.2306859975637348,-1.2445900416647595
18.920000000000393,closed,1.3076522063267633,-1.2316149649818149,-1.2328201023320358,-1.2316149649818149,-1.2328201023320358,-1.2316149649818149,-1.2328201023320358
18.94000000000038,closed,1.3506352425051658,-1.229521114313246,-1.2240790483128983,-1.229521114313246,-1.2240790483128983,-1.229521114313246,-1.2240790483128983
18.96000000000037,closed,1.584935183635164,-1.2253811832438144,-1.2519231026847977,-1.2253811832438144,-1.2519231026847977,-1.2253811832438144,-1.2519231026847977
18.98000000000036,closed,2.3505305840636272,-1.2201944819932662,-1.224240053058409,-1.2201944819932662,-1.224240053058409,-1.2201944819932662,-1.224240053058409
19.000000000000348,closed,3.4476898481463123,-1.2121907294416918,-1.2241315777544783,-1.2121907294416918,-1.2241315777544783,-1.2121907294416918,-1.2241315777544783
19.020000000000337,closed,4.793463718242766,-1.2021360053462022,-1.1866240203089167,-1.2021360053462022,-1.1866240203089167,-1.2021360053462022,-1.1866240203089167
19.040000000000326,closed,4.0357157714113345,-1.1934727276530732,-1.1802883497338446,-1.1934727276530732,-1.1802883497338446,-1.1934727276530732,-1.1802883497338446
19.060000000000315,closed,3.472920477105302,-1.1847368184739118,-1.1879625240717364,-1.1847368184739118,-1.1879625240717364,-1.1847368184739118,-1.1879625240717364
19.080000000000304,closed,3.083977118502728,-1.1735854565754478,-1.2032502082068628,-1.1735854565754478,-1.2032502082068628,-1.1735854565754478,-1.2032502082068628
19.100000000000293,closed,2.9255991741827314,-1.1626191264744286,-1.1546212671766662,-1.1626191264744286,-1.1546212671766662,-1.1626191264744286,-1.1546212671766662
19.12000000000028,closed,2.867523441529316,-1.1524912599514119,-1.1395259480931716,-1.1524912599514119,-1.1395259480931716,-1.1524912599514119,-1.1395259480931716
19.14000000000027,closed,2.8592496837127217,-1.1432344034529316,-1.143505483249547,-1.1432344034529316,-1.143505483249547,-1.1432344034529316,-1.143505483249547
19.16000000000026,closed,2.898556969346868,-1.135104028279939,-1.1528302717801004,-1.135104028279939,-1.1528302717801004,-1.135104028279939,-1.1528302717801004
19.18000000000025,closed,2.9750312010316255,-1.1246340193810123,-1.1466566295105118,-1.1246340193810123,-1.1466566295105118,-1.1246340193810123,-1.1466566295105118
19.200000000000237,closed,3.035301115914058,-1.1158629662340005,-1.1129869407953725,-1.1158629662340005,-1.1129869407953725,-1.1158629662340005,-1.1129869407953725
19.220000000000226,closed,3.071474070371652,-1.1078100856686264,-1.1149169032638633,-1.1078100856686264,-1.1149169032638633,-1.1078100856686264,-1.1149169032638633
19.240000000000215,closed,3.115894260260137,-1.098524617547041,-1.0851880392164102,-1.098524617547041,-1.0851880392164102,-1.098524617547041,-1.0851880392164102
19.260000000000204,closed,3.1616125828227206,-1.0896764466877313,-1.1120973118072912,-1.0896764466877313,-1.1120973118072912,-1.0896764466877313,-1.1120973118072912
19.280000000000193,closed,3.1992365901426916,-1.0813883798005266,-1.0896802349381827,-1.0813883798005266,-1.0896802349381827,-1.0813883798005266,-1.0896802349381827
19.300000000000182,closed,3.2693751495660757,-1.0724485652151707,-1.0827419253018378,-1.0724485652151707,-1.0827419253018378,-1.0724485652151707,-1.0827419253018378
19.32000000000017,closed,3.3212264550876176,-1.0639073890858286,-1.0781874060779522,-1.0639073890858286,-1.0781874060779522,-1.0639073890858286,-1.0781874060779522
19.34000000000016,closed,3.381149585820962,-1.055150579911289,-1.0348482048358445,-1.055150579911289,-1.0348482048358445,-1.055150579911289,-1.0348482048358445
19.36000000000015,closed,3.3621836596857366,-1.047727780865788,-1.0361373440217068,-1.047727780865788,-1.0361373440217068,-1.047727780865788,-1.0361373440217068
19.380000000000138,closed,3.358467984408127,-1.0409135111325636,-1.0456580364123427,-1.0409135111325636,-1.0456580364123427,-1.0409135111325636,-1.0456580364123427
19.400000000000126,closed,3.4002402164469676,-1.0321845317826999,-1.0625656885175505,-1.0321845317826999,-1.0625656885175505,-1.0321845317826999,-1.0625656885175505
19.420000000000115,closed,3.4231729713540373,-1.0245737219700335,-1.025554904464751,-1.0245737219700335,-1.025554904464751,-1.0245737219700335,-1.025554904464751
19.440000000000104,closed,3.409037558945606,-1.0175133722459795,-1.0368910367549362,-1.0175133722459795,-1.0368910367549362,-1.0175133722459795,-1.0368910367549362
19.460000000000093,closed,3.4313042202696598,-1.0097162266290278,-1.0041827332434037,-1.0097162266290278,-1.0041827332434037,-1.0097162266290278,-1.0041827332434037
19.480000000000082,closed,3.431535061237184,-1.0026491117049194,-1.0088989938767898,-1.0026491117049194,-1.0088989938767898,-1.0026491117049194,-1.0088989938767898
19.50000000000007,closed,3.4240445736551735,-0.9957769636013165,-0.988990353634442,-0.9957769636013165,-0.988990353634442,-0.9957769636013165,-0.988990353634442
19.52000000000006,closed,3.4411144250226027,-0.988462160051529,-0.9895793819812875,-0.988462160051529,-0.9895793819812875,-0.988462160051529,-0.9895793819812875
19.54000000000005,closed,3.43987529899833,-0.9812935849931285,-0.9708029623072735,-0.9812935849931285,-0.9708029623072735,-0.9812935849931285,-0.9708029623072735
19.560000000000038,closed,3.462450525495336,-0.9739907274320916,-0.9780489800113249,-0.9739907274320916,-0.9780489800113249,-0.9739907274320916,-0.9780489800113249
19.580000000000027,closed,3.447574290171248,-0.9676829812446031,-0.9584926053246596,-0.9676829812446031,-0.9584926053246596,-0.9676829812446031,-0.9584926053246596
19.600000000000016,closed,3.4681686470853035,-0.9605225419974959,-0.9729082813444623,-0.9605225419974959,-0.9729082813444623,-0.9605225419974959,-0.9729082813444623
19.620000000000005,closed,3.4591798848768045,-0.9544152372147607,-0.9562157008580909,-0.9544152372147607,-0.9562157008580909,-0.9544152372147607,-0.9562157008580909
19.639999999999993,closed,3.489886206340223,-0.9473051284682057,-0.9522083689352765,-0.9473051284682057,-0.9522083689352765,-0.9473051284682057,-0.9522083689352765
19.659999999999982,closed,3.4813591761802276,-0.9409363809961765,-0.9630311433618219,-0.9409363809961765,-0.9630311433618219,-0.9409363809961765,-0.9630311433618219
19.67999999999997,closed,3.5102866724037716,-0.9341931277925133,-0.9249905522984754,-0.9341931277925133,-0.9249905522984754,-0.9341931277925133,-0.9249905522984754
19.69999999999996,closed,3.5166953783964314,-0.9278134067313648,-0.9269407611067575,-0.9278134067313648,-0.9269407611067575,-0.9278134067313648,-0.9269407611067575
19.71999999999995,closed,3.5399694195178784,-0.9214017217121526,-0.9259508712518758,-0.9214017217121526,-0.9259508712518758,-0.9214017217121526,-0.9259508712518758
19.739999999999938,closed,3.5231637388912254,-0.915550506480564,-0.9260289302776,-0.915550506480564,-0.9260289302776,-0.915550506480564,-0.9260289302776
19.759999999999927,closed,3.54645517419658,-0.9091957058022245,-0.8924515943426818,-0.9091957058022245,-0.8924515943426818,-0.9091957058022245,-0.8924515943426818
19.779999999999916,closed,3.5267216775186756,-0.9036401968647335,-0.9042506680475189,-0.9036401968647335,-0.9042506680475189,-0.9036401968647335,-0.9042506680475189
19.799999999999905,closed,3.5102573022331933,-0.8991488990926148,-0.9173280068102555,-0.8991488990926148,-0.9173280068102555,-0.8991488990926148,-0.9173280068102555
19.819999999999894,closed,3.5236728377920854,-0.892369738260064,-0.8999305131914046,-0.892369738260064,-0.8999305131914046,-0.892369738260064,-0.8999305131914046
19.839999999999883,closed,3.5248251168942497,-0.8867004114782482,-0.8978035142405442,-0.8867004114782482,-0.8978035142405442,-0.8867004114782482,-0.8978035142405442
19.85999999999987,closed,3.54910006212658,-0.8806712707750571,-0.8878112452565079,-0.8806712707750571,-0.8878112452565079,-0.8806712707750571,-0.8878112452565079
19.87999999999986,closed,3.541611291483099,-0.8751230360781166,-0.8619910518443326,-0.8751230360781166,-0.8619910518443326,-0.8751230360781166,-0.8619910518443326
19.89999999999985,closed,3.557390102337194,-0.8694683263971785,-0.8678183000560965,-0.8694683263971785,-0.8678183000560965,-0.8694683263971785,-0.8678183000560965
19.91999999999984,closed,3.549370421241244,-0.8641498053416045,-0.8784244305102586,-0.8641498053416045,-0.8784244305102586,-0.8641498053416045,-0.8784244305102586
19.939999999999827,closed,3.575484877455556,-0.8587831419979216,-0.863273869141789,-0.8587831419979216,-0.863273869141789,-0.8587831419979216,-0.863273869141789
19.959999999999816,closed,3.5775505556870453,-0.8531843615749305,-0.8594842707141753,-0.8531843615749305,-0.8594842707141753,-0.8531843615749305,-0.8594842707141753
19.979999999999805,closed,3.5803908462635974,-0.8480098178482225,-0.8358028266319564,-0.8480098178482225,-0.8358028266319564,-0.8480098178482225,-0.8358028266319564
19.999999999999794,closed,3.5798413398633024,-0.842802012091265,-0.8398996896474167,-0.842802012091265,-0.8398996896474167,-0.842802012091265,-0.8398996896474167
20.019999999999783,closed,3.5901779908209392,-0.8377398126558353,-0.840899207878876,-0.8377398126558353,-0.840899207878876,-0.8377398126558353,-0.840899207878876
20.03999999999977,closed,3.604338715230265,-0.8318253865374414,-0.8413714472692555,-0.8318253865374414,-0.8413714472692555,-0.8318253865374414,-0.8413714472692555
20.05999999999976,closed,3.606753601481132,-0.8270694355684248,-0.844349754519683,-0.8270694355684248,-0.844349754519683,-0.8270694355684248,-0.844349754519683
20.07999999999975,closed,3.649995621900776,-0.821054827427154,-0.8448814795582184,-0.821054827427154,-0.8448814795582184,-0.821054827427154,-0.8448814795582184
20.09999999999974,closed,3.644978711618886,-0.8164846128374212,-0.800429868168672,-0.8164846128374212,-0.800429868168672,-0.8164846128374212,-0.800429868168672
20.119999999999727,closed,3.6615840380389284,-0.8114882780333827,-0.7976641173916383,-0.8114882780333827,-0.7976641173916383,-0.8114882780333827,-0.7976641173916383
20.139999999999716,closed,3.6564360341034123,-0.8060829339449481,-0.8017575242549888,-0.8060829339449481,-0.8017575242549888,-0.8060829339449481,-0.8017575242549888
20.159999999999705,closed,3.651551724333596,-0.8015235444066465,-0.7986950448569761,-0.8015235444066465,-0.7986950448569761,-0.8015235444066465,-0.7986950448569761
20.179999999999694,closed,3.65144656758046,-0.796310425696918,-0.809963331629991,-0.796310425696918,-0.809963331629991,-0.796310425696918,-0.809963331629991
20.199999999999683,closed,3.6478118780417006,-0.7921397122809161,-0.7732204321557419,-0.7921397122809161,-0.7732204321557419,-0.7921397122809161,-0.7732204321557419
20.219999999999672,closed,3.639919313594674,-0.787405163051547,-0.8088602874912091,-0.787405163051547,-0.8088602874912091,-0.787405163051547,-0.8088602874912091
20.23999999999966,closed,3.656425538154041,-0.7835191556411009,-0.7834457991569937,-0.7835191556411009,-0.7834457991569937,-0.7835191556411009,-0.7834457991569937
20.25999999999965,closed,3.683433809339407,-0.778299412197759,-0.781172764185723,-0.778299412197759,-0.781172764185723,-0.778299412197759,-0.781172764185723
20.27999999999964,closed,3.6649545981987113,-0.7747232403053319,-0.7566907842154503,-0.7747232403053319,-0.7566907842154503,-0.7747232403053319,-0.7566907842154503
20.299999999999628,closed,3.682156149696397,-0.7704475358673306,-0.774756567679857,-0.7704475358673306,-0.774756567679857,-0.7704475358673306,-0.774756567679857
20.319999999999617,closed,3.6845267275791174,-0.7658950591034999,-0.7716056260907073,-0.7658950591034999,-0.7716056260907073,-0.7658950591034999,-0.7716056260907073
20.339999999999606,closed,3.69488460101089,-0.7622869031168352,-0.7547624016206211,-0.7622869031168352,-0.7547624016206211,-0.7622869031168352,-0.7547624016206211
20.359999999999594,closed,3.701431076217976,-0.7578843965822608,-0.7498735857691626,-0.7578843965822608,-0.7498735857691626,-0.7578843965822608,-0.7498735857691626
20.379999999999583,closed,3.6903737109733217,-0.7545383613488086,-0.7583519645249442,-0.7545383613488086,-0.7583519645249442,-0.7545383613488086,-0.7583519645249442
20.399999999999572,closed,3.714763044277045,-0.7499468241790529,-0.7458417327398223,-0.7499468241790529,-0.7458417327398223,-0.7499468241790529,-0.7458417327398223
20.41999999999956,closed,3.7036688772802324,-0.746923327086785,-0.7660793004630687,-0.746923327086785,-0.7660793004630687,-0.746923327086785,-0.7660793004630687
20.43999999999955,closed,3.725898817886479,-0.7432259962590222,-0.7780565655344504,-0.7432259962590222,-0.7780565655344504,-0.7432259962590222,-0.7780565655344504
20.45999999999954,closed,3.7543784847867623,-0.7385361058556368,-0.7407473242124478,-0.7385361058556368,-0.7407473242124478,-0.7385361058556368,-0.7407473242124478
20.479999999999528,closed,3.7372686594946294,-0.735634754084948,-0.7346261956169531,-0.735634754084948,-0.7346261956169531,-0.735634754084948,-0.7346261956169531
20.499999999999517,closed,3.7621980358376437,-0.7321005962918876,-0.7485062760853226,-0.7321005962918876,-0.7485062760853226,-0.7321005962918876,-0.7485062760853226
20.519999999999506,closed,3.7816644414418614,-0.7275690584465049,-0.723903454405252,-0.7275690584465049,-0.723903454405252,-0.7275690584465049,-0.723903454405252
20.539999999999495,closed,3.7486362934982136,-0.7250447630153334,-0.7218663990950223,-0.7250447630153334,-0.7218663990950223,-0.7250447630153334,-0.7218663990950223
20.559999999999484,closed,3.759491703821939,-0.7215863467291876,-0.7149772980472496,-0.7215863467291876,-0.7149772980472496,-0.7215863467291876,-0.7149772980472496
20.579999999999472,closed,3.7603580918134245,-0.7182327003396173,-0.7186327358413563,-0.7182327003396173,-0.7186327358413563,-0.7182327003396173,-0.7186327358413563
20.59999999999946,closed,3.7668210123188315,-0.715641510393376,-0.7146167845906592,-0.715641510393376,-0.7146167845906592,-0.715641510393376,-0.7146167845906592
20.61999999999945,closed,3.7946941354258925,-0.7117322827479727,-0.7096385273174383,-0.7117322827479727,-0.7096385273174383,-0.7117322827479727,-0.7096385273174383
20.63999999999944,closed,3.7968792387539594,-0.7084849158459597,-0.7304933726823127,-0.7084849158459597,-0.7304933726823127,-0.7084849158459597,-0.7304933726823127
20.659999999999428,closed,3.80920836747112,-0.7058176719047157,-0.7212163336668653,-0.7058176719047157,-0.7212163336668653,-0.7058176719047157,-0.7212163336668653
20.679999999999417,closed,3.8444980471489947,-0.702028289386689,-0.6823091728570373,-0.702028289386689,-0.6823091728570373,-0.702028289386689,-0.6823091728570373
20.699999999999406,closed,3.8322397361377445,-0.6988725801372886,-0.687773333073778,-0.6988725801372886,-0.687773333073778,-0.6988725801372886,-0.687773333073778
20.719999999999395,closed,3.845760472102384,-0.6961957952276807,-0.6879160485410486,-0.6961957952276807,-0.6879160485410486,-0.6961957952276807,-0.6879160485410486
20.739999999999384,closed,3.8523735365414256,-0.6924286857577662,-0.6950171764118536,-0.6924286857577662,-0.6950171764118536,-0.6924286857577662,-0.6950171764118536
20.759999999999373,closed,3.820680637020684,-0.6905600983441639,-0.7060809359366613,-0.6905600983441639,-0.7060809359366613,-0.6905600983441639,-0.7060809359366613
20.77999999999936,closed,3.8427941981902447,-0.6878796012366345,-0.6689904137257126,-0.6878796012366345,-0.6689904137257126,-0.6878796012366345,-0.6689904137257126
20.79999999999935,closed,3.854850770233292,-0.6842961437557811,-0.6978990874953478,-0.6842961437557811,-0.6978990874953478,-0.6842961437557811,-0.6978990874953478
20.81999999999934,closed,3.8438786063581056,-0.6824599981762726,-0.7075187762761532,-0.6824599981762726,-0.7075187762761532,-0.6824599981762726,-0.7075187762761532
20.83999999999933,closed,3.8568220122770223,-0.6800209848222156,-0.6916852970854666,-0.6800209848222156,-0.6916852970854666,-0.6800209848222156,-0.6916852970854666
20.859999999999317,closed,3.8504813253449646,-0.6768408196778573,-0.6809627088929499,-0.6768408196778573,-0.6809627088929499,-0.6768408196778573,-0.6809627088929499
20.879999999999306,closed,3.8320571601429125,-0.6751319071493462,-0.6805867635165057,-0.6751319071493462,-0.6805867635165057,-0.6751319071493462,-0.6805867635165057
20.899999999999295,closed,3.8373850939838117,-0.6720954813890423,-0.6709956835677086,-0.6720954813890423,-0.6709956835677086,-0.6720954813890423,-0.6709956835677086
20.919999999999284,closed,3.8120569498678702,-0.6706119484504256,-0.6868878148032682,-0.6706119484504256,-0.6868878148032682,-0.6706119484504256,-0.6868878148032682
20.939999999999273,closed,3.8213016522559267,-0.6684259834645468,-0.6495255523173072,-0.6684259834645468,-0.6495255523173072,-0.6684259834645468,-0.6495255523173072
20.959999999999262,closed,3.8528776327172407,-0.6650776850932152,-0.6540996866427523,-0.6650776850932152,-0.6540996866427523,-0.6650776850932152,-0.6540996866427523
20.97999999999925,closed,3.851558102638248,-0.6630435213799283,-0.6819390392959088,-0.6630435213799283,-0.6819390392959088,-0.6630435213799283,-0.6819390392959088
20.99999999999924,closed,3.8596891777938658,-0.6615238484986607,-0.6847020415736568,-0.6615238484986607,-0.6847020415736568,-0.6615238484986607,-0.6847020415736568
21.01999999999923,closed,3.8895720062560617,-0.6585974859200813,-0.6343494215024248,-0.6585974859200813,-0.6343494215024248,-0.6585974859200813,-0.6343494215024248
21.039999999999218,closed,3.8729629043698943,-0.6572848817882724,-0.6689528710527665,-0.6572848817882724,-0.6689528710527665,-0.6572848817882724,-0.6689528710527665
21.059999999999206,closed,3.8939833815021676,-0.6553688081223356,-0.646764999789241,-0.6553688081223356,-0.646764999789241,-0.6553688081223356,-0.646764999789241
21.079999999999195,closed,3.916072548649084,-0.6521345024934555,-0.6378905009359659,-0.6521345024934555,-0.6378905009359659,-0.6521345024934555,-0.6378905009359659
21.099999999999184,closed,3.8938472126758623,-0.6504166975451129,-0.6381608822690841,-0.6504166975451129,-0.6381608822690841,-0.6504166975451129,-0.6381608822690841
21.119999999999173,closed,3.890936338078991,-0.6486626647090884,-0.6590344071757898,-0.6486626647090884,-0.6590344071757898,-0.6486626647090884,-0.6590344071757898
21.139999999999162,closed,3.8701027935116805,-0.6476357908832873,-0.6787675401720716,-0.6476357908832873,-0.6787675401720716,-0.6476357908832873,-0.6787675401720716
21.15999999999915,closed,3.883776316154485,-0.6468445799486805,-0.6508313291418991,-0.6468445799486805,-0.6508313291418991,-0.6468445799486805,-0.6508313291418991
21.17999999999914,closed,3.918002839947209,-0.6441138426964965,-0.6568507757550016,-0.6441138426964965,-0.6568507757550016,-0.6441138426964965,-0.6568507757550016
21.19999999999913,closed,3.8981519981033554,-0.6431964997906087,-0.6458572519866493,-0.6431964997906087,-0.6458572519866493,-0.6431964997906087,-0.6458572519866493
21.219999999999118,closed,3.9039225069267465,-0.6413359224296351,-0.639030630892882,-0.6413359224296351,-0.639030630892882,-0.6413359224296351,-0.639030630892882
21.239999999999107,closed,3.8770167312182235,-0.6405755108700025,-0.6618412145556362,-0.6405755108700025,-0.6618412145556362,-0.6405755108700025,-0.6618412145556362
21.259999999999096,closed,3.880419275521902,-0.6397426843754288,-0.617960387637812,-0.6397426843754288,-0.617960387637812,-0.6397426843754288,-0.617960387637812
21.279999999999085,closed,3.903918866325742,-0.6372063069178706,-0.6574388008996501,-0.6372063069178706,-0.6574388008996501,-0.6372063069178706,-0.6574388008996501
21.299999999999073,closed,3.8626347113216335,-0.6358958062364711,-0.6147475687296661,-0.6358958062364711,-0.6147475687296661,-0.6358958062364711,-0.6147475687296661
21.319999999999062,closed,3.8691320028491574,-0.6340655582788015,-0.5923021393272447,-0.6340655582788015,-0.5923021393272447,-0.6340655582788015,-0.5923021393272447
21.33999999999905,closed,3.859453498786649,-0.6335285427032943,-0.6381712499981474,-0.6335285427032943,-0.6381712499981474,-0.6335285427032943,-0.6381712499981474
21.35999999999904,closed,3.6713118548630215,-0.640216910216797,-0.6275342276366108,-0.640216910216797,-0.6275342276366108,-0.640216910216797,-0.6275342276366108
21.37999999999903,closed,3.6577422165391273,-0.6316295109076973,-0.6441712548625692,-0.6316295109076973,-0.6441712548625692,-0.6316295109076973,-0.6441712548625692
21.399999999999018,closed,3.7368305521224303,-0.6072999798289125,-0.6369437175072112,-0.6072999798289125,-0.6369437175072112,-0.6072999798289125,-0.6369437175072112
21.419999999999007,closed,3.6772671457071864,-0.5799263314819507,-0.5973981283599383,-0.5799263314819507,-0.5973981283599383,-0.5799263314819507,-0.5973981283599383
21.439999999998996,closed,3.761120587344207,-0.5520814292285656,-0.5663171668376435,-0.5520814292285656,-0.5663171668376435,-0.5520814292285656,-0.5663171668376435
21.459999999998985,closed,4.002363575822748,-0.5246927853691329,-0.5296732902263842,-0.5246927853691329,-0.5296732902263842,-0.5246927853691329,-0.5296732902263842
21.479999999998974,closed,4.467043526210063,-0.5031280822827787,-0.5242676446943154,-0.5031280822827787,-0.5242676446943154,-0.5031280822827787,-0.5242676446943154
21.499999999998963,closed,5.147765625370237,-0.486530955985368,-0.506258116103911,-0.486530955985368,-0.506258116103911,-0.486530955985368,-0.506258116103911
21.51999999999895,closed,6.017616469083966,-0.4737638001113839,-0.506258116103911,-0.4737638001113839,-0.506258116103911,-0.4737638001113839,-0.506258116103911
21.53999999999894,closed,5.2843938209573595,-0.46422944904754554,-0.008304870716374327,-0.46422944904754554,-0.008304870716374327,-0.46422944904754554,-0.008304870716374327
21.55999999999893,closed,7.324197173890963,-0.46047847575997913,-0.008304870716374327,-0.46047847575997913,-0.008304870716374327,-0.46047847575997913,-0.008304870716374327
21.57999999999892,closed,9.531002960790731,-0.4506760608240639,-0.008304870716374327,-0.4506760608240639,-0.008304870716374327,-0.4506760608240639,-0.008304870716374327
21.599999999998907,closed,10.991726609796395,-0.4387364771419129,-0.008304870716374327,-0.4387364771419129,-0.008304870716374327,-0.4387364771419129,-0.008304870716374327
21.619999999998896,closed,12.119743493006844,-0.4293336822197573,-0.008304870716374327,-0.4293336822197573,-0.008304870716374327,-0.4293336822197573,-0.008304870716374327
21.639999999998885,closed,13.086232184281544,-0.4221962602905716,0.33547059868193846,-0.4221962602905716,0.33547059868193846,-0.4221962602905716,0.33547059868193846
21.659999999998874,closed,12.307869765844838,-0.40673813684280385,2.4483933927210093,-0.40673813684280385,2.4483933927210093,-0.40673813684280385,2.4483933927210093
21.679999999998863,closed,11.8566495681545,-0.3656715441996327,2.4483933927210093,-0.3656715441996327,2.4483933927210093,-0.3656715441996327,2.4483933927210093
21.69999999999885,closed,12.267205820809107,-0.3136825200624469,2.4483933927210093,-0.3136825200624469,2.4483933927210093,-0.3136825200624469,2.4483933927210093
21.71999999999884,closed,13.154533419846555,-0.2678164242404066,2.4483933927210093,-0.2678164242404066,2.4483933927210093,-0.2678164242404066,2.4483933927210093
21.73999999999883,closed,14.219394014474467,-0.22858060872670707,2.4483933927210093,-0.22858060872670707,2.4483933927210093,-0.22858060872670707,2.4483933927210093
21.75999999999882,closed,15.302200273474696,-0.19430272385938246,2.4483933927210093,-0.19430272385938246,2.4483933927210093,-0.19430272385938246,2.4483933927210093
21.779999999998807,closed,16.340463742153055,-0.16288057690523516,2.4483933927210093,-0.16288057690523516,2.4483933927210093,-0.16288057690523516,2.4483933927210093
21.799999999998796,closed,17.32475962995722,-0.1348791726201794,2.4483933927210093,-0.1348791726201794,2.4483933927210093,-0.1348791726201794,2.4483933927210093
21.819999999998785,closed,18.260109216827356,-0.11044227277974199,2.4483933927210093,-0.11044227277974199,2.4483933927210093,-0.11044227277974199,2.4483933927210093
21.839999999998774,closed,19.15336861127821,-0.08938379490151652,-0.08501865249702488,-0.08938379490151652,-0.08501865249702488,-0.08938379490151652,-0.08501865249702488
21.859999999998763,closed,17.644139282472704,-0.0935389455444353,-0.10645312384732444,-0.0935389455444353,-0.10645312384732444,-0.0935389455444353,-0.10645312384732444
21.879999999998752,closed,15.258171999300675,-0.09785616295681326,-0.09908109249688613,-0.09785616295681326,-0.09908109249688613,-0.09785616295681326,-0.09908109249688613
21.89999999999874,closed,13.367389927388315,-0.09776190862034474,-0.47111924769514424,-0.09776190862034474,-0.47111924769514424,-0.09776190862034474,-0.47111924769514424
21.91999999999873,closed,11.130507019595424,-0.09648421876131696,-0.47111924769514424,-0.09648421876131696,-0.47111924769514424,-0.09648421876131696,-0.47111924769514424
21.93999999999872,closed,9.168469735203637,-0.09490529225004317,-0.47111924769514424,-0.09490529225004317,-0.47111924769514424,-0.09490529225004317,-0.47111924769514424
21.959999999998708,closed,7.568104752465369,-0.09326545465805382,-0.47111924769514424,-0.09326545465805382,-0.47111924769514424,-0.09326545465805382,-0.47111924769514424
21.979999999998697,closed,6.2637098214331886,-0.09162987820633516,-0.47111924769514424,-0.09162987820633516,-0.47111924769514424,-0.09162987820633516,-0.47111924769514424
21.999999999998685,closed,5.2026199512748015,-0.0900160363219664,-0.09438032158087263,-0.0900160363219664,-0.09438032158087263,-0.0900160363219664,-0.09438032158087263
22.019999999998674,closed,4.631299199947935,-0.08842842366759568,-0.07501085955631302,-0.08842842366759568,-0.07501085955631302,-0.08842842366759568,-0.07501085955631302
22.039999999998663,closed,4.563260677420162,-0.0868679939063733,-0.10764692123239812,-0.0868679939063733,-0.10764692123239812,-0.0868679939063733,-0.10764692123239812
22.059999999998652,closed,4.498259064765912,-0.08533472260173688,-0.07631404791574418,-0.08533472260173688,-0.07631404791574418,-0.08533472260173688,-0.07631404791574418
22.07999999999864,closed,4.463923515633018,-0.08382830566236978,-0.10698270035459806,-0.08382830566236978,-0.10698270035459806,-0.08382830566236978,-0.10698270035459806
22.09999999999863,closed,4.407203364607391,-0.08234835304608702,-0.07454277793716668,-0.08234835304608702,-0.07454277793716668,-0.08234835304608702,-0.07454277793716668
22.11999999999862,closed,4.383721448263143,-0.08089444542393173,-0.07291942936912332,-0.08089444542393173,-0.07291942936912332,-0.08089444542393173,-0.07291942936912332
22.139999999998608,closed,4.382237821482324,-0.07946615294203828,-0.06759560652476264,-0.07946615294203828,-0.06759560652476264,-0.07946615294203828,-0.06759560652476264
22.159999999998597,closed,4.34938941362839,-0.07806304285430687,-0.07498102202478922,-0.07806304285430687,-0.07498102202478922,-0.07806304285430687,-0.07498102202478922
22.179999999998586,closed,4.334922942038237,-0.07668468339292352,-0.06513495202332592,-0.07668468339292352,-0.06513495202332592,-0.07668468339292352,-0.06513495202332592
22.199999999998575,closed,4.325713604547477,-0.07533064604143522,-0.06359105473025264,-0.07533064604143522,-0.06359105473025264,-0.07533064604143522,-0.06359105473025264
22.219999999998564,closed,4.294375565063779,-0.07400050695480916,-0.08225770569372713,-0.07400050695480916,-0.08225770569372713,-0.07400050695480916,-0.08225770569372713
22.239999999998552,closed,4.280275479586977,-0.0726938478542805,-0.06377397894760715,-0.0726938478542805,-0.06377397894760715,-0.0726938478542805,-0.06377397894760715
22.25999999999854,closed,4.269413207435009,-0.07141025657896018,-0.08747652037012839,-0.07141025657896018,-0.08747652037012839,-0.07141025657896018,-0.08747652037012839
22.27999999999853,closed,4.265610600641676,-0.07014932740936357,-0.0654582209773189,-0.07014932740936357,-0.0654582209773189,-0.07014932740936357,-0.0654582209773189
22.29999999999852,closed,4.289483082433628,-0.06891066123939776,-0.06896416241407131,-0.06891066123939776,-0.06896416241407131,-0.06891066123939776,-0.06896416241407131
22.319999999998508,closed,4.278374805877949,-0.06769386564822956,-0.0914402718202238,-0.06769386564822956,-0.0914402718202238,-0.06769386564822956,-0.0914402718202238
22.339999999998497,closed,4.259586020170545,-0.06649855490650988,-0.06469540691841935,-0.06649855490650988,-0.06469540691841935,-0.06649855490650988,-0.06469540691841935
22.359999999998486,closed,4.2598645277310725,-0.06532434993994597,-0.09082694171276834,-0.06532434993994597,-0.09082694171276834,-0.06532434993994597,-0.09082694171276834
22.379999999998475,closed,4.259178739911028,-0.06417087826547378,-0.052508613851247415,-0.06417087826547378,-0.052508613851247415,-0.06417087826547378,-0.052508613851247415
22.399999999998464,closed,4.2380698592150505,-0.06303777391010817,-0.06486195109927521,-0.06303777391010817,-0.06486195109927521,-0.06303777391010817,-0.06486195109927521
22.419999999998453,closed,4.233317389019613,-0.06192467731910235,-0.04394193018676587,-0.06192467731910235,-0.04394193018676587,-0.06192467731910235,-0.04394193018676587
22.43999999999844,closed,4.215818187522249,-0.06083123525777262,-0.07159551379055615,-0.06083123525777262,-0.07159551379055615,-0.06083123525777262,-0.07159551379055615
22.45999999999843,closed,4.193864667508246,-0.05975710070983452,-0.025515011161949187,-0.05975710070983452,-0.025515011161949187,-0.05975710070983452,-0.025515011161949187
22.47999999999842,closed,4.21548114379008,-0.05870193277411104,-0.06759953860774731,-0.05870193277411104,-0.06759953860774731,-0.05870193277411104,-0.06759953860774731
22.49999999999841,closed,4.218753363259319,-0.05766539656082149,-0.06295355552843464,-0.05766539656082149,-0.06295355552843464,-0.05766539656082149,-0.06295355552843464
22.519999999998397,closed,4.2007132999426124,-0.05664716308822937,-0.042521048162949174,-0.05664716308822937,-0.042521048162949174,-0.05664716308822937,-0.042521048162949174
22.539999999998386,closed,4.182902295147459,-0.055646909180152124,-0.05458157439195285,-0.055646909180152124,-0.05458157439195285,-0.055646909180152124,-0.05458157439195285
22.559999999998375,closed,4.179167767532281,-0.054664317364649086,-0.0868084548781928,-0.054664317364649086,-0.0868084548781928,-0.054664317364649086,-0.0868084548781928
22.579999999998364,closed,4.1804502243473385,-0.053699075774084185,-0.03922988343186722,-0.053699075774084185,-0.03922988343186722,-0.053699075774084185,-0.03922988343186722
22.599999999998353,closed,4.171660727335683,-0.05275087804668232,-0.06186046129341986,-0.05275087804668232,-0.06186046129341986,-0.05275087804668232,-0.06186046129341986
22.619999999998342,closed,4.145965750829536,-0.05181942322964645,-0.039785861469915626,-0.05181942322964645,-0.039785861469915626,-0.05181942322964645,-0.039785861469915626
22.63999999999833,closed,4.154464198273941,-0.05090441568386898,-0.051474606361212885,-0.05090441568386898,-0.051474606361212885,-0.05090441568386898,-0.051474606361212885
22.65999999999832,closed,4.130379913325524,-0.05000556499024943,-0.029773616738378444,-0.05000556499024943,-0.029773616738378444,-0.05000556499024943,-0.029773616738378444
22.67999999999831,closed,4.148175681755196,-0.04912258585761657,-0.07647444480627495,-0.04912258585761657,-0.07647444480627495,-0.04912258585761657,-0.07647444480627495
22.699999999998298,closed,4.129094202122473,-0.04825519803224334,-0.06982757551283794,-0.04825519803224334,-0.06982757551283794,-0.04825519803224334,-0.06982757551283794
22.719999999998286,closed,4.113052037126563,-0.0474031262089385,-0.04149535481087463,-0.0474031262089385,-0.04149535481087463,-0.0474031262089385,-0.04149535481087463
22.739999999998275,closed,4.115702966726568,-0.046566099943693845,-0.05709504584032505,-0.046566099943693845,-0.05709504584032505,-0.046566099943693845,-0.05709504584032505
22.759999999998264,closed,4.111023621655914,-0.04574385356786484,-0.046333819087985506,-0.04574385356786484,-0.046333819087985506,-0.04574385356786484,-0.046333819087985506
22.779999999998253,closed,4.126817901706049,-0.044936126103860365,-0.03282528102046502,-0.044936126103860365,-0.03282528102046502,-0.044936126103860365,-0.03282528102046502
22.799999999998242,closed,4.1352264062523965,-0.04414266118231771,-0.06157483008711046,-0.04414266118231771,-0.06157483008711046,-0.04414266118231771,-0.06157483008711046
22.81999999999823,closed,4.153629401608332,-0.043363206960736776,-0.07310723494822643,-0.043363206960736776,-0.07310723494822643,-0.043363206960736776,-0.07310723494822643
22.83999999999822,closed,4.148241639668565,-0.0425975160435499,-0.05652456943084938,-0.0425975160435499,-0.05652456943084938,-0.0425975160435499,-0.05652456943084938
22.85999999999821,closed,4.130940685002311,-0.04184534540360186,-0.03702777890048594,-0.04184534540360186,-0.03702777890048594,-0.04184534540360186,-0.03702777890048594
22.879999999998198,closed,4.1377554154955565,-0.04110645630501493,-0.03517704875622348,-0.04110645630501493,-0.03517704875622348,-0.04110645630501493,-0.03517704875622348
22.899999999998187,closed,4.153588444515207,-0.04038061422741675,-0.04402898822791973,-0.04038061422741675,-0.04402898822791973,-0.04038061422741675,-0.04402898822791973
22.919999999998176,closed,4.174111194277031,-0.03966758879150483,-0.0513488276757152,-0.03966758879150483,-0.0513488276757152,-0.03966758879150483,-0.0513488276757152
22.939999999998165,closed,4.269519593556276,-0.03896715368592548,-0.030080399549747967,-0.03896715368592548,-0.030080399549747967,-0.03896715368592548,-0.030080399549747967
22.959999999998153,closed,4.49631822310261,-0.03827908659544385,-0.07214893655536869,-0.03827908659544385,-0.07214893655536869,-0.03827908659544385,-0.07214893655536869
22.979999999998142,closed,4.785561252071947,-0.037603169130382065,-0.9679934788084767,-0.037603169130382065,-0.9679934788084767,-0.037603169130382065,-0.9679934788084767
22.99999999999813,closed,5.205621794736475,-0.036939186757303434,-0.03333259112414058,-0.036939186757303434,-0.03333259112414058,-0.036939186757303434,-0.03333259112414058
0.020000000000000004,oracle,1.4394492631485636,-3.7026644631949223e-17,-3.7026644631949223e-17,-3.7026644631949223e-17,-3.7026644631949223e-17,-3.7026644631949223e-17,-3.7026644631949223e-17
0.04000000000000002,oracle,1.3486040761546727,-6.778658597655384e-17,-6.778658597655384e-17,-6.778658597655384e-17,-6.778658597655384e-17,-6.778658597655384e-17,-6.778658597655384e-17
0.06000000000000004,oracle,1.2890777183209667,-7.504088233925496e-17,-7.504088233925496e-17,-7.504088233925496e-17,-7.504088233925496e-17,-7.504088233925496e-17,-7.504088233925496e-17
0.08000000000000006,oracle,1.244670590534453,-7.693884937673735e-17,-7.693884937673735e-17,-7.693884937673735e-17,-7.693884937673735e-17,-7.693884937673735e-17,-7.693884937673735e-17
0.10000000000000007,oracle,1.2116263205945463,-7.680719011873087e-17,-7.680719011873087e-17,-7.680719011873087e-17,-7.680719011873087e-17,-7.680719011873087e-17,-7.680719011873087e-17
0.12000000000000009,oracle,1.1870792094414895,-8.017057400414873e-17,-8.017057400414873e-17,-8.017057400414873e-17,-8.017057400414873e-17,-8.017057400414873e-17,-8.017057400414873e-17
0.1400000000000001,oracle,1.1688760578477961,-8.160937965985905e-17,-8.160937965985905e-17,-8.160937965985905e-17,-8.160937965985905e-17,-8.160937965985905e-17,-8.160937965985905e-17
0.16000000000000011,oracle,1.1554156573536638,-8.366434393617964e-17,-8.366434393617964e-17,-8.366434393617964e-17,-8.366434393617964e-17,-8.366434393617964e-17,-8.366434393617964e-17
0.18000000000000013,oracle,1.1455140696345123,-9.250410919933591e-17,-9.250410919933591e-17,-9.250410919933591e-17,-9.250410919933591e-17,-9.250410919933591e-17,-9.250410919933591e-17
0.20000000000000015,oracle,1.1382975183301438,-8.972656646690613e-17,-8.972656646690613e-17,-8.972656646690613e-17,-8.972656646690613e-17,-8.972656646690613e-17,-8.972656646690613e-17
0.22000000000000017,oracle,1.1331203029589272,-8.732057899304404e-17,-8.732057899304404e-17,-8.732057899304404e-17,-8.732057899304404e-17,-8.732057899304404e-17,-8.732057899304404e-17
0.24000000000000019,oracle,1.1295034722458372,-8.264646317783373e-17,-8.264646317783373e-17,-8.264646317783373e-17,-8.264646317783373e-17,-8.264646317783373e-17,-8.264646317783373e-17
0.2600000000000002,oracle,1.1270897774996227,-7.363735069934416e-17,-7.363735069934416e-17,-7.363735069934416e-17,-7.363735069934416e-17,-7.363735069934416e-17,-7.363735069934416e-17
0.2800000000000002,oracle,1.1256109243757024,-7.012289843896097e-17,-7.012289843896097e-17,-7.012289843896097e-17,-7.012289843896097e-17,-7.012289843896097e-17,-7.012289843896097e-17
0.3000000000000002,oracle,1.1248638736379732,-7.100344490104061e-17,-7.100344490104061e-17,-7.100344490104061e-17,-7.100344490104061e-17,-7.100344490104061e-17,-7.100344490104061e-17
0.32000000000000023,oracle,1.124693641291248,-7.736289116218701e-17,-7.736289116218701e-17,-7.736289116218701e-17,-7.736289116218701e-17,-7.736289116218701e-17,-7.736289116218701e-17
0.34000000000000025,oracle,1.124980604184279,-7.63808008878817e-17,-7.63808008878817e-17,-7.63808008878817e-17,-7.63808008878817e-17,-7.63808008878817e-17,-7.63808008878817e-17
0.36000000000000026,oracle,1.1256309209031095,-6.935410695365274e-17,-6.935410695365274e-17,-6.935410695365274e-17,-6.935410695365274e-17,-6.935410695365274e-17,-6.935410695365274e-17
0.3800000000000003,oracle,1.1265701121363803,-6.729554908795986e-17,-6.729554908795986e-17,-6.729554908795986e-17,-6.729554908795986e-17,-6.729554908795986e-17,-6.729554908795986e-17
0.4000000000000003,oracle,1.1277411973850597,-6.563072004108926e-17,-6.563072004108926e-17,-6.563072004108926e-17,-6.563072004108926e-17,-6.563072004108926e-17,-6.563072004108926e-17
0.4200000000000003,oracle,1.129104172250895,-6.970440634229327e-17,-6.970440634229327e-17,-6.970440634229327e-17,-6.970440634229327e-17,-6.970440634229327e-17,-6.970440634229327e-17
0.44000000000000034,oracle,1.130629149459697,-7.020887995440932e-17,-7.020887995440932e-17,-7.020887995440932e-17,-7.020887995440932e-17,-7.020887995440932e-17,-7.020887995440932e-17
0.46000000000000035,oracle,1.1322878348241237,-7.020887995440932e-17,-7.020887995440932e-17,-7.020887995440932e-17,-7.020887995440932e-17,-7.020887995440932e-17,-7.020887995440932e-17
0.48000000000000037,oracle,1.1340534543686251,-7.020887995440932e-17,-7.020887995440932e-17,-7.020887995440932e-17,-7.020887995440932e-17,-7.020887995440932e-17,-7.020887995440932e-17
0.5000000000000003,oracle,1.135904669887008,-7.075700032778899e-17,-7.075700032778899e-17,-7.075700032778899e-17,-7.075700032778899e-17,-7.075700032778899e-17,-7.075700032778899e-17
0.5200000000000004,oracle,1.13782607223352,-7.181054985513717e-17,-7.181054985513717e-17,-7.181054985513717e-17,-7.181054985513717e-17,-7.181054985513717e-17,-7.181054985513717e-17
0.5400000000000004,oracle,1.1398062347002502,-7.212119467888987e-17,-7.212119467888987e-17,-7.212119467888987e-17,-7.212119467888987e-17,-7.212119467888987e-17,-7.212119467888987e-17
0.5600000000000004,oracle,1.1418361476532473,-7.219148060491527e-17,-7.219148060491527e-17,-7.219148060491527e-17,-7.219148060491527e-17,-7.219148060491527e-17,-7.219148060491527e-17
0.5800000000000004,oracle,1.1439084882928114,-6.747303505115578e-17,-6.747303505115578e-17,-6.747303505115578e-17,-6.747303505115578e-17,-6.747303505115578e-17,-6.747303505115578e-17
0.6000000000000004,oracle,1.1460172664765307,-6.938769630278717e-17,-6.938769630278717e-17,-6.938769630278717e-17,-6.938769630278717e-17,-6.938769630278717e-17,-6.938769630278717e-17
0.6200000000000004,oracle,1.148157583808645,-6.608656131666503e-17,-6.608656131666503e-17,-6.608656131666503e-17,-6.608656131666503e-17,-6.608656131666503e-17,-6.608656131666503e-17
0.6400000000000005,oracle,1.1503254391520308,-6.999929918051743e-17,-6.999929918051743e-17,-6.999929918051743e-17,-6.999929918051743e-17,-6.999929918051743e-17,-6.999929918051743e-17
0.6600000000000005,oracle,1.1525175677755846,-7.663107656244223e-17,-7.663107656244223e-17,-7.663107656244223e-17,-7.663107656244223e-17,-7.663107656244223e-17,-7.663107656244223e-17
0.6800000000000005,oracle,1.154731308792153,-7.667075487525036e-17,-7.667075487525036e-17,-7.667075487525036e-17,-7.667075487525036e-17,-7.667075487525036e-17,-7.667075487525036e-17
0.7000000000000005,oracle,1.1569644962504357,-7.92990384347373e-17,-7.92990384347373e-17,-7.92990384347373e-17,-7.92990384347373e-17,-7.92990384347373e-17,-7.92990384347373e-17
0.7200000000000005,oracle,1.1592153697773566,-8.278892562591173e-17,-8.278892562591173e-17,-8.278892562591173e-17,-8.278892562591173e-17,-8.278892562591173e-17,-8.278892562591173e-17
0.7400000000000005,oracle,1.1614825012844803,-8.759648940496359e-17,-8.759648940496359e-17,-8.759648940496359e-17,-8.759648940496359e-17,-8.759648940496359e-17,-8.759648940496359e-17
0.7600000000000006,oracle,1.1637647348575824,-8.689739075046072e-17,-8.689739075046072e-17,-8.689739075046072e-17,-8.689739075046072e-17,-8.689739075046072e-17,-8.689739075046072e-17
0.7800000000000006,oracle,1.1660611374464485,-8.689739075046072e-17,-8.689739075046072e-17,-8.689739075046072e-17,-8.689739075046072e-17,-8.689739075046072e-17,-8.689739075046072e-17
0.8000000000000006,oracle,1.168370958412831,-8.700555169630605e-17,-8.700555169630605e-17,-8.700555169630605e-17,-8.700555169630605e-17,-8.700555169630605e-17,-8.700555169630605e-17
0.8200000000000006,oracle,1.1706935963364045,-8.433217679462504e-17,-8.433217679462504e-17,-8.433217679462504e-17,-8.433217679462504e-17,-8.433217679462504e-17,-8.433217679462504e-17
0.8400000000000006,oracle,1.1730285717766886,-8.322876841264408e-17,-8.322876841264408e-17,-8.322876841264408e-17,-8.322876841264408e-17,-8.322876841264408e-17,-8.322876841264408e-17
0.8600000000000007,oracle,1.1753755049158756,-8.341459398001961e-17,-8.341459398001961e-17,-8.341459398001961e-17,-8.341459398001961e-17,-8.341459398001961e-17,-8.341459398001961e-17
0.8800000000000007,oracle,1.1777340972124626,-8.20395473328771e-17,-8.20395473328771e-17,-8.20395473328771e-17,-8.20395473328771e-17,-8.20395473328771e-17,-8.20395473328771e-17
0.9000000000000007,oracle,1.180104116340263,-8.097874404720379e-17,-8.097874404720379e-17,-8.097874404720379e-17,-8.097874404720379e-17,-8.097874404720379e-17,-8.097874404720379e-17
0.9200000000000007,oracle,1.1824853838294316,-7.836153895525945e-17,-7.836153895525945e-17,-7.836153895525945e-17,-7.836153895525945e-17,-7.836153895525945e-17,-7.836153895525945e-17
0.9400000000000007,oracle,1.1848777649204385,-8.021133667021652e-17,-8.021133667021652e-17,-8.021133667021652e-17,-8.021133667021652e-17,-8.021133667021652e-17,-8.021133667021652e-17
0.9600000000000007,oracle,1.1872811602400264,-8.220268250737729e-17,-8.220268250737729e-17,-8.220268250737729e-17,-8.220268250737729e-17,-8.220268250737729e-17,-8.220268250737729e-17
0.9800000000000008,oracle,1.1896954989683897,-7.634958468173053e-17,-7.634958468173053e-17,-7.634958468173053e-17,-7.634958468173053e-17,-7.634958468173053e-17,-7.634958468173053e-17
1.0000000000000007,oracle,1.192120733233039,-7.797155837306128e-17,-7.797155837306128e-17,-7.797155837306128e-17,-7.797155837306128e-17,-7.797155837306128e-17,-7.797155837306128e-17
1.0200000000000007,oracle,1.1945568335095107,-7.67787558190195e-17,-7.67787558190195e-17,-7.67787558190195e-17,-7.67787558190195e-17,-7.67787558190195e-17,-7.67787558190195e-17
1.0400000000000007,oracle,1.1970037848483988,-5.627435279605371e-17,-5.627435279605371e-17,-5.627435279605371e-17,-5.627435279605371e-17,-5.627435279605371e-17,-5.627435279605371e-17
1.0600000000000007,oracle,1.1994615837799536,-5.627435279605371e-17,-5.627435279605371e-17,-5.627435279605371e-17,-5.627435279605371e-17,-5.627435279605371e-17,-5.627435279605371e-17
1.0800000000000007,oracle,1.2019302357773194,-5.0636196963114077e-17,-5.0636196963114077e-17,-5.0636196963114077e-17,-5.0636196963114077e-17,-5.0636196963114077e-17,-5.0636196963114077e-17
1.1000000000000008,oracle,1.2044097531761981,-4.742509143861403e-17,-4.742509143861403e-17,-4.742509143861403e-17,-4.742509143861403e-17,-4.742509143861403e-17,-4.742509143861403e-17
1.1200000000000008,oracle,1.2069001534679287,-4.754653723029715e-17,-4.754653723029715e-17,-4.754653723029715e-17,-4.754653723029715e-17,-4.754653723029715e-17,-4.754653723029715e-17
1.1400000000000008,oracle,1.2094014579045778,-4.799198707027147e-17,-4.799198707027147e-17,-4.799198707027147e-17,-4.799198707027147e-17,-4.799198707027147e-17,-4.799198707027147e-17
1.1600000000000008,oracle,1.2119136903541357,-4.361632897202119e-17,-4.361632897202119e-17,-4.361632897202119e-17,-4.361632897202119e-17,-4.361632897202119e-17,-4.361632897202119e-17
1.1800000000000008,oracle,1.2144368763641598,-4.5300861163702903e-17,-4.5300861163702903e-17,-4.5300861163702903e-17,-4.5300861163702903e-17,-4.5300861163702903e-17,-4.5300861163702903e-17
1.2000000000000008,oracle,1.2169710423956774,-4.281844531478197e-17,-4.281844531478197e-17,-4.281844531478197e-17,-4.281844531478197e-17,-4.281844531478197e-17,-4.281844531478197e-17
1.2200000000000009,oracle,1.2195162151983214,-3.583784520968343e-17,-3.583784520968343e-17,-3.583784520968343e-17,-3.583784520968343e-17,-3.583784520968343e-17,-3.583784520968343e-17
1.2400000000000009,oracle,1.2220724212991514,-2.7719731676553888e-17,-2.7719731676553888e-17,-2.7719731676553888e-17,-2.7719731676553888e-17,-2.7719731676553888e-17,-2.7719731676553888e-17
1.260000000000001,oracle,1.2246396865862634,-2.422534366204886e-17,-2.422534366204886e-17,-2.422534366204886e-17,-2.422534366204886e-17,-2.422534366204886e-17,-2.422534366204886e-17
1.280000000000001,oracle,1.2272180359705054,-2.3494855740977688e-17,-2.3494855740977688e-17,-2.3494855740977688e-17,-2.3494855740977688e-17,-2.3494855740977688e-17,-2.3494855740977688e-17
1.300000000000001,oracle,1.229807493111117,-2.5467918159487396e-17,-2.5467918159487396e-17,-2.5467918159487396e-17,-2.5467918159487396e-17,-2.5467918159487396e-17,-2.5467918159487396e-17
1.320000000000001,oracle,1.232408080192252,-1.7533198476623136e-17,-1.7533198476623136e-17,-1.7533198476623136e-17,-1.7533198476623136e-17,-1.7533198476623136e-17,-1.7533198476623136e-17
1.340000000000001,oracle,1.2350198177453233,-1.702925775447212e-17,-1.702925775447212e-17,-1.702925775447212e-17,-1.702925775447212e-17,-1.702925775447212e-17,-1.702925775447212e-17
1.360000000000001,oracle,1.237642724504024,-1.2533904571648266e-17,-1.2533904571648266e-17,-1.2533904571648266e-17,-1.2533904571648266e-17,-1.2533904571648266e-17,-1.2533904571648266e-17
1.380000000000001,oracle,1.2402768172918495,-1.0778988171747332e-17,-1.0778988171747332e-17,-1.0778988171747332e-17,-1.0778988171747332e-17,-1.0778988171747332e-17,-1.0778988171747332e-17
1.400000000000001,oracle,1.2429221109299475,-8.600740550352525e-18,-8.600740550352525e-18,-8.600740550352525e-18,-8.600740550352525e-18,-8.600740550352525e-18,-8.600740550352525e-18
1.420000000000001,oracle,1.24557861816918,-7.103520519744276e-18,-7.103520519744276e-18,-7.103520519744276e-18,-7.103520519744276e-18,-7.103520519744276e-18,-7.103520519744276e-18
1.440000000000001,oracle,1.4511847322158964,-4.562008491423473e-18,-4.562008491423473e-18,-4.562008491423473e-18,-4.562008491423473e-18,-4.562008491423473e-18,-4.562008491423473e-18
1.460000000000001,oracle,1.9632466296108115,3.0266107794580275e-18,3.0266107794580275e-18,3.0266107794580275e-18,3.0266107794580275e-18,3.0266107794580275e-18,3.0266107794580275e-18
1.480000000000001,oracle,2.7965809212474615,1.2726153404517838e-18,1.2726153404517838e-18,1.2726153404517838e-18,1.2726153404517838e-18,1.2726153404517838e-18,1.2726153404517838e-18
1.500000000000001,oracle,3.8952872751118583,3.1677450194156055e-19,3.1677450194156055e-19,3.1677450194156055e-19,3.1677450194156055e-19,3.1677450194156055e-19,3.1677450194156055e-19
1.5200000000000011,oracle,3.1302511223387484,-1.1225189502125038e-18,-1.1225189502125038e-18,-1.1225189502125038e-18,-1.1225189502125038e-18,-1.1225189502125038e-18,-1.1225189502125038e-18
1.5400000000000011,oracle,2.5223176406886836,-1.2568874880357979e-18,-1.2568874880357979e-18,-1.2568874880357979e-18,-1.2568874880357979e-18,-1.2568874880357979e-18,-1.2568874880357979e-18
1.5600000000000012,oracle,2.046261973820682,-9.105419044594923e-19,-9.105419044594923e-19,-9.105419044594923e-19,-9.105419044594923e-19,-9.105419044594923e-19,-9.105419044594923e-19
1.5800000000000012,oracle,1.6819963808814868,2.8494484410614056e-18,2.8494484410614056e-18,2.8494484410614056e-18,2.8494484410614056e-18,2.8494484410614056e-18,2.8494484410614056e-18
1.6000000000000012,oracle,1.4130067393264372,3.4162846711632955e-20,3.4162846711632955e-20,3.4162846711632955e-20,3.4162846711632955e-20,3.4162846711632955e-20,3.4162846711632955e-20
1.6200000000000012,oracle,1.224530530238741,-5.314591766465129e-18,-5.314591766465129e-18,-5.314591766465129e-18,-5.314591766465129e-18,-5.314591766465129e-18,-5.314591766465129e-18
1.6400000000000012,oracle,1.1018913879018681,9.356704899582727e-18,9.356704899582727e-18,9.356704899582727e-18,9.356704899582727e-18,9.356704899582727e-18,9.356704899582727e-18
1.6600000000000013,oracle,1.0299123873462315,1.763848559559201e-17,1.763848559559201e-17,1.763848559559201e-17,1.763848559559201e-17,1.763848559559201e-17,1.763848559559201e-17
1.6800000000000013,oracle,0.9938746134677339,1.651938812879419e-17,1.651938812879419e-17,1.651938812879419e-17,1.651938812879419e-17,1.651938812879419e-17,1.651938812879419e-17
1.7000000000000013,oracle,0.9811522382751497,8.237216908157105e-18,8.237216908157105e-18,8.237216908157105e-18,8.237216908157105e-18,8.237216908157105e-18,8.237216908157105e-18
1.7200000000000013,oracle,0.982214016153357,-6.910984004040403e-18,-6.910984004040403e-18,-6.910984004040403e-18,-6.910984004040403e-18,-6.910984004040403e-18,-6.910984004040403e-18
1.7400000000000013,oracle,0.9905924052402257,-9.946185836438625e-18,-9.946185836438625e-18,-9.946185836438625e-18,-9.946185836438625e-18,-9.946185836438625e-18,-9.946185836438625e-18
1.7600000000000013,oracle,1.0022485865217794,-1.1345491186766284e-17,-1.1345491186766284e-17,-1.1345491186766284e-17,-1.1345491186766284e-17,-1.1345491186766284e-17,-1.1345491186766284e-17
1.7800000000000014,oracle,1.0148311612964052,-1.2485256320378766e-17,-1.2485256320378766e-17,-1.2485256320378766e-17,-1.2485256320378766e-17,-1.2485256320378766e-17,-1.2485256320378766e-17
1.8000000000000014,oracle,1.0270704695195452,-1.1398071139523229e-17,-1.1398071139523229e-17,-1.1398071139523229e-17,-1.1398071139523229e-17,-1.1398071139523229e-17,-1.1398071139523229e-17
1.8200000000000014,oracle,1.0383544851909852,-1.0159180224605664e-17,-1.0159180224605664e-17,-1.0159180224605664e-17,-1.0159180224605664e-17,-1.0159180224605664e-17,-1.0159180224605664e-17
1.8400000000000014,oracle,1.0484544013812043,-1.3369275198371056e-17,-1.3369275198371056e-17,-1.3369275198371056e-17,-1.3369275198371056e-17,-1.3369275198371056e-17,-1.3369275198371056e-17
1.8600000000000014,oracle,1.0573547548208946,-1.7680888210035063e-17,-1.7680888210035063e-17,-1.7680888210035063e-17,-1.7680888210035063e-17,-1.7680888210035063e-17,-1.7680888210035063e-17
1.8800000000000014,oracle,1.0651512298657126,-1.4283633061554022e-17,-1.4283633061554022e-17,-1.4283633061554022e-17,-1.4283633061554022e-17,-1.4283633061554022e-17,-1.4283633061554022e-17
1.9000000000000015,oracle,1.0719906372406491,-8.082317857491072e-18,-8.082317857491072e-18,-8.082317857491072e-18,-8.082317857491072e-18,-8.082317857491072e-18,-8.082317857491072e-18
1.9200000000000015,oracle,1.0780366268286083,1.9987404008437484e-17,1.9987404008437484e-17,1.9987404008437484e-17,1.9987404008437484e-17,1.9987404008437484e-17,1.9987404008437484e-17
1.9400000000000015,oracle,1.0834508831555407,3.7424317469679477e-17,3.7424317469679477e-17,3.7424317469679477e-17,3.7424317469679477e-17,3.7424317469679477e-17,3.7424317469679477e-17
1.9600000000000015,oracle,1.0883808299794804,1.7994349837920306e-17,1.7994349837920306e-17,1.7994349837920306e-17,1.7994349837920306e-17,1.7994349837920306e-17,1.7994349837920306e-17
1.9800000000000015,oracle,1.092966966609451,2.000265649915747e-18,2.000265649915747e-18,2.000265649915747e-18,2.000265649915747e-18,2.000265649915747e-18,2.000265649915747e-18
2.0000000000000013,oracle,1.097324391528306,6.217429443221404e-19,6.217429443221404e-19,6.217429443221404e-19,6.217429443221404e-19,6.217429443221404e-19,6.217429443221404e-19
2.019999999999999,oracle,1.1015468456786857,-8.623388282745825e-17,-8.623388282745825e-17,-8.623388282745825e-17,-8.623388282745825e-17,-8.623388282745825e-17,-8.623388282745825e-17
2.039999999999997,oracle,1.105730211287815,-5.668925404706941e-17,-5.668925404706941e-17,-5.668925404706941e-17,-5.668925404706941e-17,-5.668925404706941e-17,-5.668925404706941e-17
2.0599999999999947,oracle,1.1099425369689753,4.113202142221836e-16,4.113202142221836e-16,4.113202142221836e-16,4.113202142221836e-16,4.113202142221836e-16,4.113202142221836e-16
2.0799999999999925,oracle,1.1142366272433657,5.731553963712648e-16,5.731553963712648e-16,5.731553963712648e-16,5.731553963712648e-16,5.731553963712648e-16,5.731553963712648e-16
2.0999999999999903,oracle,1.1186742016097984,6.759672555946848e-16,6.759672555946848e-16,6.759672555946848e-16,6.759672555946848e-16,6.759672555946848e-16,6.759672555946848e-16
2.119999999999988,oracle,1.123291363119663,1.1700741260109607e-15,1.1700741260109607e-15,1.1700741260109607e-15,1.1700741260109607e-15,1.1700741260109607e-15,1.1700741260109607e-15
2.139999999999986,oracle,1.128114633844152,5.869323025710685e-16,5.869323025710685e-16,5.869323025710685e-16,5.869323025710685e-16,5.869323025710685e-16,5.869323025710685e-16
2.1599999999999837,oracle,1.133184405883594,3.325921087502916e-16,3.325921087502916e-16,3.325921087502916e-16,3.325921087502916e-16,3.325921087502916e-16,3.325921087502916e-16
2.1799999999999815,oracle,1.1385171425750427,2.4620737449034797e-16,2.4620737449034797e-16,2.4620737449034797e-16,2.4620737449034797e-16,2.4620737449034797e-16,2.4620737449034797e-16
2.1999999999999793,oracle,1.1441236646099178,3.192312021650552e-17,3.192312021650552e-17,3.192312021650552e-17,3.192312021650552e-17,3.192312021650552e-17,3.192312021650552e-17
2.219999999999977,oracle,1.1500315968805996,-5.154082158403511e-16,-5.154082158403511e-16,-5.154082158403511e-16,-5.154082158403511e-16,-5.154082158403511e-16,-5.154082158403511e-16
2.239999999999975,oracle,1.1562455881757268,-5.92560178500202e-16,-5.92560178500202e-16,-5.92560178500202e-16,-5.92560178500202e-16,-5.92560178500202e-16,-5.92560178500202e-16
2.2599999999999727,oracle,1.162767187526353,-7.884333019874196e-16,-7.884333019874196e-16,-7.884333019874196e-16,-7.884333019874196e-16,-7.884333019874196e-16,-7.884333019874196e-16
2.2799999999999705,oracle,1.1696162371711782,-7.224385668029467e-16,-7.224385668029467e-16,-7.224385668029467e-16,-7.224385668029467e-16,-7.224385668029467e-16,-7.224385668029467e-16
2.2999999999999683,oracle,1.1767901549303765,-6.590584623321612e-16,-6.590584623321612e-16,-6.590584623321612e-16,-6.590584623321612e-16,-6.590584623321612e-16,-6.590584623321612e-16
2.319999999999966,oracle,1.1842848552208802,-5.905570750750605e-16,-5.905570750750605e-16,-5.905570750750605e-16,-5.905570750750605e-16,-5.905570750750605e-16,-5.905570750750605e-16
2.339999999999964,oracle,1.1921151075937864,-8.457249712311642e-16,-8.457249712311642e-16,-8.457249712311642e-16,-8.457249712311642e-16,-8.457249712311642e-16,-8.457249712311642e-16
2.3599999999999617,oracle,1.2002737142680222,-1.0497734876784234e-15,-1.0497734876784234e-15,-1.0497734876784234e-15,-1.0497734876784234e-15,-1.0497734876784234e-15,-1.0497734876784234e-15
2.3799999999999595,oracle,1.2087529367161511,-1.8306737178520563e-15,-1.8306737178520563e-15,-1.8306737178520563e-15,-1.8306737178520563e-15,-1.8306737178520563e-15,-1.8306737178520563e-15
2.3999999999999573,oracle,1.2175638809730776,-2.8108814602077277e-15,-2.8108814602077277e-15,-2.8108814602077277e-15,-2.8108814602077277e-15,-2.8108814602077277e-15,-2.8108814602077277e-15
2.419999999999955,oracle,1.2266962468781917,-2.7755378440042486e-15,-2.7755378440042486e-15,-2.7755378440042486e-15,-2.7755378440042486e-15,-2.7755378440042486e-15,-2.7755378440042486e-15
2.439999999999953,oracle,1.2361397086401342,-2.840791128013759e-15,-2.840791128013759e-15,-2.840791128013759e-15,-2.840791128013759e-15,-2.840791128013759e-15,-2.840791128013759e-15
2.4599999999999507,oracle,1.2459024278803,-2.7410855709723122e-15,-2.7410855709723122e-15,-2.7410855709723122e-15,-2.7410855709723122e-15,-2.7410855709723122e-15,-2.7410855709723122e-15
2.4799999999999485,oracle,1.2559719355505419,-3.220116772577075e-15,-3.220116772577075e-15,-3.220116772577075e-15,-3.220116772577075e-15,-3.220116772577075e-15,-3.220116772577075e-15
2.4999999999999463,oracle,1.2663359109563388,-3.224427940935363e-15,-3.224427940935363e-15,-3.224427940935363e-15,-3.224427940935363e-15,-3.224427940935363e-15,-3.224427940935363e-15
2.519999999999944,oracle,1.2769999578652238,-3.428964371182591e-15,-3.428964371182591e-15,-3.428964371182591e-15,-3.428964371182591e-15,-3.428964371182591e-15,-3.428964371182591e-15
2.539999999999942,oracle,1.2879500900799032,-3.5419401983201196e-15,-3.5419401983201196e-15,-3.5419401983201196e-15,-3.5419401983201196e-15,-3.5419401983201196e-15,-3.5419401983201196e-15
2.5599999999999397,oracle,1.2991723667696553,-3.862634475550652e-15,-3.862634475550652e-15,-3.862634475550652e-15,-3.862634475550652e-15,-3.862634475550652e-15,-3.862634475550652e-15
2.5799999999999375,oracle,1.310670088363092,-3.520562421473963e-15,-3.520562421473963e-15,-3.520562421473963e-15,-3.520562421473963e-15,-3.520562421473963e-15,-3.520562421473963e-15
2.5999999999999353,oracle,1.322428283785916,-3.2420274365504943e-15,-3.2420274365504943e-15,-3.2420274365504943e-15,-3.2420274365504943e-15,-3.2420274365504943e-15,-3.2420274365504943e-15
2.619999999999933,oracle,1.3344316927677151,-3.169117643333195e-15,-3.169117643333195e-15,-3.169117643333195e-15,-3.169117643333195e-15,-3.169117643333195e-15,-3.169117643333195e-15
2.639999999999931,oracle,1.3466815410211113,-2.6921290741277474e-15,-2.6921290741277474e-15,-2.6921290741277474e-15,-2.6921290741277474e-15,-2.6921290741277474e-15,-2.6921290741277474e-15
2.6599999999999286,oracle,1.359162367181952,-2.3582505205102975e-15,-2.3582505205102975e-15,-2.3582505205102975e-15,-2.3582505205102975e-15,-2.3582505205102975e-15,-2.3582505205102975e-15
2.6799999999999264,oracle,1.3718578941114814,-2.7532438493303153e-15,-2.7532438493303153e-15,-2.7532438493303153e-15,-2.7532438493303153e-15,-2.7532438493303153e-15,-2.7532438493303153e-15
2.6999999999999242,oracle,1.3847675247032907,-3.3386015879873452e-15,-3.3386015879873452e-15,-3.3386015879873452e-15,-3.3386015879873452e-15,-3.3386015879873452e-15,-3.3386015879873452e-15
2.719999999999922,oracle,1.3978757978381582,-3.613867513297844e-15,-3.613867513297844e-15,-3.613867513297844e-15,-3.613867513297844e-15,-3.613867513297844e-15,-3.613867513297844e-15
2.73999999999992,oracle,1.411165757895495,-3.793231056757708e-15,-3.793231056757708e-15,-3.793231056757708e-15,-3.793231056757708e-15,-3.793231056757708e-15,-3.793231056757708e-15
2.7599999999999176,oracle,1.4246352742632198,-3.929158427438759e-15,-3.929158427438759e-15,-3.929158427438759e-15,-3.929158427438759e-15,-3.929158427438759e-15,-3.929158427438759e-15
2.7799999999999154,oracle,1.4382693770783603,-3.834611807055684e-15,-3.834611807055684e-15,-3.834611807055684e-15,-3.834611807055684e-15,-3.834611807055684e-15,-3.834611807055684e-15
2.7999999999999132,oracle,1.4520508133420935,-4.090710479057694e-15,-4.090710479057694e-15,-4.090710479057694e-15,-4.090710479057694e-15,-4.090710479057694e-15,-4.090710479057694e-15
2.819999999999911,oracle,1.4659762383047288,-4.206078762763275e-15,-4.206078762763275e-15,-4.206078762763275e-15,-4.206078762763275e-15,-4.206078762763275e-15,-4.206078762763275e-15
2.839999999999909,oracle,1.4800316521763297,-4.19157650123905e-15,-4.19157650123905e-15,-4.19157650123905e-15,-4.19157650123905e-15,-4.19157650123905e-15,-4.19157650123905e-15
2.8599999999999066,oracle,1.4941999178666296,-4.3131014963851154e-15,-4.3131014963851154e-15,-4.3131014963851154e-15,-4.3131014963851154e-15,-4.3131014963851154e-15,-4.3131014963851154e-15
2.8799999999999044,oracle,1.5084768062263596,-4.098310717038104e-15,-4.098310717038104e-15,-4.098310717038104e-15,-4.098310717038104e-15,-4.098310717038104e-15,-4.098310717038104e-15
2.899999999999902,oracle,1.522849732522935,-3.6592814569368e-15,-3.6592814569368e-15,-3.6592814569368e-15,-3.6592814569368e-15,-3.6592814569368e-15,-3.6592814569368e-15
2.9199999999999,oracle,1.5373021001518978,-3.4126931508795457e-15,-3.4126931508795457e-15,-3.4126931508795457e-15,-3.4126931508795457e-15,-3.4126931508795457e-15,-3.4126931508795457e-15
2.939999999999898,oracle,1.5518291105799589,-3.2077744051212306e-15,-3.2077744051212306e-15,-3.2077744051212306e-15,-3.2077744051212306e-15,-3.2077744051212306e-15,-3.2077744051212306e-15
2.9599999999998956,oracle,1.5664199809445483,-2.503736878519942e-15,-2.503736878519942e-15,-2.503736878519942e-15,-2.503736878519942e-15,-2.503736878519942e-15,-2.503736878519942e-15
2.9799999999998934,oracle,1.581059065550099,-2.71468884602948e-15,-2.71468884602948e-15,-2.71468884602948e-15,-2.71468884602948e-15,-2.71468884602948e-15,-2.71468884602948e-15
2.999999999999891,oracle,1.5957412717775086,-3.0592821778818283e-15,-3.0592821778818283e-15,-3.0592821778818283e-15,-3.0592821778818283e-15,-3.0592821778818283e-15,-3.0592821778818283e-15
3.019999999999889,oracle,1.6104579251509796,-3.0234834009774647e-15,-3.0234834009774647e-15,-3.0234834009774647e-15,-3.0234834009774647e-15,-3.0234834009774647e-15,-3.0234834009774647e-15
3.039999999999887,oracle,1.6251947020381428,-2.5261801856339467e-15,-2.5261801856339467e-15,-2.5261801856339467e-15,-2.5261801856339467e-15,-2.5261801856339467e-15,-2.5261801856339467e-15
3.0599999999998846,oracle,1.6399464306547593,-1.964002839803443e-15,-1.964002839803443e-15,-1.964002839803443e-15,-1.964002839803443e-15,-1.964002839803443e-15,-1.964002839803443e-15
3.0799999999998824,oracle,1.6547067548607668,-1.6829308818076966e-15,-1.6829308818076966e-15,-1.6829308818076966e-15,-1.6829308818076966e-15,-1.6829308818076966e-15,-1.6829308818076966e-15
3.09999999999988,oracle,1.669462984025434,-1.9134119221368934e-15,-1.9134119221368934e-15,-1.9134119221368934e-15,-1.9134119221368934e-15,-1.9134119221368934e-15,-1.9134119221368934e-15
3.119999999999878,oracle,1.6842100082734999,-2.5903341550886053e-15,-2.5903341550886053e-15,-2.5903341550886053e-15,-2.5903341550886053e-15,-2.5903341550886053e-15,-2.5903341550886053e-15
3.139999999999876,oracle,1.6989438950001545,-2.3813934095455175e-15,-2.3813934095455175e-15,-2.3813934095455175e-15,-2.3813934095455175e-15,-2.3813934095455175e-15,-2.3813934095455175e-15
3.1599999999998736,oracle,1.7136538230663052,-1.8470125241269984e-15,-1.8470125241269984e-15,-1.8470125241269984e-15,-1.8470125241269984e-15,-1.8470125241269984e-15,-1.8470125241269984e-15
3.1799999999998714,oracle,1.7283348068239026,-1.063831458431113e-15,-1.063831458431113e-15,-1.063831458431113e-15,-1.063831458431113e-15,-1.063831458431113e-15,-1.063831458431113e-15
3.199999999999869,oracle,1.7429853383046774,-5.574189772463164e-16,-5.574189772463164e-16,-5.574189772463164e-16,-5.574189772463164e-16,-5.574189772463164e-16,-5.574189772463164e-16
3.219999999999867,oracle,1.7575966215411634,-3.7324250788818575e-16,-3.7324250788818575e-16,-3.7324250788818575e-16,-3.7324250788818575e-16,-3.7324250788818575e-16,-3.7324250788818575e-16
3.2399999999998648,oracle,1.7721637822036522,-3.9773634715872033e-16,-3.9773634715872033e-16,-3.9773634715872033e-16,-3.9773634715872033e-16,-3.9773634715872033e-16,-3.9773634715872033e-16
3.2599999999998626,oracle,1.7866876428487426,-1.5481288555420657e-17,-1.5481288555420657e-17,-1.5481288555420657e-17,-1.5481288555420657e-17,-1.5481288555420657e-17,-1.5481288555420657e-17
3.2799999999998604,oracle,1.8011615088379043,-6.853342397991979e-16,-6.853342397991979e-16,-6.853342397991979e-16,-6.853342397991979e-16,-6.853342397991979e-16,-6.853342397991979e-16
3.299999999999858,oracle,1.815580539682675,-1.8270293303590577e-15,-1.8270293303590577e-15,-1.8270293303590577e-15,-1.8270293303590577e-15,-1.8270293303590577e-15,-1.8270293303590577e-15
3.319999999999856,oracle,1.8299477145470895,-2.3290655253031863e-15,-2.3290655253031863e-15,-2.3290655253031863e-15,-2.3290655253031863e-15,-2.3290655253031863e-15,-2.3290655253031863e-15
3.3399999999998538,oracle,1.84425844443019,-2.827746702805352e-15,-2.827746702805352e-15,-2.827746702805352e-15,-2.827746702805352e-15,-2.827746702805352e-15,-2.827746702805352e-15
3.3599999999998515,oracle,1.8585077962767071,-2.8403953881579642e-15,-2.8403953881579642e-15,-2.8403953881579642e-15,-2.8403953881579642e-15,-2.8403953881579642e-15,-2.8403953881579642e-15
3.3799999999998493,oracle,1.8727006717192896,-2.8681434598432134e-15,-2.8681434598432134e-15,-2.8681434598432134e-15,-2.8681434598432134e-15,-2.8681434598432134e-15,-2.8681434598432134e-15
3.399999999999847,oracle,1.8868325173475595,-2.5890345966998558e-15,-2.5890345966998558e-15,-2.5890345966998558e-15,-2.5890345966998558e-15,-2.5890345966998558e-15,-2.5890345966998558e-15
3.419999999999845,oracle,1.9009045820951047,-2.470408610284333e-15,-2.470408610284333e-15,-2.470408610284333e-15,-2.470408610284333e-15,-2.470408610284333e-15,-2.470408610284333e-15
3.4399999999998427,oracle,1.9149162297241318,-2.470408610284333e-15,-2.470408610284333e-15,-2.470408610284333e-15,-2.470408610284333e-15,-2.470408610284333e-15,-2.470408610284333e-15
3.4599999999998405,oracle,1.9288678592694202,-2.470408610284333e-15,-2.470408610284333e-15,-2.470408610284333e-15,-2.470408610284333e-15,-2.470408610284333e-15,-2.470408610284333e-15
3.4799999999998383,oracle,1.94276012621926,-2.470408610284333e-15,-2.470408610284333e-15,-2.470408610284333e-15,-2.470408610284333e-15,-2.470408610284333e-15,-2.470408610284333e-15
3.499999999999836,oracle,1.9565939654196087,-2.470408610284333e-15,-2.470408610284333e-15,-2.470408610284333e-15,-2.470408610284333e-15,-2.470408610284333e-15,-2.470408610284333e-15
3.519999999999834,oracle,1.970370569629822,-2.470408610284333e-15,-2.470408610284333e-15,-2.470408610284333e-15,-2.470408610284333e-15,-2.470408610284333e-15,-2.470408610284333e-15
3.5399999999998317,oracle,2.009503522728657,-0.010659893222400118,-0.010659893222400118,-0.010659893222400118,-0.010659893222400118,-0.010659893222400118,-0.010659893222400118
3.5599999999998295,oracle,2.0720128932807595,-0.03260843617805942,-0.03260843617805942,-0.03260843617805942,-0.03260843617805942,-0.03260843617805942,-0.03260843617805942
3.5799999999998273,oracle,2.1335328361424435,-0.05732370919965641,-0.05732370919965641,-0.05732370919965641,-0.05732370919965641,-0.05732370919965641,-0.05732370919965641
3.599999999999825,oracle,2.188008521965037,-0.08246942648523395,-0.08246942648523395,-0.08246942648523395,-0.08246942648523395,-0.08246942648523395,-0.08246942648523395
3.619999999999823,oracle,2.234958748791735,-0.10740935871552801,-0.10740935871552801,-0.10740935871552801,-0.10740935871552801,-0.10740935871552801,-0.10740935871552801
3.6399999999998207,oracle,2.2752437811232316,-0.13197438074499787,-0.13197438074499787,-0.13197438074499787,-0.13197438074499787,-0.13197438074499787,-0.13197438074499787
3.6599999999998185,oracle,2.309923593636257,-0.15612363526857645,-0.15612363526857645,-0.15612363526857645,-0.15612363526857645,-0.15612363526857645,-0.15612363526857645
3.6799999999998163,oracle,2.339969371241227,-0.17985141610055502,-0.17985141610055502,-0.17985141610055502,-0.17985141610055502,-0.17985141610055502,-0.17985141610055502
3.699999999999814,oracle,2.366207895632541,-0.20316157972624305,-0.20316157972624305,-0.20316157972624305,-0.20316157972624305,-0.20316157972624305,-0.20316157972624305
3.719999999999812,oracle,2.389326802261131,-0.22606051484379686,-0.22606051484379686,-0.22606051484379686,-0.22606051484379686,-0.22606051484379686,-0.22606051484379686
3.7399999999998097,oracle,2.409893369824673,-0.24855521195535207,-0.24855521195535207,-0.24855521195535207,-0.24855521195535207,-0.24855521195535207,-0.24855521195535207
3.7599999999998075,oracle,2.428374161975901,-0.27065273451637656,-0.27065273451637656,-0.27065273451637656,-0.27065273451637656,-0.27065273451637656,-0.27065273451637656
3.7799999999998053,oracle,2.4451524374961857,-0.2923600752298675,-0.2923600752298675,-0.2923600752298675,-0.2923600752298675,-0.2923600752298675,-0.2923600752298675
3.799999999999803,oracle,2.4605428646003267,-0.3136841181566666,-0.3136841181566666,-0.3136841181566666,-0.3136841181566666,-0.3136841181566666,-0.3136841181566666
3.819999999999801,oracle,2.4748037523614377,-0.3346316298777008,-0.3346316298777008,-0.3346316298777008,-0.3346316298777008,-0.3346316298777008,-0.3346316298777008
3.8399999999997987,oracle,2.4881471513353266,-0.35520925861241404,-0.35520925861241404,-0.35520925861241404,-0.35520925861241404,-0.35520925861241404,-0.35520925861241404
3.8599999999997965,oracle,2.5007471690328154,-0.37542353549639,-0.37542353549639,-0.37542353549639,-0.37542353549639,-0.37542353549639,-0.37542353549639
3.8799999999997943,oracle,2.5127468041511327,-0.39528087642552434,-0.39528087642552434,-0.39528087642552434,-0.39528087642552434,-0.39528087642552434,-0.39528087642552434
3.899999999999792,oracle,2.5242635573000265,-0.41478758402952826,-0.41478758402952826,-0.41478758402952826,-0.41478758402952826,-0.41478758402952826,-0.41478758402952826
3.91999999999979,oracle,2.5353940336823255,-0.43394984965508016,-0.43394984965508016,-0.43394984965508016,-0.43394984965508016,-0.43394984965508016,-0.43394984965508016
3.9399999999997877,oracle,2.7541428096264466,-0.45277375532618,-0.45277375532618,-0.45277375532618,-0.45277375532618,-0.45277375532618,-0.45277375532618
3.9599999999997855,oracle,3.3019649751339175,-0.47126527567326165,-0.47126527567326165,-0.47126527567326165,-0.47126527567326165,-0.47126527567326165,-0.47126527567326165
3.9799999999997833,oracle,4.241233477489647,-0.4894302798291512,-0.4894302798291512,-0.4894302798291512,-0.4894302798291512,-0.4894302798291512,-0.4894302798291512
3.999999999999781,oracle,5.5421001128647855,-0.5072745332918104,-0.5072745332918104,-0.5072745332918104,-0.5072745332918104,-0.5072745332918104,-0.5072745332918104
4.019999999999779,oracle,4.591776217088963,-0.5248036997542533,-0.5248036997542533,-0.5248036997542533,-0.5248036997542533,-0.5248036997542533,-0.5248036997542533
4.039999999999777,oracle,3.8666387094634103,-0.5420233429021721,-0.5420233429021721,-0.5420233429021721,-0.5420233429021721,-0.5420233429021721,-0.5420233429021721
4.059999999999775,oracle,3.3337771038958115,-0.5589389281798276,-0.5589389281798276,-0.5589389281798276,-0.5589389281798276,-0.5589389281798276,-0.5589389281798276
4.079999999999773,oracle,2.96230674703323,-0.5755558245247565,-0.5755558245247565,-0.5755558245247565,-0.5755558245247565,-0.5755558245247565,-0.5755558245247565
4.0999999999997705,oracle,2.721176747783327,-0.5918793060718508,-0.5918793060718508,-0.5918793060718508,-0.5918793060718508,-0.5918793060718508,-0.5918793060718508
4.119999999999768,oracle,2.5793263432903726,-0.6079145538273467,-0.6079145538273467,-0.6079145538273467,-0.6079145538273467,-0.6079145538273467,-0.6079145538273467
4.139999999999766,oracle,2.50796857268042,-0.6236666573132541,-0.6236666573132541,-0.6236666573132541,-0.6236666573132541,-0.6236666573132541,-0.6236666573132541
4.159999999999764,oracle,2.483128917270598,-0.6391406161827511,-0.6391406161827511,-0.6391406161827511,-0.6391406161827511,-0.6391406161827511,-0.6391406161827511
4.179999999999762,oracle,2.486799277176529,-0.6543413418070539,-0.6543413418070539,-0.6543413418070539,-0.6543413418070539,-0.6543413418070539,-0.6543413418070539
4.1999999999997595,oracle,2.5065535327168567,-0.6692736588342628,-0.6692736588342628,-0.6692736588342628,-0.6692736588342628,-0.6692736588342628,-0.6692736588342628
4.219999999999757,oracle,2.5343678570475214,-0.6839423067206893,-0.6839423067206893,-0.6839423067206893,-0.6839423067206893,-0.6839423067206893,-0.6839423067206893
4.239999999999755,oracle,2.565339674788454,-0.6983519412351382,-0.6983519412351382,-0.6983519412351382,-0.6983519412351382,-0.6983519412351382,-0.6983519412351382
4.259999999999753,oracle,2.6127268739438483,-0.7140739779959884,-0.7140739779959884,-0.7140739779959884,-0.7140739779959884,-0.7140739779959884,-0.7140739779959884
4.279999999999751,oracle,2.6884658575163587,-0.7304414317953307,-0.7304414317953307,-0.7304414317953307,-0.7304414317953307,-0.7304414317953307,-0.7304414317953307
4.2999999999997485,oracle,2.7471921400327997,-0.7470540340579696,-0.7470540340579696,-0.7470540340579696,-0.7470540340579696,-0.7470540340579696,-0.7470540340579696
4.319999999999746,oracle,2.8209471856353345,-0.7647097488852868,-0.7647097488852868,-0.7647097488852868,-0.7647097488852868,-0.7647097488852868,-0.7647097488852868
4.339999999999744,oracle,2.911757036091069,-0.7831530245289746,-0.7831530245289746,-0.7831530245289746,-0.7831530245289746,-0.7831530245289746,-0.7831530245289746
4.359999999999742,oracle,3.307515932208922,-0.7995664197598815,-0.7995664197598815,-0.7995664197598815,-0.7995664197598815,-0.7995664197598815,-0.7995664197598815
4.37999999999974,oracle,4.0849218607898745,-0.8143683093431613,-0.8143683093431613,-0.8143683093431613,-0.8143683093431613,-0.8143683093431613,-0.8143683093431613
4.3999999999997375,oracle,5.214384140502939,-0.8279691792892792,-0.8279691792892792,-0.8279691792892792,-0.8279691792892792,-0.8279691792892792,-0.8279691792892792
4.419999999999735,oracle,6.630287979793657,-0.8403249600257949,-0.8403249600257949,-0.8403249600257949,-0.8403249600257949,-0.8403249600257949,-0.8403249600257949
4.439999999999733,oracle,5.572860624633862,-0.8519782870231529,-0.8519782870231529,-0.8519782870231529,-0.8519782870231529,-0.8519782870231529,-0.8519782870231529
4.459999999999731,oracle,4.721005576123541,-0.8634088232198907,-0.8634088232198907,-0.8634088232198907,-0.8634088232198907,-0.8634088232198907,-0.8634088232198907
4.479999999999729,oracle,4.037533554005507,-0.8744248481164725,-0.8744248481164725,-0.8744248481164725,-0.8744248481164725,-0.8744248481164725,-0.8744248481164725
4.499999999999726,oracle,3.4893510311233364,-0.8852564455339573,-0.8852564455339573,-0.8852564455339573,-0.8852564455339573,-0.8852564455339573,-0.8852564455339573
4.519999999999724,oracle,3.0440159994062075,-0.895587230525741,-0.895587230525741,-0.895587230525741,-0.895587230525741,-0.895587230525741,-0.895587230525741
4.539999999999722,oracle,2.7078828403761364,-0.9059957649748045,-0.9059957649748045,-0.9059957649748045,-0.9059957649748045,-0.9059957649748045,-0.9059957649748045
4.55999999999972,oracle,2.4263316857614137,-0.9158872980429235,-0.9158872980429235,-0.9158872980429235,-0.9158872980429235,-0.9158872980429235,-0.9158872980429235
4.579999999999718,oracle,2.231475948281333,-0.9259936376577178,-0.9259936376577178,-0.9259936376577178,-0.9259936376577178,-0.9259936376577178,-0.9259936376577178
4.599999999999715,oracle,2.070481462607936,-0.9358511689944473,-0.9358511689944473,-0.9358511689944473,-0.9358511689944473,-0.9358511689944473,-0.9358511689944473
4.619999999999713,oracle,1.947296335901779,-0.9455719503309018,-0.9455719503309018,-0.9455719503309018,-0.9455719503309018,-0.9455719503309018,-0.9455719503309018
4.639999999999711,oracle,1.853026206516445,-0.9551668228825873,-0.9551668228825873,-0.9551668228825873,-0.9551668228825873,-0.9551668228825873,-0.9551668228825873
4.659999999999709,oracle,1.782194906530277,-0.9646679737608818,-0.9646679737608818,-0.9646679737608818,-0.9646679737608818,-0.9646679737608818,-0.9646679737608818
4.679999999999707,oracle,1.726382522521251,-0.9739892482424941,-0.9739892482424941,-0.9739892482424941,-0.9739892482424941,-0.9739892482424941,-0.9739892482424941
4.699999999999704,oracle,1.68412234442401,-0.9832398428414181,-0.9832398428414181,-0.9832398428414181,-0.9832398428414181,-0.9832398428414181,-0.9832398428414181
4.719999999999702,oracle,1.6498643565606825,-0.9923532672153699,-0.9923532672153699,-0.9923532672153699,-0.9923532672153699,-0.9923532672153699,-0.9923532672153699
4.7399999999997,oracle,1.6217048908668832,-1.0013132686096982,-1.0013132686096982,-1.0013132686096982,-1.0013132686096982,-1.0013132686096982,-1.0013132686096982
4.759999999999698,oracle,1.5983743447308116,-1.0101173461049773,-1.0101173461049773,-1.0101173461049773,-1.0101173461049773,-1.0101173461049773,-1.0101173461049773
4.779999999999696,oracle,1.5789574635686607,-1.0187667540370762,-1.0187667540370762,-1.0187667540370762,-1.0187667540370762,-1.0187667540370762,-1.0187667540370762
4.799999999999693,oracle,1.5627574498981198,-1.0272637609492945,-1.0272637609492945,-1.0272637609492945,-1.0272637609492945,-1.0272637609492945,-1.0272637609492945
4.819999999999691,oracle,1.5492256704148002,-1.035610894830008,-1.035610894830008,-1.035610894830008,-1.035610894830008,-1.035610894830008,-1.035610894830008
4.839999999999689,oracle,1.5379221021159966,-1.0438107325758446,-1.0438107325758446,-1.0438107325758446,-1.0438107325758446,-1.0438107325758446,-1.0438107325758446
4.859999999999687,oracle,1.5284905881695237,-1.051865839322986,-1.051865839322986,-1.051865839322986,-1.051865839322986,-1.051865839322986,-1.051865839322986
4.879999999999685,oracle,1.520641687252656,-1.0597787497293394,-1.0597787497293394,-1.0597787497293394,-1.0597787497293394,-1.0597787497293394,-1.0597787497293394
4.899999999999682,oracle,1.5141398289061063,-1.0675519615175741,-1.0675519615175741,-1.0675519615175741,-1.0675519615175741,-1.0675519615175741,-1.0675519615175741
4.91999999999968,oracle,1.5087932241154671,-1.075187932961395,-1.075187932961395,-1.075187932961395,-1.075187932961395,-1.075187932961395,-1.075187932961395
4.939999999999678,oracle,1.5044457399947087,-1.0826890818687605,-1.0826890818687605,-1.0826890818687605,-1.0826890818687605,-1.0826890818687605,-1.0826890818687605
4.959999999999676,oracle,1.5009702826919031,-1.0900577852610465,-1.0900577852610465,-1.0900577852610465,-1.0900577852610465,-1.0900577852610465,-1.0900577852610465
4.979999999999674,oracle,1.4982633872926852,-1.0972963794338004,-1.0972963794338004,-1.0972963794338004,-1.0972963794338004,-1.0972963794338004,-1.0972963794338004
4.999999999999671,oracle,1.496240792262622,-1.1044071602468926,-1.1044071602468926,-1.1044071602468926,-1.1044071602468926,-1.1044071602468926,-1.1044071602468926
5.019999999999669,oracle,1.494833822501152,-1.111392383557422,-1.111392383557422,-1.111392383557422,-1.111392383557422,-1.111392383557422,-1.111392383557422
5.039999999999667,oracle,1.4939864372341536,-1.118254265741527,-1.118254265741527,-1.118254265741527,-1.118254265741527,-1.118254265741527,-1.118254265741527
5.059999999999665,oracle,1.493652823796833,-1.1249949842703508,-1.1249949842703508,-1.1249949842703508,-1.1249949842703508,-1.1249949842703508,-1.1249949842703508
5.079999999999663,oracle,1.4937954386959083,-1.1316166783174852,-1.1316166783174852,-1.1316166783174852,-1.1316166783174852,-1.1316166783174852,-1.1316166783174852
5.09999999999966,oracle,1.4943834143625896,-1.13812144938306,-1.13812144938306,-1.13812144938306,-1.13812144938306,-1.13812144938306,-1.13812144938306
5.119999999999658,oracle,1.4953912643462404,-1.1445113619247576,-1.1445113619247576,-1.1445113619247576,-1.1445113619247576,-1.1445113619247576,-1.1445113619247576
5.139999999999656,oracle,1.496797831680723,-1.1507884439894736,-1.1507884439894736,-1.1507884439894736,-1.1507884439894736,-1.1507884439894736,-1.1507884439894736
5.159999999999654,oracle,1.4985854351680277,-1.1569546878415513,-1.1569546878415513,-1.1569546878415513,-1.1569546878415513,-1.1569546878415513,-1.1569546878415513
5.1799999999996515,oracle,1.500739176605698,-1.163012050584985,-1.163012050584985,-1.163012050584985,-1.163012050584985,-1.163012050584985,-1.163012050584985
5.199999999999649,oracle,1.5032463788222803,-1.1689624547779645,-1.1689624547779645,-1.1689624547779645,-1.1689624547779645,-1.1689624547779645,-1.1689624547779645
5.219999999999647,oracle,1.5060961299876912,-1.1748077890387347,-1.1748077890387347,-1.1748077890387347,-1.1748077890387347,-1.1748077890387347,-1.1748077890387347
5.239999999999645,oracle,1.5092789142631593,-1.180549908642185,-1.180549908642185,-1.180549908642185,-1.180549908642185,-1.180549908642185,-1.180549908642185
5.259999999999643,oracle,1.5127863125960634,-1.1861906361068406,-1.1861906361068406,-1.1861906361068406,-1.1861906361068406,-1.1861906361068406,-1.1861906361068406
5.2799999999996405,oracle,1.5166107605186199,-1.191731761772102,-1.191731761772102,-1.191731761772102,-1.191731761772102,-1.191731761772102,-1.191731761772102
5.299999999999638,oracle,1.5207453522933003,-1.1971750443656861,-1.1971750443656861,-1.1971750443656861,-1.1971750443656861,-1.1971750443656861,-1.1971750443656861
5.319999999999636,oracle,1.525183682758871,-1.2025222115613168,-1.2025222115613168,-1.2025222115613168,-1.2025222115613168,-1.2025222115613168,-1.2025222115613168
5.339999999999634,oracle,1.5299197198706647,-1.2077749605267394,-1.2077749605267394,-1.2077749605267394,-1.2077749605267394,-1.2077749605267394,-1.2077749605267394
5.359999999999632,oracle,1.5349477022549285,-1.2129349584621607,-1.2129349584621607,-1.2129349584621607,-1.2129349584621607,-1.2129349584621607,-1.2129349584621607
5.3799999999996295,oracle,1.5402620571656747,-1.2180038431292768,-1.2180038431292768,-1.2180038431292768,-1.2180038431292768,-1.2180038431292768,-1.2180038431292768
5.399999999999627,oracle,1.5458573351137603,-1.2229832233709872,-1.2229832233709872,-1.2229832233709872,-1.2229832233709872,-1.2229832233709872,-1.2229832233709872
5.419999999999625,oracle,1.5517281581320161,-1.2278746796219724,-1.2278746796219724,-1.2278746796219724,-1.2278746796219724,-1.2278746796219724,-1.2278746796219724
5.439999999999623,oracle,1.5578691792205164,-1.2326797644102785,-1.2326797644102785,-1.2326797644102785,-1.2326797644102785,-1.2326797644102785,-1.2326797644102785
5.459999999999621,oracle,1.5642750509673713,-1.2374000028500514,-1.2374000028500514,-1.2374000028500514,-1.2374000028500514,-1.2374000028500514,-1.2374000028500514
5.4799999999996185,oracle,1.5709404017240445,-1.2420368931255907,-1.2420368931255907,-1.2420368931255907,-1.2420368931255907,-1.2420368931255907,-1.2420368931255907
5.499999999999616,oracle,1.5778598180076637,-1.2465919069668507,-1.2465919069668507,-1.2465919069668507,-1.2465919069668507,-1.2465919069668507,-1.2465919069668507
5.519999999999614,oracle,1.5850278320536582,-1.251066490116555,-1.251066490116555,-1.251066490116555,-1.251066490116555,-1.251066490116555,-1.251066490116555
5.539999999999612,oracle,1.5924389136309065,-1.2554620627890634,-1.2554620627890634,-1.2554620627890634,-1.2554620627890634,-1.2554620627890634,-1.2554620627890634
5.55999999999961,oracle,1.6000874653991937,-1.2597800201211404,-1.2597800201211404,-1.2597800201211404,-1.2597800201211404,-1.2597800201211404,-1.2597800201211404
5.5799999999996075,oracle,1.6079678212127724,-1.2640217326147647,-1.2640217326147647,-1.2640217326147647,-1.2640217326147647,-1.2640217326147647,-1.2640217326147647
5.599999999999605,oracle,1.6160742468740301,-1.268188546572116,-1.268188546572116,-1.268188546572116,-1.268188546572116,-1.268188546572116,-1.268188546572116
5.619999999999603,oracle,1.6244009429348707,-1.272281784522885,-1.272281784522885,-1.272281784522885,-1.272281784522885,-1.272281784522885,-1.272281784522885
5.639999999999601,oracle,1.6329420491966964,-1.2763027456440477,-1.2763027456440477,-1.2763027456440477,-1.2763027456440477,-1.2763027456440477,-1.2763027456440477
5.659999999999599,oracle,1.6416916506291812,-1.2802527061722024,-1.2802527061722024,-1.2802527061722024,-1.2802527061722024,-1.2802527061722024,-1.2802527061722024
5.6799999999995965,oracle,1.6506437844580095,-1.284132919808656,-1.284132919808656,-1.284132919808656,-1.284132919808656,-1.284132919808656,-1.284132919808656
5.699999999999594,oracle,1.6597924482175712,-1.287944618117337,-1.287944618117337,-1.287944618117337,-1.287944618117337,-1.287944618117337,-1.287944618117337
5.719999999999592,oracle,1.669131608585828,-1.2916890109156827,-1.2916890109156827,-1.2916890109156827,-1.2916890109156827,-1.2916890109156827,-1.2916890109156827
5.73999999999959,oracle,1.6786552108461326,-1.2953672866586463,-1.2953672866586463,-1.2953672866586463,-1.2953672866586463,-1.2953672866586463,-1.2953672866586463
5.759999999999588,oracle,1.6883571888374687,-1.2989806128158932,-1.2989806128158932,-1.2989806128158932,-1.2989806128158932,-1.2989806128158932,-1.2989806128158932
5.7799999999995855,oracle,1.698231475269852,-1.3025301362423574,-1.3025301362423574,-1.3025301362423574,-1.3025301362423574,-1.3025301362423574,-1.3025301362423574
5.799999999999583,oracle,1.7082720122971555,-1.3060169835422475,-1.3060169835422475,-1.3060169835422475,-1.3060169835422475,-1.3060169835422475,-1.3060169835422475
5.819999999999581,oracle,1.718472762243098,-1.3094422614266232,-1.3094422614266232,-1.3094422614266232,-1.3094422614266232,-1.3094422614266232,-1.3094422614266232
5.839999999999579,oracle,1.7288277183965186,-1.3128070570646726,-1.3128070570646726,-1.3128070570646726,-1.3128070570646726,-1.3128070570646726,-1.3128070570646726
5.859999999999577,oracle,1.7393309157873302,-1.3161124384287557,-1.3161124384287557,-1.3161124384287557,-1.3161124384287557,-1.3161124384287557,-1.3161124384287557
5.8799999999995745,oracle,1.7499764418696888,-1.3193594546333907,-1.3193594546333907,-1.3193594546333907,-1.3193594546333907,-1.3193594546333907,-1.3193594546333907
5.899999999999572,oracle,1.7607584470429307,-1.3225491362682302,-1.3225491362682302,-1.3225491362682302,-1.3225491362682302,-1.3225491362682302,-1.3225491362682302
5.91999999999957,oracle,1.7716711549445956,-1.3256824957251727,-1.3256824957251727,-1.3256824957251727,-1.3256824957251727,-1.3256824957251727,-1.3256824957251727
5.939999999999568,oracle,1.782708872458119,-1.3287605275196885,-1.3287605275196885,-1.3287605275196885,-1.3287605275196885,-1.3287605275196885,-1.3287605275196885
5.959999999999566,oracle,1.793865999379276,-1.3317842086064657,-1.3317842086064657,-1.3317842086064657,-1.3317842086064657,-1.3317842086064657,-1.3317842086064657
5.979999999999563,oracle,1.805137037693194,-1.3347544986895108,-1.3347544986895108,-1.3347544986895108,-1.3347544986895108,-1.3347544986895108,-1.3347544986895108
5.999999999999561,oracle,1.816516600416965,-1.3376723405267377,-1.3376723405267377,-1.3376723405267377,-1.3376723405267377,-1.3376723405267377,-1.3376723405267377
6.019999999999559,oracle,1.8279994199693035,-1.3405386602292038,-1.3405386602292038,-1.3405386602292038,-1.3405386602292038,-1.3405386602292038,-1.3405386602292038
6.039999999999557,oracle,1.8395803560291064,-1.3433543675550523,-1.3433543675550523,-1.3433543675550523,-1.3433543675550523,-1.3433543675550523,-1.3433543675550523
6.059999999999555,oracle,1.8512544028565303,-1.3461203561982649,-1.3461203561982649,-1.3461203561982649,-1.3461203561982649,-1.3461203561982649,-1.3461203561982649
6.079999999999552,oracle,1.8630166960465813,-1.3488375040723155,-1.3488375040723155,-1.3488375040723155,-1.3488375040723155,-1.3488375040723155,-1.3488375040723155
6.09999999999955,oracle,1.874862518696512,-1.35150667358882,-1.35150667358882,-1.35150667358882,-1.35150667358882,-1.35150667358882,-1.35150667358882
6.119999999999548,oracle,1.8867873069687782,-1.354128711931258,-1.354128711931258,-1.354128711931258,-1.354128711931258,-1.354128711931258,-1.354128711931258
6.139999999999546,oracle,1.8987866550379486,-1.3567044513238657,-1.3567044513238657,-1.3567044513238657,-1.3567044513238657,-1.3567044513238657,-1.3567044513238657
6.159999999999544,oracle,1.9108563194134898,-1.3592347092957913,-1.3592347092957913,-1.3592347092957913,-1.3592347092957913,-1.3592347092957913,-1.3592347092957913
6.179999999999541,oracle,1.922992222632915,-1.361720288940552,-1.361720288940552,-1.361720288940552,-1.361720288940552,-1.361720288940552,-1.361720288940552
6.199999999999539,oracle,1.9351904563288438,-1.3641619791709603,-1.3641619791709603,-1.3641619791709603,-1.3641619791709603,-1.3641619791709603,-1.3641619791709603
6.219999999999537,oracle,1.9562478010714448,-1.3610019394041588,-1.3610019394041588,-1.3610019394041588,-1.3610019394041588,-1.3610019394041588,-1.3610019394041588
6.239999999999535,oracle,1.9992898408685358,-1.3433761182202373,-1.3433761182202373,-1.3433761182202373,-1.3433761182202373,-1.3433761182202373,-1.3433761182202373
6.259999999999533,oracle,2.0449664991039045,-1.3214158475614666,-1.3214158475614666,-1.3214158475614666,-1.3214158475614666,-1.3214158475614666,-1.3214158475614666
6.27999999999953,oracle,2.0868098990609547,-1.2985666241220288,-1.2985666241220288,-1.2985666241220288,-1.2985666241220288,-1.2985666241220288,-1.2985666241220288
6.299999999999528,oracle,2.123795973684911,-1.2757699975247714,-1.2757699975247714,-1.2757699975247714,-1.2757699975247714,-1.2757699975247714,-1.2757699975247714
6.319999999999526,oracle,2.1563187294376767,-1.2532794805561567,-1.2532794805561567,-1.2532794805561567,-1.2532794805561567,-1.2532794805561567,-1.2532794805561567
6.339999999999524,oracle,2.1850479890907426,-1.2311595932960977,-1.2311595932960977,-1.2311595932960977,-1.2311595932960977,-1.2311595932960977,-1.2311595932960977
6.359999999999522,oracle,2.210630792573802,-1.2094230080609711,-1.2094230080609711,-1.2094230080609711,-1.2094230080609711,-1.2094230080609711,-1.2094230080609711
6.379999999999519,oracle,2.2336253236265144,-1.1880682377704812,-1.1880682377704812,-1.1880682377704812,-1.1880682377704812,-1.1880682377704812,-1.1880682377704812
6.399999999999517,oracle,2.254496961719475,-1.1670899918321525,-1.1670899918321525,-1.1670899918321525,-1.1670899918321525,-1.1670899918321525,-1.1670899918321525
6.419999999999515,oracle,2.273629252116294,-1.1464820205808453,-1.1464820205808453,-1.1464820205808453,-1.1464820205808453,-1.1464820205808453,-1.1464820205808453
6.439999999999513,oracle,2.2913369763829414,-1.1262378954613297,-1.1262378954613297,-1.1262378954613297,-1.1262378954613297,-1.1262378954613297,-1.1262378954613297
6.459999999999511,oracle,2.3078780699759838,-1.1063512219416447,-1.1063512219416447,-1.1063512219416447,-1.1063512219416447,-1.1063512219416447,-1.1063512219416447
6.479999999999508,oracle,2.323463762617896,-1.0868156965567948,-1.0868156965567948,-1.0868156965567948,-1.0868156965567948,-1.0868156965567948,-1.0868156965567948
6.499999999999506,oracle,2.338267011441433,-1.0676251211424759,-1.0676251211424759,-1.0676251211424759,-1.0676251211424759,-1.0676251211424759,-1.0676251211424759
6.519999999999504,oracle,2.352429454055277,-1.0487734053293338,-1.0487734053293338,-1.0487734053293338,-1.0487734053293338,-1.0487734053293338,-1.0487734053293338
6.539999999999502,oracle,2.3660671197187213,-1.0302545658360107,-1.0302545658360107,-1.0302545658360107,-1.0302545658360107,-1.0302545658360107,-1.0302545658360107
6.5599999999995,oracle,2.3792751112288846,-1.012062724907035,-1.012062724907035,-1.012062724907035,-1.012062724907035,-1.012062724907035,-1.012062724907035
6.579999999999497,oracle,2.3921314383134624,-0.9941921085398477,-0.9941921085398477,-0.9941921085398477,-0.9941921085398477,-0.9941921085398477,-0.9941921085398477
6.599999999999495,oracle,2.4047001535669748,-0.976637044677608,-0.976637044677608,-0.976637044677608,-0.976637044677608,-0.976637044677608,-0.976637044677608
6.619999999999493,oracle,2.4170339160919774,-0.959391961415898,-0.959391961415898,-0.959391961415898,-0.959391961415898,-0.959391961415898,-0.959391961415898
6.639999999999491,oracle,2.429176086148209,-0.9424513852361452,-0.9424513852361452,-0.9424513852361452,-0.9424513852361452,-0.9424513852361452,-0.9424513852361452
6.6599999999994886,oracle,2.441162435833943,-0.9258099392688784,-0.9258099392688784,-0.9258099392688784,-0.9258099392688784,-0.9258099392688784,-0.9258099392688784
6.679999999999486,oracle,2.4530225456665473,-0.909462341587277,-0.909462341587277,-0.909462341587277,-0.909462341587277,-0.909462341587277,-0.909462341587277
6.699999999999484,oracle,2.464780944403412,-0.8934034035307475,-0.8934034035307475,-0.8934034035307475,-0.8934034035307475,-0.8934034035307475,-0.8934034035307475
6.719999999999482,oracle,2.4764580391151294,-0.8776280280580773,-0.8776280280580773,-0.8776280280580773,-0.8776280280580773,-0.8776280280580773,-0.8776280280580773
6.73999999999948,oracle,2.4880708740433946,-0.8621312081296552,-0.8621312081296552,-0.8621312081296552,-0.8621312081296552,-0.8621312081296552,-0.8621312081296552
6.7599999999994775,oracle,2.499633749818866,-0.8469080251182597,-0.8469080251182597,-0.8469080251182597,-0.8469080251182597,-0.8469080251182597,-0.8469080251182597
6.779999999999475,oracle,2.5111587289348583,-0.8319536472479071,-0.8319536472479071,-0.8319536472479071,-0.8319536472479071,-0.8319536472479071,-0.8319536472479071
6.799999999999473,oracle,2.52904624793529,-0.8169366493520888,-0.8169366493520888,-0.8169366493520888,-0.8169366493520888,-0.8169366493520888,-0.8169366493520888
6.819999999999471,oracle,2.547577086009047,-0.801776927458543,-0.801776927458543,-0.801776927458543,-0.801776927458543,-0.801776927458543,-0.801776927458543
6.839999999999469,oracle,2.569961984004897,-0.7863744764145627,-0.7863744764145627,-0.7863744764145627,-0.7863744764145627,-0.7863744764145627,-0.7863744764145627
6.8599999999994665,oracle,2.7792980174063304,-0.7697184049936148,-0.7697184049936148,-0.7697184049936148,-0.7697184049936148,-0.7697184049936148,-0.7697184049936148
6.879999999999464,oracle,3.276477665246382,-0.7535022006856367,-0.7535022006856367,-0.7535022006856367,-0.7535022006856367,-0.7535022006856367,-0.7535022006856367
6.899999999999462,oracle,4.177121037512733,-0.7353769221233005,-0.7353769221233005,-0.7353769221233005,-0.7353769221233005,-0.7353769221233005,-0.7353769221233005
6.91999999999946,oracle,5.434826536008646,-0.7180294781559171,-0.7180294781559171,-0.7180294781559171,-0.7180294781559171,-0.7180294781559171,-0.7180294781559171
6.939999999999458,oracle,4.547217745280156,-0.6956006960042438,-0.6956006960042438,-0.6956006960042438,-0.6956006960042438,-0.6956006960042438,-0.6956006960042438
6.9599999999994555,oracle,3.9006432464049574,-0.6774443424111491,-0.6774443424111491,-0.6774443424111491,-0.6774443424111491,-0.6774443424111491,-0.6774443424111491
6.979999999999453,oracle,3.5146281433438613,-0.6533160002574377,-0.6533160002574377,-0.6533160002574377,-0.6533160002574377,-0.6533160002574377,-0.6533160002574377
6.999999999999451,oracle,3.339723644789734,-0.6254682118213636,-0.6254682118213636,-0.6254682118213636,-0.6254682118213636,-0.6254682118213636,-0.6254682118213636
7.019999999999449,oracle,3.2384940288226467,-0.603049692329609,-0.603049692329609,-0.603049692329609,-0.603049692329609,-0.603049692329609,-0.603049692329609
7.039999999999447,oracle,3.2979553078275243,-0.576987441259839,-0.576987441259839,-0.576987441259839,-0.576987441259839,-0.576987441259839,-0.576987441259839
7.0599999999994445,oracle,3.427846608002811,-0.5484522985004948,-0.5484522985004948,-0.5484522985004948,-0.5484522985004948,-0.5484522985004948,-0.5484522985004948
7.079999999999442,oracle,3.5876350561532737,-0.5190628295974757,-0.5190628295974757,-0.5190628295974757,-0.5190628295974757,-0.5190628295974757,-0.5190628295974757
7.09999999999944,oracle,3.7545021001445935,-0.48938505016842365,-0.48938505016842365,-0.48938505016842365,-0.48938505016842365,-0.48938505016842365,-0.48938505016842365
7.119999999999438,oracle,3.9129310604369243,-0.4597734468319732,-0.4597734468319732,-0.4597734468319732,-0.4597734468319732,-0.4597734468319732,-0.4597734468319732
7.139999999999436,oracle,4.055876709659078,-0.43043988439387687,-0.43043988439387687,-0.43043988439387687,-0.43043988439387687,-0.43043988439387687,-0.43043988439387687
7.1599999999994335,oracle,4.182393652058768,-0.4014419512588454,-0.4014419512588454,-0.4014419512588454,-0.4014419512588454,-0.4014419512588454,-0.4014419512588454
7.179999999999431,oracle,4.29323471535098,-0.37278210099946063,-0.37278210099946063,-0.37278210099946063,-0.37278210099946063,-0.37278210099946063,-0.37278210099946063
7.199999999999429,oracle,4.389602778742818,-0.34445885901625123,-0.34445885901625123,-0.34445885901625123,-0.34445885901625123,-0.34445885901625123,-0.34445885901625123
7.219999999999427,oracle,4.472904134648175,-0.31647797106915426,-0.31647797106915426,-0.31647797106915426,-0.31647797106915426,-0.31647797106915426,-0.31647797106915426
7.239999999999425,oracle,4.54437256630786,-0.2888519901565664,-0.2888519901565664,-0.2888519901565664,-0.2888519901565664,-0.2888519901565664,-0.2888519901565664
7.2599999999994225,oracle,4.605124330771922,-0.2615972628980525,-0.2615972628980525,-0.2615972628980525,-0.2615972628980525,-0.2615972628980525,-0.2615972628980525
7.27999999999942,oracle,4.807966779023323,-0.24134576645022535,-0.24134576645022535,-0.24134576645022535,-0.24134576645022535,-0.24134576645022535,-0.24134576645022535
7.299999999999418,oracle,5.2903268920022635,-0.22746132338638364,-0.22746132338638364,-0.22746132338638364,-0.22746132338638364,-0.22746132338638364,-0.22746132338638364
7.319999999999416,oracle,6.078856710555241,-0.21737291869170827,-0.21737291869170827,-0.21737291869170827,-0.21737291869170827,-0.21737291869170827,-0.21737291869170827
7.339999999999414,oracle,7.165307010124321,-0.20986091340133198,-0.20986091340133198,-0.20986091340133198,-0.20986091340133198,-0.20986091340133198,-0.20986091340133198
7.3599999999994115,oracle,5.875305923180983,-0.20429174842469777,-0.20429174842469777,-0.20429174842469777,-0.20429174842469777,-0.20429174842469777,-0.20429174842469777
7.379999999999409,oracle,4.938190823939472,-0.19975716901573054,-0.19975716901573054,-0.19975716901573054,-0.19975716901573054,-0.19975716901573054,-0.19975716901573054
7.399999999999407,oracle,4.17694447142468,-0.19586500241328675,-0.19586500241328675,-0.19586500241328675,-0.19586500241328675,-0.19586500241328675,-0.19586500241328675
7.419999999999405,oracle,3.572335682525322,-0.1926693417995877,-0.1926693417995877,-0.1926693417995877,-0.1926693417995877,-0.1926693417995877,-0.1926693417995877
7.439999999999403,oracle,3.0911266352949567,-0.18995230158096135,-0.18995230158096135,-0.18995230158096135,-0.18995230158096135,-0.18995230158096135,-0.18995230158096135
7.4599999999994,oracle,2.7413266259787203,-0.18746982686009375,-0.18746982686009375,-0.18746982686009375,-0.18746982686009375,-0.18746982686009375,-0.18746982686009375
7.479999999999398,oracle,2.4778644020762925,-0.18511944054771062,-0.18511944054771062,-0.18511944054771062,-0.18511944054771062,-0.18511944054771062,-0.18511944054771062
7.499999999999396,oracle,2.2790829682439773,-0.18295984056556922,-0.18295984056556922,-0.18295984056556922,-0.18295984056556922,-0.18295984056556922,-0.18295984056556922
7.519999999999394,oracle,2.1368047194807467,-0.18084054130691354,-0.18084054130691354,-0.18084054130691354,-0.18084054130691354,-0.18084054130691354,-0.18084054130691354
7.539999999999392,oracle,2.0419134144244997,-0.17871639909278636,-0.17871639909278636,-0.17871639909278636,-0.17871639909278636,-0.17871639909278636,-0.17871639909278636
7.559999999999389,oracle,1.9653003405712428,-0.17677056189299045,-0.17677056189299045,-0.17677056189299045,-0.17677056189299045,-0.17677056189299045,-0.17677056189299045
7.579999999999387,oracle,1.9141268990754898,-0.17485337005579005,-0.17485337005579005,-0.17485337005579005,-0.17485337005579005,-0.17485337005579005,-0.17485337005579005
7.599999999999385,oracle,1.8770071261527648,-0.1729772600519929,-0.1729772600519929,-0.1729772600519929,-0.1729772600519929,-0.1729772600519929,-0.1729772600519929
7.619999999999383,oracle,1.8535546022590286,-0.1711037945512964,-0.1711037945512964,-0.1711037945512964,-0.1711037945512964,-0.1711037945512964,-0.1711037945512964
7.639999999999381,oracle,1.8304218846684654,-0.16932405552180035,-0.16932405552180035,-0.16932405552180035,-0.16932405552180035,-0.16932405552180035,-0.16932405552180035
7.659999999999378,oracle,1.8133018582083271,-0.1676121598020245,-0.1676121598020245,-0.1676121598020245,-0.1676121598020245,-0.1676121598020245,-0.1676121598020245
7.679999999999376,oracle,1.8032071463048702,-0.16593606957643123,-0.16593606957643123,-0.16593606957643123,-0.16593606957643123,-0.16593606957643123,-0.16593606957643123
7.699999999999374,oracle,1.7959763814554044,-0.16429850417924974,-0.16429850417924974,-0.16429850417924974,-0.16429850417924974,-0.16429850417924974,-0.16429850417924974
7.719999999999372,oracle,1.7917024125019645,-0.16264015619884137,-0.16264015619884137,-0.16264015619884137,-0.16264015619884137,-0.16264015619884137,-0.16264015619884137
7.73999999999937,oracle,1.788848579024267,-0.16106223148642046,-0.16106223148642046,-0.16106223148642046,-0.16106223148642046,-0.16106223148642046,-0.16106223148642046
7.759999999999367,oracle,1.7834012881938712,-0.15949427455410975,-0.15949427455410975,-0.15949427455410975,-0.15949427455410975,-0.15949427455410975,-0.15949427455410975
7.779999999999365,oracle,1.7819638825308324,-0.158034236467568,-0.158034236467568,-0.158034236467568,-0.158034236467568,-0.158034236467568,-0.158034236467568
7.799999999999363,oracle,1.7821224309632981,-0.15650468192159522,-0.15650468192159522,-0.15650468192159522,-0.15650468192159522,-0.15650468192159522,-0.15650468192159522
7.819999999999361,oracle,1.77780583185439,-0.1550765779522727,-0.1550765779522727,-0.1550765779522727,-0.1550765779522727,-0.1550765779522727,-0.1550765779522727
7.839999999999359,oracle,1.7782036401657728,-0.15362905332800236,-0.15362905332800236,-0.15362905332800236,-0.15362905332800236,-0.15362905332800236,-0.15362905332800236
7.859999999999356,oracle,1.7784324697582592,-0.15219671867152013,-0.15219671867152013,-0.15219671867152013,-0.15219671867152013,-0.15219671867152013,-0.15219671867152013
7.879999999999354,oracle,1.7807043966147702,-0.15071898467311934,-0.15071898467311934,-0.15071898467311934,-0.15071898467311934,-0.15071898467311934,-0.15071898467311934
7.899999999999352,oracle,1.7819293759966353,-0.14927208813037288,-0.14927208813037288,-0.14927208813037288,-0.14927208813037288,-0.14927208813037288,-0.14927208813037288
7.91999999999935,oracle,1.7859151057510578,-0.147829150318149,-0.147829150318149,-0.147829150318149,-0.147829150318149,-0.147829150318149,-0.147829150318149
7.939999999999348,oracle,1.7913988804946532,-0.1464424373577599,-0.1464424373577599,-0.1464424373577599,-0.1464424373577599,-0.1464424373577599,-0.1464424373577599
7.959999999999345,oracle,1.7976744964138338,-0.14506042836244495,-0.14506042836244495,-0.14506042836244495,-0.14506042836244495,-0.14506042836244495,-0.14506042836244495
7.979999999999343,oracle,1.8038734765333484,-0.14372095700344018,-0.14372095700344018,-0.14372095700344018,-0.14372095700344018,-0.14372095700344018,-0.14372095700344018
7.999999999999341,oracle,1.8116923897611799,-0.14242351833402547,-0.14242351833402547,-0.14242351833402547,-0.14242351833402547,-0.14242351833402547,-0.14242351833402547
8.019999999999348,oracle,1.8192867874877523,-0.1411310898637108,-0.1411310898637108,-0.1411310898637108,-0.1411310898637108,-0.1411310898637108,-0.1411310898637108
8.039999999999354,oracle,1.8284632061651518,-0.1398781971761571,-0.1398781971761571,-0.1398781971761571,-0.1398781971761571,-0.1398781971761571,-0.1398781971761571
8.059999999999361,oracle,1.8359566125095024,-0.1386236129132333,-0.1386236129132333,-0.1386236129132333,-0.1386236129132333,-0.1386236129132333,-0.1386236129132333
8.079999999999368,oracle,1.842963885694516,-0.13740199723895755,-0.13740199723895755,-0.13740199723895755,-0.13740199723895755,-0.13740199723895755,-0.13740199723895755
8.099999999999374,oracle,1.849672294920655,-0.13622087124587073,-0.13622087124587073,-0.13622087124587073,-0.13622087124587073,-0.13622087124587073,-0.13622087124587073
8.119999999999381,oracle,1.8562308372705678,-0.1350813936276901,-0.1350813936276901,-0.1350813936276901,-0.1350813936276901,-0.1350813936276901,-0.1350813936276901
8.139999999999388,oracle,1.8648018428220932,-0.13394044192029717,-0.13394044192029717,-0.13394044192029717,-0.13394044192029717,-0.13394044192029717,-0.13394044192029717
8.159999999999394,oracle,1.8690927166894773,-0.13279498047816898,-0.13279498047816898,-0.13279498047816898,-0.13279498047816898,-0.13279498047816898,-0.13279498047816898
8.179999999999401,oracle,1.8780821289772935,-0.13167815707576583,-0.13167815707576583,-0.13167815707576583,-0.13167815707576583,-0.13167815707576583,-0.13167815707576583
8.199999999999408,oracle,1.885901687301985,-0.13062898912873255,-0.13062898912873255,-0.13062898912873255,-0.13062898912873255,-0.13062898912873255,-0.13062898912873255
8.219999999999414,oracle,1.8927487563897314,-0.12952065996787043,-0.12952065996787043,-0.12952065996787043,-0.12952065996787043,-0.12952065996787043,-0.12952065996787043
8.239999999999421,oracle,1.9003611988265239,-0.12853165757791202,-0.12853165757791202,-0.12853165757791202,-0.12853165757791202,-0.12853165757791202,-0.12853165757791202
8.259999999999428,oracle,1.9072013347707637,-0.12749414173225854,-0.12749414173225854,-0.12749414173225854,-0.12749414173225854,-0.12749414173225854,-0.12749414173225854
8.279999999999434,oracle,1.9125862580123059,-0.1264615138377729,-0.1264615138377729,-0.1264615138377729,-0.1264615138377729,-0.1264615138377729,-0.1264615138377729
8.299999999999441,oracle,1.918970906784045,-0.12549699660208138,-0.12549699660208138,-0.12549699660208138,-0.12549699660208138,-0.12549699660208138,-0.12549699660208138
8.319999999999448,oracle,1.9260567431872466,-0.12457704058876733,-0.12457704058876733,-0.12457704058876733,-0.12457704058876733,-0.12457704058876733,-0.12457704058876733
8.339999999999455,oracle,1.9368787458420453,-0.123649044484821,-0.123649044484821,-0.123649044484821,-0.123649044484821,-0.123649044484821,-0.123649044484821
8.359999999999461,oracle,1.9438834061465053,-0.12275078825350975,-0.12275078825350975,-0.12275078825350975,-0.12275078825350975,-0.12275078825350975,-0.12275078825350975
8.379999999999468,oracle,1.9501492677812151,-0.12184489481360265,-0.12184489481360265,-0.12184489481360265,-0.12184489481360265,-0.12184489481360265,-0.12184489481360265
8.399999999999475,oracle,1.9614896973427138,-0.1209715243084482,-0.1209715243084482,-0.1209715243084482,-0.1209715243084482,-0.1209715243084482,-0.1209715243084482
8.419999999999481,oracle,1.970543237971418,-0.12010468524532877,-0.12010468524532877,-0.12010468524532877,-0.12010468524532877,-0.12010468524532877,-0.12010468524532877
8.439999999999488,oracle,1.9779527924594824,-0.11931175690063232,-0.11931175690063232,-0.11931175690063232,-0.11931175690063232,-0.11931175690063232,-0.11931175690063232
8.459999999999495,oracle,1.9850728849006056,-0.11844292243902502,-0.11844292243902502,-0.11844292243902502,-0.11844292243902502,-0.11844292243902502,-0.11844292243902502
8.479999999999501,oracle,1.992134992014219,-0.11767320383379382,-0.11767320383379382,-0.11767320383379382,-0.11767320383379382,-0.11767320383379382,-0.11767320383379382
8.499999999999508,oracle,2.0042530579693527,-0.11693914273842188,-0.11693914273842188,-0.11693914273842188,-0.11693914273842188,-0.11693914273842188,-0.11693914273842188
8.519999999999515,oracle,2.0141683583468932,-0.11620743568231526,-0.11620743568231526,-0.11620743568231526,-0.11620743568231526,-0.11620743568231526,-0.11620743568231526
8.539999999999521,oracle,2.0241593354199936,-0.11549589027031827,-0.11549589027031827,-0.11549589027031827,-0.11549589027031827,-0.11549589027031827,-0.11549589027031827
8.559999999999528,oracle,2.034242374590339,-0.1148067739625559,-0.1148067739625559,-0.1148067739625559,-0.1148067739625559,-0.1148067739625559,-0.1148067739625559
8.579999999999535,oracle,2.044432614210474,-0.1141400281801601,-0.1141400281801601,-0.1141400281801601,-0.1141400281801601,-0.1141400281801601,-0.1141400281801601
8.599999999999541,oracle,2.0534601576433937,-0.11354468578124031,-0.11354468578124031,-0.11354468578124031,-0.11354468578124031,-0.11354468578124031,-0.11354468578124031
8.619999999999548,oracle,2.0616807297298902,-0.11290185238359962,-0.11290185238359962,-0.11290185238359962,-0.11290185238359962,-0.11290185238359962,-0.11290185238359962
8.639999999999555,oracle,2.0707665956690837,-0.11231280624365743,-0.11231280624365743,-0.11231280624365743,-0.11231280624365743,-0.11231280624365743,-0.11231280624365743
8.659999999999561,oracle,2.0806076101982125,-0.11175482527628458,-0.11175482527628458,-0.11175482527628458,-0.11175482527628458,-0.11175482527628458,-0.11175482527628458
8.679999999999568,oracle,2.090080326469773,-0.1112445889628303,-0.1112445889628303,-0.1112445889628303,-0.1112445889628303,-0.1112445889628303,-0.1112445889628303
8.699999999999575,oracle,2.1034004497938903,-0.11073561614787253,-0.11073561614787253,-0.11073561614787253,-0.11073561614787253,-0.11073561614787253,-0.11073561614787253
8.719999999999581,oracle,2.116113828357902,-0.11036149652415643,-0.11036149652415643,-0.11036149652415643,-0.11036149652415643,-0.11036149652415643,-0.11036149652415643
8.739999999999588,oracle,2.1283005375233373,-0.10991448222365555,-0.10991448222365555,-0.10991448222365555,-0.10991448222365555,-0.10991448222365555,-0.10991448222365555
8.759999999999595,oracle,2.141656887100948,-0.10958179458276388,-0.10958179458276388,-0.10958179458276388,-0.10958179458276388,-0.10958179458276388,-0.10958179458276388
8.779999999999601,oracle,2.154221296740208,-0.10916650900624661,-0.10916650900624661,-0.10916650900624661,-0.10916650900624661,-0.10916650900624661,-0.10916650900624661
8.799999999999608,oracle,2.16717358519647,-0.10891521037006681,-0.10891521037006681,-0.10891521037006681,-0.10891521037006681,-0.10891521037006681,-0.10891521037006681
8.819999999999615,oracle,2.181406812177639,-0.10866509875476614,-0.10866509875476614,-0.10866509875476614,-0.10866509875476614,-0.10866509875476614,-0.10866509875476614
8.839999999999621,oracle,2.193755109144836,-0.10838409129693383,-0.10838409129693383,-0.10838409129693383,-0.10838409129693383,-0.10838409129693383,-0.10838409129693383
8.859999999999628,oracle,2.208849599175464,-0.10831049795964555,-0.10831049795964555,-0.10831049795964555,-0.10831049795964555,-0.10831049795964555,-0.10831049795964555
8.879999999999635,oracle,2.2220808530848757,-0.10809114168534058,-0.10809114168534058,-0.10809114168534058,-0.10809114168534058,-0.10809114168534058,-0.10809114168534058
8.899999999999642,oracle,2.23719938309847,-0.10809946299972446,-0.10809946299972446,-0.10809946299972446,-0.10809946299972446,-0.10809946299972446,-0.10809946299972446
8.919999999999648,oracle,2.2519061937800897,-0.10809208571199798,-0.10809208571199798,-0.10809208571199798,-0.10809208571199798,-0.10809208571199798,-0.10809208571199798
8.939999999999655,oracle,2.2650670861000095,-0.10809437903551258,-0.10809437903551258,-0.10809437903551258,-0.10809437903551258,-0.10809437903551258,-0.10809437903551258
8.959999999999662,oracle,2.2790677923258222,-0.10817913358107832,-0.10817913358107832,-0.10817913358107832,-0.10817913358107832,-0.10817913358107832,-0.10817913358107832
8.979999999999668,oracle,2.293383414463013,-0.10829968668758742,-0.10829968668758742,-0.10829968668758742,-0.10829968668758742,-0.10829968668758742,-0.10829968668758742
8.999999999999675,oracle,2.309636929770107,-0.10842631417037003,-0.10842631417037003,-0.10842631417037003,-0.10842631417037003,-0.10842631417037003,-0.10842631417037003
9.019999999999682,oracle,2.3278025229867274,-0.10870224769722465,-0.10870224769722465,-0.10870224769722465,-0.10870224769722465,-0.10870224769722465,-0.10870224769722465
9.039999999999688,oracle,2.3451484150031283,-0.10904195709073035,-0.10904195709073035,-0.10904195709073035,-0.10904195709073035,-0.10904195709073035,-0.10904195709073035
9.059999999999695,oracle,2.3640228270867616,-0.10942904504727043,-0.10942904504727043,-0.10942904504727043,-0.10942904504727043,-0.10942904504727043,-0.10942904504727043
9.079999999999702,oracle,2.3811337973916533,-0.10986632540139515,-0.10986632540139515,-0.10986632540139515,-0.10986632540139515,-0.10986632540139515,-0.10986632540139515
9.099999999999708,oracle,2.3991633010599247,-0.11025335202697255,-0.11025335202697255,-0.11025335202697255,-0.11025335202697255,-0.11025335202697255,-0.11025335202697255
9.119999999999715,oracle,2.419178364341663,-0.1108072949989367,-0.1108072949989367,-0.1108072949989367,-0.1108072949989367,-0.1108072949989367,-0.1108072949989367
9.139999999999722,oracle,2.4400151963003536,-0.11140956918436357,-0.11140956918436357,-0.11140956918436357,-0.11140956918436357,-0.11140956918436357,-0.11140956918436357
9.159999999999728,oracle,2.463083493275241,-0.11220640887018488,-0.11220640887018488,-0.11220640887018488,-0.11220640887018488,-0.11220640887018488,-0.11220640887018488
9.179999999999735,oracle,2.48456315924362,-0.1130170191692113,-0.1130170191692113,-0.1130170191692113,-0.1130170191692113,-0.1130170191692113,-0.1130170191692113
9.199999999999742,oracle,2.507614417242732,-0.11379026118473387,-0.11379026118473387,-0.11379026118473387,-0.11379026118473387,-0.11379026118473387,-0.11379026118473387
9.219999999999748,oracle,2.5363062866938386,-0.11490018554835284,-0.11490018554835284,-0.11490018554835284,-0.11490018554835284,-0.11490018554835284,-0.11490018554835284
9.239999999999755,oracle,2.5648034794800325,-0.11603802588338302,-0.11603802588338302,-0.11603802588338302,-0.11603802588338302,-0.11603802588338302,-0.11603802588338302
9.259999999999762,oracle,2.5932257246415333,-0.1173318682576654,-0.1173318682576654,-0.1173318682576654,-0.1173318682576654,-0.1173318682576654,-0.1173318682576654
9.279999999999768,oracle,2.6189414587894246,-0.1187061044477796,-0.1187061044477796,-0.1187061044477796,-0.1187061044477796,-0.1187061044477796,-0.1187061044477796
9.299999999999775,oracle,2.645838832427285,-0.1202680061264574,-0.1202680061264574,-0.1202680061264574,-0.1202680061264574,-0.1202680061264574,-0.1202680061264574
9.319999999999782,oracle,2.6706516893250254,-0.12173907117704977,-0.12173907117704977,-0.12173907117704977,-0.12173907117704977,-0.12173907117704977,-0.12173907117704977
9.339999999999788,oracle,2.6932359163915427,-0.1232487274995705,-0.1232487274995705,-0.1232487274995705,-0.1232487274995705,-0.1232487274995705,-0.1232487274995705
9.359999999999795,oracle,2.715856749135714,-0.12480218852703955,-0.12480218852703955,-0.12480218852703955,-0.12480218852703955,-0.12480218852703955,-0.12480218852703955
9.379999999999802,oracle,2.738416199002427,-0.1263688454175801,-0.1263688454175801,-0.1263688454175801,-0.1263688454175801,-0.1263688454175801,-0.1263688454175801
9.399999999999809,oracle,2.7688457413916656,-0.12823171397252345,-0.12823171397252345,-0.12823171397252345,-0.12823171397252345,-0.12823171397252345,-0.12823171397252345
9.419999999999815,oracle,2.798212330257929,-0.1300956397947989,-0.1300956397947989,-0.1300956397947989,-0.1300956397947989,-0.1300956397947989,-0.1300956397947989
9.439999999999822,oracle,2.8242159361967785,-0.13197154534345515,-0.13197154534345515,-0.13197154534345515,-0.13197154534345515,-0.13197154534345515,-0.13197154534345515
9.459999999999829,oracle,2.852322069813375,-0.13391905935099574,-0.13391905935099574,-0.13391905935099574,-0.13391905935099574,-0.13391905935099574,-0.13391905935099574
9.479999999999835,oracle,2.8883840174579665,-0.13623424419937474,-0.13623424419937474,-0.13623424419937474,-0.13623424419937474,-0.13623424419937474,-0.13623424419937474
9.499999999999842,oracle,2.90609430220835,-0.13791291583704446,-0.13791291583704446,-0.13791291583704446,-0.13791291583704446,-0.13791291583704446,-0.13791291583704446
9.519999999999849,oracle,2.943271193299714,-0.14041971124716107,-0.14041971124716107,-0.14041971124716107,-0.14041971124716107,-0.14041971124716107,-0.14041971124716107
9.539999999999855,oracle,2.9683081340676516,-0.14255818985590257,-0.14255818985590257,-0.14255818985590257,-0.14255818985590257,-0.14255818985590257,-0.14255818985590257
9.559999999999862,oracle,2.9902531352803665,-0.14456977696478532,-0.14456977696478532,-0.14456977696478532,-0.14456977696478532,-0.14456977696478532,-0.14456977696478532
9.579999999999869,oracle,3.0288395196710103,-0.14718386589644894,-0.14718386589644894,-0.14718386589644894,-0.14718386589644894,-0.14718386589644894,-0.14718386589644894
9.599999999999875,oracle,3.0657774331249232,-0.14981677983642003,-0.14981677983642003,-0.14981677983642003,-0.14981677983642003,-0.14981677983642003,-0.14981677983642003
9.619999999999882,oracle,3.094378645236114,-0.1522890229838283,-0.1522890229838283,-0.1522890229838283,-0.1522890229838283,-0.1522890229838283,-0.1522890229838283
9.639999999999889,oracle,3.1381270262936005,-0.1551383245436813,-0.1551383245436813,-0.1551383245436813,-0.1551383245436813,-0.1551383245436813,-0.1551383245436813
9.659999999999895,oracle,3.16358432037356,-0.15782972834252676,-0.15782972834252676,-0.15782972834252676,-0.15782972834252676,-0.15782972834252676,-0.15782972834252676
9.679999999999902,oracle,3.193945219400622,-0.1604825411402786,-0.1604825411402786,-0.1604825411402786,-0.1604825411402786,-0.1604825411402786,-0.1604825411402786
9.699999999999909,oracle,3.2378256059631485,-0.1635181132870883,-0.1635181132870883,-0.1635181132870883,-0.1635181132870883,-0.1635181132870883,-0.1635181132870883
9.719999999999915,oracle,3.250091755966366,-0.16581305351392822,-0.16581305351392822,-0.16581305351392822,-0.16581305351392822,-0.16581305351392822,-0.16581305351392822
9.739999999999922,oracle,3.2876600956991666,-0.16850600818395772,-0.16850600818395772,-0.16850600818395772,-0.16850600818395772,-0.16850600818395772,-0.16850600818395772
9.759999999999929,oracle,3.3340537117664155,-0.171905272914558,-0.171905272914558,-0.171905272914558,-0.171905272914558,-0.171905272914558,-0.171905272914558
9.779999999999935,oracle,3.5829661984019796,-0.17826208359130197,-0.17826208359130197,-0.17826208359130197,-0.17826208359130197,-0.17826208359130197,-0.17826208359130197
9.799999999999942,oracle,4.097861040095755,-0.1871904376577775,-0.1871904376577775,-0.1871904376577775,-0.1871904376577775,-0.1871904376577775,-0.1871904376577775
9.819999999999949,oracle,4.917784243700637,-0.1976614410178759,-0.1976614410178759,-0.1976614410178759,-0.1976614410178759,-0.1976614410178759,-0.1976614410178759
9.839999999999955,oracle,6.048751122417395,-0.20923221594709926,-0.20923221594709926,-0.20923221594709926,-0.20923221594709926,-0.20923221594709926,-0.20923221594709926
9.859999999999962,oracle,5.129587564495939,-0.22165892111675756,-0.22165892111675756,-0.22165892111675756,-0.22165892111675756,-0.22165892111675756,-0.22165892111675756
9.879999999999969,oracle,4.4838679183640675,-0.23477846923328488,-0.23477846923328488,-0.23477846923328488,-0.23477846923328488,-0.23477846923328488,-0.23477846923328488
9.899999999999975,oracle,4.073359794581736,-0.24846259825706016,-0.24846259825706016,-0.24846259825706016,-0.24846259825706016,-0.24846259825706016,-0.24846259825706016
9.919999999999982,oracle,3.852164921241891,-0.26258054540911796,-0.26258054540911796,-0.26258054540911796,-0.26258054540911796,-0.26258054540911796,-0.26258054540911796
9.939999999999989,oracle,3.7697870613516504,-0.2770210327923278,-0.2770210327923278,-0.2770210327923278,-0.2770210327923278,-0.2770210327923278,-0.2770210327923278
9.959999999999996,oracle,3.779005056410073,-0.2916960393084611,-0.2916960393084611,-0.2916960393084611,-0.2916960393084611,-0.2916960393084611,-0.2916960393084611
9.980000000000002,oracle,3.8416327774974066,-0.3065211624045633,-0.3065211624045633,-0.3065211624045633,-0.3065211624045633,-0.3065211624045633,-0.3065211624045633
10.000000000000009,oracle,3.9298411216690567,-0.3214241667945652,-0.3214241667945652,-0.3214241667945652,-0.3214241667945652,-0.3214241667945652,-0.3214241667945652
10.020000000000016,oracle,4.0263480810844055,-0.33634236226605596,-0.33634236226605596,-0.33634236226605596,-0.33634236226605596,-0.33634236226605596,-0.33634236226605596
10.040000000000022,oracle,4.121188688651416,-0.3512184852195936,-0.3512184852195936,-0.3512184852195936,-0.3512184852195936,-0.3512184852195936,-0.3512184852195936
10.060000000000029,oracle,4.208996425328517,-0.3660038999008737,-0.3660038999008737,-0.3660038999008737,-0.3660038999008737,-0.3660038999008737,-0.3660038999008737
10.080000000000036,oracle,4.287444657089366,-0.38066395341996,-0.38066395341996,-0.38066395341996,-0.38066395341996,-0.38066395341996,-0.38066395341996
10.100000000000042,oracle,4.355405081931666,-0.39517237168672625,-0.39517237168672625,-0.39517237168672625,-0.39517237168672625,-0.39517237168672625,-0.39517237168672625
10.120000000000049,oracle,4.412896802161471,-0.40950768273256133,-0.40950768273256133,-0.40950768273256133,-0.40950768273256133,-0.40950768273256133,-0.40950768273256133
10.140000000000056,oracle,4.460822675187993,-0.4236508634846095,-0.4236508634846095,-0.4236508634846095,-0.4236508634846095,-0.4236508634846095,-0.4236508634846095
10.160000000000062,oracle,4.500328904465091,-0.43759027495853325,-0.43759027495853325,-0.43759027495853325,-0.43759027495853325,-0.43759027495853325,-0.43759027495853325
10.180000000000069,oracle,4.523519714287375,-0.44045468802083015,-0.44045468802083015,-0.44045468802083015,-0.44045468802083015,-0.44045468802083015,-0.44045468802083015
10.200000000000076,oracle,4.667743853953556,-0.43032079700253106,-0.43032079700253106,-0.43032079700253106,-0.43032079700253106,-0.43032079700253106,-0.43032079700253106
10.220000000000082,oracle,5.084862869614765,-0.41395861612599216,-0.41395861612599216,-0.41395861612599216,-0.41395861612599216,-0.41395861612599216,-0.41395861612599216
10.240000000000089,oracle,5.814486464781841,-0.39462453590778046,-0.39462453590778046,-0.39462453590778046,-0.39462453590778046,-0.39462453590778046,-0.39462453590778046
10.260000000000096,oracle,6.8564844249849015,-0.37342587023432516,-0.37342587023432516,-0.37342587023432516,-0.37342587023432516,-0.37342587023432516,-0.37342587023432516
10.280000000000102,oracle,5.57742998300363,-0.35056473379961856,-0.35056473379961856,-0.35056473379961856,-0.35056473379961856,-0.35056473379961856,-0.35056473379961856
10.300000000000109,oracle,4.53706261921993,-0.3261603997868341,-0.3261603997868341,-0.3261603997868341,-0.3261603997868341,-0.3261603997868341,-0.3261603997868341
10.320000000000116,oracle,3.7191047940862565,-0.30034275148840545,-0.30034275148840545,-0.30034275148840545,-0.30034275148840545,-0.30034275148840545,-0.30034275148840545
10.340000000000122,oracle,3.1824913460819744,-0.27385517176719426,-0.27385517176719426,-0.27385517176719426,-0.27385517176719426,-0.27385517176719426,-0.27385517176719426
10.360000000000129,oracle,2.7895787572632536,-0.24694759470912736,-0.24694759470912736,-0.24694759470912736,-0.24694759470912736,-0.24694759470912736,-0.24694759470912736
10.380000000000136,oracle,2.4715491225530837,-0.2195704136758137,-0.2195704136758137,-0.2195704136758137,-0.2195704136758137,-0.2195704136758137,-0.2195704136758137
10.400000000000142,oracle,2.2770242988570826,-0.19204441059581004,-0.19204441059581004,-0.19204441059581004,-0.19204441059581004,-0.19204441059581004,-0.19204441059581004
10.42000000000015,oracle,2.175458432975652,-0.16488969766238135,-0.16488969766238135,-0.16488969766238135,-0.16488969766238135,-0.16488969766238135,-0.16488969766238135
10.440000000000156,oracle,2.0911946816593536,-0.13706992478025026,-0.13706992478025026,-0.13706992478025026,-0.13706992478025026,-0.13706992478025026,-0.13706992478025026
10.460000000000163,oracle,2.0506547618610003,-0.10899432918408782,-0.10899432918408782,-0.10899432918408782,-0.10899432918408782,-0.10899432918408782,-0.10899432918408782
10.48000000000017,oracle,2.02326991734684,-0.08065171314983727,-0.08065171314983727,-0.08065171314983727,-0.08065171314983727,-0.08065171314983727,-0.08065171314983727
10.500000000000176,oracle,2.013841667690309,-0.05229285627919557,-0.05229285627919557,-0.05229285627919557,-0.05229285627919557,-0.05229285627919557,-0.05229285627919557
10.520000000000183,oracle,2.0100353237786184,-0.024055073127385758,-0.024055073127385758,-0.024055073127385758,-0.024055073127385758,-0.024055073127385758,-0.024055073127385758
10.54000000000019,oracle,2.0107220271134705,0.003805649330524145,0.003805649330524145,0.003805649330524145,0.003805649330524145,0.003805649330524145,0.003805649330524145
10.560000000000196,oracle,2.014003850119782,0.030996676692136318,0.030996676692136318,0.030996676692136318,0.030996676692136318,0.030996676692136318,0.030996676692136318
10.580000000000203,oracle,2.0175321446298984,0.057571128944178256,0.057571128944178256,0.057571128944178256,0.057571128944178256,0.057571128944178256,0.057571128944178256
10.60000000000021,oracle,2.021386643217432,0.08390862539465774,0.08390862539465774,0.08390862539465774,0.08390862539465774,0.08390862539465774,0.08390862539465774
10.620000000000216,oracle,2.0256402710482475,0.10988789734550074,0.10988789734550074,0.10988789734550074,0.10988789734550074,0.10988789734550074,0.10988789734550074
10.640000000000223,oracle,2.029999915811492,0.1353918845518286,0.1353918845518286,0.1353918845518286,0.1353918845518286,0.1353918845518286,0.1353918845518286
10.66000000000023,oracle,2.0344140366719543,0.16043618842173063,0.16043618842173063,0.16043618842173063,0.16043618842173063,0.16043618842173063,0.16043618842173063
10.680000000000236,oracle,2.038957809927697,0.18480321173766803,0.18480321173766803,0.18480321173766803,0.18480321173766803,0.18480321173766803,0.18480321173766803
10.700000000000243,oracle,2.0432395959652236,0.20860548956291944,0.20860548956291944,0.20860548956291944,0.20860548956291944,0.20860548956291944,0.20860548956291944
10.72000000000025,oracle,2.046494833906449,0.23196744653427714,0.23196744653427714,0.23196744653427714,0.23196744653427714,0.23196744653427714,0.23196744653427714
10.740000000000256,oracle,2.0508151933097634,0.25497635732540436,0.25497635732540436,0.25497635732540436,0.25497635732540436,0.25497635732540436,0.25497635732540436
10.760000000000263,oracle,2.056142113912553,0.2774954586736269,0.2774954586736269,0.2774954586736269,0.2774954586736269,0.2774954586736269,0.2774954586736269
10.78000000000027,oracle,2.0606735732420365,0.2995909676737211,0.2995909676737211,0.2995909676737211,0.2995909676737211,0.2995909676737211,0.2995909676737211
10.800000000000276,oracle,2.0661190496199984,0.32134315402095903,0.32134315402095903,0.32134315402095903,0.32134315402095903,0.32134315402095903,0.32134315402095903
10.820000000000283,oracle,2.0725856881099483,0.34263083074225575,0.34263083074225575,0.34263083074225575,0.34263083074225575,0.34263083074225575,0.34263083074225575
10.84000000000029,oracle,2.0782975402497286,0.3632832441600426,0.3632832441600426,0.3632832441600426,0.3632832441600426,0.3632832441600426,0.3632832441600426
10.860000000000296,oracle,2.0840936816763223,0.3834747756118123,0.3834747756118123,0.3834747756118123,0.3834747756118123,0.3834747756118123,0.3834747756118123
10.880000000000303,oracle,2.0903751302501226,0.4032787748876766,0.4032787748876766,0.4032787748876766,0.4032787748876766,0.4032787748876766,0.4032787748876766
10.90000000000031,oracle,2.0966943249497874,0.42269682426905714,0.42269682426905714,0.42269682426905714,0.42269682426905714,0.42269682426905714,0.42269682426905714
10.920000000000316,oracle,2.1039797774071447,0.4417895904490242,0.4417895904490242,0.4417895904490242,0.4417895904490242,0.4417895904490242,0.4417895904490242
10.940000000000323,oracle,2.1112839219899526,0.4605168219634687,0.4605168219634687,0.4605168219634687,0.4605168219634687,0.4605168219634687,0.4605168219634687
10.96000000000033,oracle,2.1189088535257476,0.4789063263692986,0.4789063263692986,0.4789063263692986,0.4789063263692986,0.4789063263692986,0.4789063263692986
10.980000000000336,oracle,2.126939278717601,0.49697016619185225,0.49697016619185225,0.49697016619185225,0.49697016619185225,0.49697016619185225,0.49697016619185225
11.000000000000343,oracle,2.135310500986466,0.514718979074794,0.514718979074794,0.514718979074794,0.514718979074794,0.514718979074794,0.514718979074794
11.02000000000035,oracle,2.1439898938009807,0.5321630804472458,0.5321630804472458,0.5321630804472458,0.5321630804472458,0.5321630804472458,0.5321630804472458
11.040000000000356,oracle,2.1529423685439535,0.5493092397375517,0.5493092397375517,0.5493092397375517,0.5493092397375517,0.5493092397375517,0.5493092397375517
11.060000000000363,oracle,2.162135897092428,0.5661631163203497,0.5661631163203497,0.5661631163203497,0.5661631163203497,0.5661631163203497,0.5661631163203497
11.08000000000037,oracle,2.171543597879308,0.5827299499809799,0.5827299499809799,0.5827299499809799,0.5827299499809799,0.5827299499809799,0.5827299499809799
11.100000000000376,oracle,2.181143795009795,0.5990147645375372,0.5990147645375372,0.5990147645375372,0.5990147645375372,0.5990147645375372,0.5990147645375372
11.120000000000383,oracle,2.19091933674088,0.6150224319074833,0.6150224319074833,0.6150224319074833,0.6150224319074833,0.6150224319074833,0.6150224319074833
11.14000000000039,oracle,2.2008567486826287,0.6307576951122806,0.6307576951122806,0.6307576951122806,0.6307576951122806,0.6307576951122806,0.6307576951122806
11.160000000000396,oracle,2.210945449233212,0.6462251786898084,0.6462251786898084,0.6462251786898084,0.6462251786898084,0.6462251786898084,0.6462251786898084
11.180000000000403,oracle,2.2211770959804493,0.6614293949637222,0.6614293949637222,0.6614293949637222,0.6614293949637222,0.6614293949637222,0.6614293949637222
11.20000000000041,oracle,2.2315450667441663,0.6763747487727142,0.6763747487727142,0.6763747487727142,0.6763747487727142,0.6763747487727142,0.6763747487727142
11.220000000000416,oracle,2.2420440566320967,0.6910655415064404,0.6910655415064404,0.6910655415064404,0.6910655415064404,0.6910655415064404,0.6910655415064404
11.240000000000423,oracle,2.253020917205079,0.7055075929427538,0.7055075929427538,0.7055075929427538,0.7055075929427538,0.7055075929427538,0.7055075929427538
11.26000000000043,oracle,2.263735544155749,0.7196990215795244,0.7196990215795244,0.7196990215795244,0.7196990215795244,0.7196990215795244,0.7196990215795244
11.280000000000436,oracle,2.275825954695042,0.7337616502780503,0.7337616502780503,0.7337616502780503,0.7337616502780503,0.7337616502780503,0.7337616502780503
11.300000000000443,oracle,2.28735003380455,0.7476048999853673,0.7476048999853673,0.7476048999853673,0.7476048999853673,0.7476048999853673,0.7476048999853673
11.32000000000045,oracle,2.298485235012739,0.7611802107739933,0.7611802107739933,0.7611802107739933,0.7611802107739933,0.7611802107739933,0.7611802107739933
11.340000000000456,oracle,2.3106352945443662,0.7745296769406533,0.7745296769406533,0.7745296769406533,0.7745296769406533,0.7745296769406533,0.7745296769406533
11.360000000000463,oracle,2.3229901057717126,0.7876631881131445,0.7876631881131445,0.7876631881131445,0.7876631881131445,0.7876631881131445,0.7876631881131445
11.38000000000047,oracle,2.334811508466438,0.8005537952777925,0.8005537952777925,0.8005537952777925,0.8005537952777925,0.8005537952777925,0.8005537952777925
11.400000000000476,oracle,2.3469327088179464,0.8132164842410611,0.8132164842410611,0.8132164842410611,0.8132164842410611,0.8132164842410611,0.8132164842410611
11.420000000000483,oracle,2.3586033245859515,0.8256455829318282,0.8256455829318282,0.8256455829318282,0.8256455829318282,0.8256455829318282,0.8256455829318282
11.44000000000049,oracle,2.3713676551084832,0.8378635898728097,0.8378635898728097,0.8378635898728097,0.8378635898728097,0.8378635898728097,0.8378635898728097
11.460000000000496,oracle,2.3839791251050864,0.8498796160641271,0.8498796160641271,0.8498796160641271,0.8498796160641271,0.8498796160641271,0.8498796160641271
11.480000000000503,oracle,2.3969693370394927,0.8616619791282544,0.8616619791282544,0.8616619791282544,0.8616619791282544,0.8616619791282544,0.8616619791282544
11.50000000000051,oracle,2.410306614367072,0.8731768527174644,0.8731768527174644,0.8731768527174644,0.8731768527174644,0.8731768527174644,0.8731768527174644
11.520000000000516,oracle,2.4230121509862856,0.8845106461643709,0.8845106461643709,0.8845106461643709,0.8845106461643709,0.8845106461643709,0.8845106461643709
11.540000000000523,oracle,2.436296312913292,0.895689502437998,0.895689502437998,0.895689502437998,0.895689502437998,0.895689502437998,0.895689502437998
11.56000000000053,oracle,2.4501348257240236,0.906687481590857,0.906687481590857,0.906687481590857,0.906687481590857,0.906687481590857,0.906687481590857
11.580000000000537,oracle,2.4640920804883146,0.9174950039191879,0.9174950039191879,0.9174950039191879,0.9174950039191879,0.9174950039191879,0.9174950039191879
11.600000000000543,oracle,2.47802896303212,0.9281112459033524,0.9281112459033524,0.9281112459033524,0.9281112459033524,0.9281112459033524,0.9281112459033524
11.62000000000055,oracle,2.49191362858389,0.9385380723241413,0.9385380723241413,0.9385380723241413,0.9385380723241413,0.9385380723241413,0.9385380723241413
11.640000000000557,oracle,2.506856718491677,0.9488041849135103,0.9488041849135103,0.9488041849135103,0.9488041849135103,0.9488041849135103,0.9488041849135103
11.660000000000563,oracle,2.5217099439886836,0.9588620493122417,0.9588620493122417,0.9588620493122417,0.9588620493122417,0.9588620493122417,0.9588620493122417
11.68000000000057,oracle,2.5368814097864827,0.9687455326769145,0.9687455326769145,0.9687455326769145,0.9687455326769145,0.9687455326769145,0.9687455326769145
11.700000000000577,oracle,2.552619499570608,0.978475979510133,0.978475979510133,0.978475979510133,0.978475979510133,0.978475979510133,0.978475979510133
11.720000000000583,oracle,2.5686571237840603,0.9880478446089579,0.9880478446089579,0.9880478446089579,0.9880478446089579,0.9880478446089579,0.9880478446089579
11.74000000000059,oracle,2.5846894401141154,0.9974596279301722,0.9974596279301722,0.9974596279301722,0.9974596279301722,0.9974596279301722,0.9974596279301722
11.760000000000597,oracle,2.6006185951146508,1.0067128465599349,1.0067128465599349,1.0067128465599349,1.0067128465599349,1.0067128465599349,1.0067128465599349
11.780000000000603,oracle,2.619258957716149,1.0158128841677352,1.0158128841677352,1.0158128841677352,1.0158128841677352,1.0158128841677352,1.0158128841677352
11.80000000000061,oracle,2.632259763824844,1.0246542247110317,1.0246542247110317,1.0246542247110317,1.0246542247110317,1.0246542247110317,1.0246542247110317
11.820000000000617,oracle,2.6517599378579395,1.0334247834888044,1.0334247834888044,1.0334247834888044,1.0334247834888044,1.0334247834888044,1.0334247834888044
11.840000000000623,oracle,2.6646615332060244,1.0419428935753199,1.0419428935753199,1.0419428935753199,1.0419428935753199,1.0419428935753199,1.0419428935753199
11.86000000000063,oracle,2.683194250799426,1.0504351406040138,1.0504351406040138,1.0504351406040138,1.0504351406040138,1.0504351406040138,1.0504351406040138
11.880000000000637,oracle,2.704239497743605,1.058822642308672,1.058822642308672,1.058822642308672,1.058822642308672,1.058822642308672,1.058822642308672
11.900000000000643,oracle,2.720091765178373,1.067004823380418,1.067004823380418,1.067004823380418,1.067004823380418,1.067004823380418,1.067004823380418
11.92000000000065,oracle,2.7412066900435113,1.0751007896950273,1.0751007896950273,1.0751007896950273,1.0751007896950273,1.0751007896950273,1.0751007896950273
11.940000000000657,oracle,2.756639166118873,1.0829994984162115,1.0829994984162115,1.0829994984162115,1.0829994984162115,1.0829994984162115,1.0829994984162115
11.960000000000663,oracle,2.7778886630388646,1.0908404178543396,1.0908404178543396,1.0908404178543396,1.0908404178543396,1.0908404178543396,1.0908404178543396
11.98000000000067,oracle,2.797459064526112,1.0984740019694348,1.0984740019694348,1.0984740019694348,1.0984740019694348,1.0984740019694348,1.0984740019694348
12.000000000000677,oracle,2.8116084018002865,1.1059121632936237,1.1059121632936237,1.1059121632936237,1.1059121632936237,1.1059121632936237,1.1059121632936237
12.020000000000683,oracle,2.8330781892168933,1.113361334182157,1.113361334182157,1.113361334182157,1.113361334182157,1.113361334182157,1.113361334182157
12.04000000000069,oracle,2.8508899576473903,1.120595318132581,1.120595318132581,1.120595318132581,1.120595318132581,1.120595318132581,1.120595318132581
12.060000000000697,oracle,2.8678954118206654,1.1277279181154387,1.1277279181154387,1.1277279181154387,1.1277279181154387,1.1277279181154387,1.1277279181154387
12.080000000000704,oracle,2.891291273719807,1.134857209888925,1.134857209888925,1.134857209888925,1.134857209888925,1.134857209888925,1.134857209888925
12.10000000000071,oracle,2.905702235351138,1.1416955389319674,1.1416955389319674,1.1416955389319674,1.1416955389319674,1.1416955389319674,1.1416955389319674
12.120000000000717,oracle,2.9262333966453875,1.1485398732267622,1.1485398732267622,1.1485398732267622,1.1485398732267622,1.1485398732267622,1.1485398732267622
12.140000000000724,oracle,2.9496055954321805,1.1553885359622749,1.1553885359622749,1.1553885359622749,1.1553885359622749,1.1553885359622749,1.1553885359622749
12.16000000000073,oracle,2.9642699429051755,1.1617625138327419,1.1617625138327419,1.1617625138327419,1.1617625138327419,1.1617625138327419,1.1617625138327419
12.180000000000737,oracle,2.9829055922750594,1.1681576767717952,1.1681576767717952,1.1681576767717952,1.1681576767717952,1.1681576767717952,1.1681576767717952
12.200000000000744,oracle,3.006666554546338,1.1746510382152873,1.1746510382152873,1.1746510382152873,1.1746510382152873,1.1746510382152873,1.1746510382152873
12.22000000000075,oracle,3.023815886435637,1.1809188413807985,1.1809188413807985,1.1809188413807985,1.1809188413807985,1.1809188413807985,1.1809188413807985
12.240000000000757,oracle,3.048139669991599,1.1872098272953808,1.1872098272953808,1.1872098272953808,1.1872098272953808,1.1872098272953808,1.1872098272953808
12.260000000000764,oracle,3.067391313133364,1.1932215407349736,1.1932215407349736,1.1932215407349736,1.1932215407349736,1.1932215407349736,1.1932215407349736
12.28000000000077,oracle,3.0896287882537385,1.1991864395782577,1.1991864395782577,1.1991864395782577,1.1991864395782577,1.1991864395782577,1.1991864395782577
12.300000000000777,oracle,3.113879882513152,1.2051399534084808,1.2051399534084808,1.2051399534084808,1.2051399534084808,1.2051399534084808,1.2051399534084808
12.320000000000784,oracle,3.1243486700925454,1.2105908121071094,1.2105908121071094,1.2105908121071094,1.2105908121071094,1.2105908121071094,1.2105908121071094
12.34000000000079,oracle,3.1482463331354174,1.2161133897671514,1.2161133897671514,1.2161133897671514,1.2161133897671514,1.2161133897671514,1.2161133897671514
12.360000000000797,oracle,3.1609920578870465,1.2213588626309886,1.2213588626309886,1.2213588626309886,1.2213588626309886,1.2213588626309886,1.2213588626309886
12.380000000000804,oracle,3.185239909261885,1.2266742475069976,1.2266742475069976,1.2266742475069976,1.2266742475069976,1.2266742475069976,1.2266742475069976
12.40000000000081,oracle,3.1969062237238504,1.2317116979745526,1.2317116979745526,1.2317116979745526,1.2317116979745526,1.2317116979745526,1.2317116979745526
12.420000000000817,oracle,3.2206972861161094,1.2368274103891777,1.2368274103891777,1.2368274103891777,1.2368274103891777,1.2368274103891777,1.2368274103891777
12.440000000000824,oracle,3.242104827923592,1.2419383050847899,1.2419383050847899,1.2419383050847899,1.2419383050847899,1.2419383050847899,1.2419383050847899
12.46000000000083,oracle,3.2659322743534167,1.24707614290549,1.24707614290549,1.24707614290549,1.24707614290549,1.24707614290549,1.24707614290549
12.480000000000837,oracle,3.2925087187711717,1.2520899453279581,1.2520899453279581,1.2520899453279581,1.2520899453279581,1.2520899453279581,1.2520899453279581
12.500000000000844,oracle,3.3005736058891646,1.2566607805602898,1.2566607805602898,1.2566607805602898,1.2566607805602898,1.2566607805602898,1.2566607805602898
12.52000000000085,oracle,3.3216270485870054,1.2612953076587334,1.2612953076587334,1.2612953076587334,1.2612953076587334,1.2612953076587334,1.2612953076587334
12.540000000000857,oracle,3.346987752565845,1.265953930510767,1.265953930510767,1.265953930510767,1.265953930510767,1.265953930510767,1.265953930510767
12.560000000000864,oracle,3.373504655024353,1.2705386931976308,1.2705386931976308,1.2705386931976308,1.2705386931976308,1.2705386931976308,1.2705386931976308
12.58000000000087,oracle,3.384333474113043,1.274870432019087,1.274870432019087,1.274870432019087,1.274870432019087,1.274870432019087,1.274870432019087
12.600000000000877,oracle,3.403522267900453,1.279237368355494,1.279237368355494,1.279237368355494,1.279237368355494,1.279237368355494,1.279237368355494
12.620000000000884,oracle,3.426556112088801,1.2835892399003364,1.2835892399003364,1.2835892399003364,1.2835892399003364,1.2835892399003364,1.2835892399003364
12.64000000000089,oracle,3.4506754890727915,1.2878599223300202,1.2878599223300202,1.2878599223300202,1.2878599223300202,1.2878599223300202,1.2878599223300202
12.660000000000897,oracle,3.4745051520446575,1.2920504985222512,1.2920504985222512,1.2920504985222512,1.2920504985222512,1.2920504985222512,1.2920504985222512
12.680000000000904,oracle,3.4975012412890707,1.2961558629182408,1.2961558629182408,1.2961558629182408,1.2961558629182408,1.2961558629182408,1.2961558629182408
12.70000000000091,oracle,3.736868730073275,1.3044990162702776,1.3044990162702776,1.3044990162702776,1.3044990162702776,1.3044990162702776,1.3044990162702776
12.720000000000917,oracle,4.254957363220835,1.3166411604178032,1.3166411604178032,1.3166411604178032,1.3166411604178032,1.3166411604178032,1.3166411604178032
12.740000000000924,oracle,5.0700365300539785,1.3309860226012358,1.3309860226012358,1.3309860226012358,1.3309860226012358,1.3309860226012358,1.3309860226012358
12.76000000000093,oracle,6.18434209818707,1.3468581797347914,1.3468581797347914,1.3468581797347914,1.3468581797347914,1.3468581797347914,1.3468581797347914
12.780000000000937,oracle,5.215018562255365,1.3639124282997794,1.3639124282997794,1.3639124282997794,1.3639124282997794,1.3639124282997794,1.3639124282997794
12.800000000000944,oracle,4.5255435027841315,1.3818912513427084,1.3818912513427084,1.3818912513427084,1.3818912513427084,1.3818912513427084,1.3818912513427084
12.82000000000095,oracle,4.080820286549977,1.4006205662190914,1.4006205662190914,1.4006205662190914,1.4006205662190914,1.4006205662190914,1.4006205662190914
12.840000000000957,oracle,3.8352315677146085,1.4199496596243424,1.4199496596243424,1.4199496596243424,1.4199496596243424,1.4199496596243424,1.4199496596243424
12.860000000000964,oracle,3.734014625018265,1.4397452001944127,1.4397452001944127,1.4397452001944127,1.4397452001944127,1.4397452001944127,1.4397452001944127
12.88000000000097,oracle,3.727226167359088,1.4598879588752587,1.4598879588752587,1.4598879588752587,1.4598879588752587,1.4598879588752587,1.4598879588752587
12.900000000000977,oracle,3.776049098029789,1.4802874333782383,1.4802874333782383,1.4802874333782383,1.4802874333782383,1.4802874333782383,1.4802874333782383
12.920000000000984,oracle,3.8530800327863735,1.5008552047832537,1.5008552047832537,1.5008552047832537,1.5008552047832537,1.5008552047832537,1.5008552047832537
12.94000000000099,oracle,3.9403215618924214,1.5215126773510304,1.5215126773510304,1.5215126773510304,1.5215126773510304,1.5215126773510304,1.5215126773510304
12.960000000000997,oracle,4.027509597558029,1.5421911582395733,1.5421911582395733,1.5421911582395733,1.5421911582395733,1.5421911582395733,1.5421911582395733
12.980000000001004,oracle,4.109087343260829,1.56282989822721,1.56282989822721,1.56282989822721,1.56282989822721,1.56282989822721,1.56282989822721
13.00000000000101,oracle,4.18231381799418,1.583380723090966,1.583380723090966,1.583380723090966,1.583380723090966,1.583380723090966,1.583380723090966
13.020000000001017,oracle,4.246155348963346,1.603810588638338,1.603810588638338,1.603810588638338,1.603810588638338,1.603810588638338,1.603810588638338
13.040000000001024,oracle,4.300308978105677,1.6240909011163844,1.6240909011163844,1.6240909011163844,1.6240909011163844,1.6240909011163844,1.6240909011163844
13.06000000000103,oracle,4.345048371933551,1.644197681100433,1.644197681100433,1.644197681100433,1.644197681100433,1.644197681100433,1.644197681100433
13.080000000001037,oracle,4.381169100645105,1.664108745655118,1.664108745655118,1.664108745655118,1.664108745655118,1.664108745655118,1.664108745655118
13.100000000001044,oracle,3.9223684981323497,1.6763234598909103,1.6763234598909103,1.6763234598909103,1.6763234598909103,1.6763234598909103,1.6763234598909103
13.12000000000105,oracle,4.040791651851634,1.6844727660890968,1.6844727660890968,1.6844727660890968,1.6844727660890968,1.6844727660890968,1.6844727660890968
13.140000000001058,oracle,4.530044835627301,1.6922751424975135,1.6922751424975135,1.6922751424975135,1.6922751424975135,1.6922751424975135,1.6922751424975135
13.160000000001064,oracle,5.34633483142563,1.6991534051701904,1.6991534051701904,1.6991534051701904,1.6991534051701904,1.6991534051701904,1.6991534051701904
13.18000000000107,oracle,6.476631078108476,1.7051362937074297,1.7051362937074297,1.7051362937074297,1.7051362937074297,1.7051362937074297,1.7051362937074297
13.200000000001078,oracle,5.347183693170268,1.7104688762478866,1.7104688762478866,1.7104688762478866,1.7104688762478866,1.7104688762478866,1.7104688762478866
13.220000000001084,oracle,4.454514687537692,1.7152975755610873,1.7152975755610873,1.7152975755610873,1.7152975755610873,1.7152975755610873,1.7152975755610873
13.240000000001091,oracle,3.769546026929619,1.7196993587626401,1.7196993587626401,1.7196993587626401,1.7196993587626401,1.7196993587626401,1.7196993587626401
13.260000000001098,oracle,3.3089605520159884,1.723186745803889,1.723186745803889,1.723186745803889,1.723186745803889,1.723186745803889,1.723186745803889
13.280000000001104,oracle,2.987930971701287,1.725826217370582,1.725826217370582,1.725826217370582,1.725826217370582,1.725826217370582,1.725826217370582
13.300000000001111,oracle,2.776006526798694,1.7279268687321294,1.7279268687321294,1.7279268687321294,1.7279268687321294,1.7279268687321294,1.7279268687321294
13.320000000001118,oracle,2.63427876307208,1.7298717709943927,1.7298717709943927,1.7298717709943927,1.7298717709943927,1.7298717709943927,1.7298717709943927
13.340000000001124,oracle,2.5566261540940793,1.7314543295612728,1.7314543295612728,1.7314543295612728,1.7314543295612728,1.7314543295612728,1.7314543295612728
13.360000000001131,oracle,2.5090864680261187,1.7329562976252941,1.7329562976252941,1.7329562976252941,1.7329562976252941,1.7329562976252941,1.7329562976252941
13.380000000001138,oracle,2.487373268158582,1.734184208088367,1.734184208088367,1.734184208088367,1.734184208088367,1.734184208088367,1.734184208088367
13.400000000001144,oracle,2.472719423447942,1.7353540563454173,1.7353540563454173,1.7353540563454173,1.7353540563454173,1.7353540563454173,1.7353540563454173
13.420000000001151,oracle,2.4736697106066865,1.7364430709531136,1.7364430709531136,1.7364430709531136,1.7364430709531136,1.7364430709531136,1.7364430709531136
13.440000000001158,oracle,2.4750997234055934,1.7377691799872816,1.7377691799872816,1.7377691799872816,1.7377691799872816,1.7377691799872816,1.7377691799872816
13.460000000001164,oracle,2.479741760387588,1.7387129752254338,1.7387129752254338,1.7387129752254338,1.7387129752254338,1.7387129752254338,1.7387129752254338
13.480000000001171,oracle,2.4831216981836066,1.7394972592845748,1.7394972592845748,1.7394972592845748,1.7394972592845748,1.7394972592845748,1.7394972592845748
13.500000000001178,oracle,2.492499881013944,1.740461358989023,1.740461358989023,1.740461358989023,1.740461358989023,1.740461358989023,1.740461358989023
13.520000000001184,oracle,2.4944118016591554,1.741180277443518,1.741180277443518,1.741180277443518,1.741180277443518,1.741180277443518,1.741180277443518
13.540000000001191,oracle,2.4966982900195527,1.7417991709883063,1.7417991709883063,1.7417991709883063,1.7417991709883063,1.7417991709883063,1.7417991709883063
13.560000000001198,oracle,2.5078307156920063,1.7426398595453925,1.7426398595453925,1.7426398595453925,1.7426398595453925,1.7426398595453925,1.7426398595453925
13.580000000001204,oracle,2.5080463153401458,1.7432544775174539,1.7432544775174539,1.7432544775174539,1.7432544775174539,1.7432544775174539,1.7432544775174539
13.600000000001211,oracle,2.514039201080715,1.7439604636987236,1.7439604636987236,1.7439604636987236,1.7439604636987236,1.7439604636987236,1.7439604636987236
13.620000000001218,oracle,2.513406076060766,1.744383906724198,1.744383906724198,1.744383906724198,1.744383906724198,1.744383906724198,1.744383906724198
13.640000000001224,oracle,2.5234737097355957,1.7451157737452148,1.7451157737452148,1.7451157737452148,1.7451157737452148,1.7451157737452148,1.7451157737452148
13.660000000001231,oracle,2.525134346548723,1.7456427200019498,1.7456427200019498,1.7456427200019498,1.7456427200019498,1.7456427200019498,1.7456427200019498
13.680000000001238,oracle,2.5314198407234207,1.7462603093976439,1.7462603093976439,1.7462603093976439,1.7462603093976439,1.7462603093976439,1.7462603093976439
13.700000000001245,oracle,2.5365717946000244,1.7468476465899518,1.7468476465899518,1.7468476465899518,1.7468476465899518,1.7468476465899518,1.7468476465899518
13.720000000001251,oracle,2.542333522966684,1.747466202602587,1.747466202602587,1.747466202602587,1.747466202602587,1.747466202602587,1.747466202602587
13.740000000001258,oracle,2.5384257317680183,1.7476506529817797,1.7476506529817797,1.7476506529817797,1.7476506529817797,1.7476506529817797,1.7476506529817797
13.760000000001265,oracle,2.5495806078107366,1.7483231494814326,1.7483231494814326,1.7483231494814326,1.7483231494814326,1.7483231494814326,1.7483231494814326
13.780000000001271,oracle,2.551739335260472,1.7487586883154547,1.7487586883154547,1.7487586883154547,1.7487586883154547,1.7487586883154547,1.7487586883154547
13.800000000001278,oracle,2.550334466659536,1.7489231829283824,1.7489231829283824,1.7489231829283824,1.7489231829283824,1.7489231829283824,1.7489231829283824
13.820000000001285,oracle,2.5608668215061,1.749462140232162,1.749462140232162,1.749462140232162,1.749462140232162,1.749462140232162,1.749462140232162
13.840000000001291,oracle,2.5634084173266993,1.7498213871494575,1.7498213871494575,1.7498213871494575,1.7498213871494575,1.7498213871494575,1.7498213871494575
13.860000000001298,oracle,2.570902464425769,1.750264889238303,1.750264889238303,1.750264889238303,1.750264889238303,1.750264889238303,1.750264889238303
13.880000000001305,oracle,2.5710929103770854,1.7504361086551088,1.7504361086551088,1.7504361086551088,1.7504361086551088,1.7504361086551088,1.7504361086551088
13.900000000001311,oracle,2.5822007323012346,1.750943216529031,1.750943216529031,1.750943216529031,1.750943216529031,1.750943216529031,1.750943216529031
13.920000000001318,oracle,2.585306194068586,1.7512556836795683,1.7512556836795683,1.7512556836795683,1.7512556836795683,1.7512556836795683,1.7512556836795683
13.940000000001325,oracle,2.5933715779187407,1.7516525564616365,1.7516525564616365,1.7516525564616365,1.7516525564616365,1.7516525564616365,1.7516525564616365
13.960000000001331,oracle,2.594139841811539,1.7517853769805216,1.7517853769805216,1.7517853769805216,1.7517853769805216,1.7517853769805216,1.7517853769805216
13.980000000001338,oracle,2.605346298225145,1.7522529072592605,1.7522529072592605,1.7522529072592605,1.7522529072592605,1.7522529072592605,1.7522529072592605
14.000000000001345,oracle,2.6090411054425826,1.7525248485491705,1.7525248485491705,1.7525248485491705,1.7525248485491705,1.7525248485491705,1.7525248485491705
14.020000000001351,oracle,2.61297856092463,1.7527575515396379,1.7527575515396379,1.7527575515396379,1.7527575515396379,1.7527575515396379,1.7527575515396379
14.040000000001358,oracle,2.6260890834150366,1.7532173890620262,1.7532173890620262,1.7532173890620262,1.7532173890620262,1.7532173890620262,1.7532173890620262
14.060000000001365,oracle,2.627562907823849,1.7534468003159294,1.7534468003159294,1.7534468003159294,1.7534468003159294,1.7534468003159294,1.7534468003159294
14.080000000001371,oracle,2.638697316571222,1.7538759598627562,1.7538759598627562,1.7538759598627562,1.7538759598627562,1.7538759598627562,1.7538759598627562
14.100000000001378,oracle,2.648301399580728,1.7542572052526806,1.7542572052526806,1.7542572052526806,1.7542572052526806,1.7542572052526806,1.7542572052526806
14.120000000001385,oracle,2.649926234757576,1.7543456005843017,1.7543456005843017,1.7543456005843017,1.7543456005843017,1.7543456005843017,1.7543456005843017
14.140000000001391,oracle,2.6635926715081655,1.754818750940405,1.754818750940405,1.754818750940405,1.754818750940405,1.754818750940405,1.754818750940405
14.160000000001398,oracle,2.6675980553617973,1.7551410884467598,1.7551410884467598,1.7551410884467598,1.7551410884467598,1.7551410884467598,1.7551410884467598
14.180000000001405,oracle,2.6743855939193413,1.7553934585659297,1.7553934585659297,1.7553934585659297,1.7553934585659297,1.7553934585659297,1.7553934585659297
14.200000000001411,oracle,2.6837020867355377,1.7557159551836774,1.7557159551836774,1.7557159551836774,1.7557159551836774,1.7557159551836774,1.7557159551836774
14.220000000001418,oracle,2.686812228002018,1.755826315350692,1.755826315350692,1.755826315350692,1.755826315350692,1.755826315350692,1.755826315350692
14.240000000001425,oracle,2.701308657496238,1.7562930546318622,1.7562930546318622,1.7562930546318622,1.7562930546318622,1.7562930546318622,1.7562930546318622
14.260000000001432,oracle,2.6978932171706322,1.756249240489496,1.756249240489496,1.756249240489496,1.756249240489496,1.756249240489496,1.756249240489496
14.280000000001438,oracle,2.7132563339493894,1.756794229684036,1.756794229684036,1.756794229684036,1.756794229684036,1.756794229684036,1.756794229684036
14.300000000001445,oracle,2.7223707787240268,1.7571453607769518,1.7571453607769518,1.7571453607769518,1.7571453607769518,1.7571453607769518,1.7571453607769518
14.320000000001452,oracle,2.735338725601765,1.7575441122200341,1.7575441122200341,1.7575441122200341,1.7575441122200341,1.7575441122200341,1.7575441122200341
14.340000000001458,oracle,2.7484845921269443,1.757989049661018,1.757989049661018,1.757989049661018,1.757989049661018,1.757989049661018,1.757989049661018
14.360000000001465,oracle,2.7612858872304304,1.7584454843581743,1.7584454843581743,1.7584454843581743,1.7584454843581743,1.7584454843581743,1.7584454843581743
14.380000000001472,oracle,2.773636109610693,1.7588997914047282,1.7588997914047282,1.7588997914047282,1.7588997914047282,1.7588997914047282,1.7588997914047282
14.400000000001478,oracle,2.7869575541603187,1.759447362851259,1.759447362851259,1.759447362851259,1.759447362851259,1.759447362851259,1.759447362851259
14.420000000001485,oracle,2.7981057039218262,1.7598734384663166,1.7598734384663166,1.7598734384663166,1.7598734384663166,1.7598734384663166,1.7598734384663166
14.440000000001492,oracle,2.8104247355581227,1.760390501493394,1.760390501493394,1.760390501493394,1.760390501493394,1.760390501493394,1.760390501493394
14.460000000001498,oracle,2.822135327347249,1.760892139395907,1.760892139395907,1.760892139395907,1.760892139395907,1.760892139395907,1.760892139395907
14.480000000001505,oracle,2.833395395067062,1.761375365680005,1.761375365680005,1.761375365680005,1.761375365680005,1.761375365680005,1.761375365680005
14.500000000001512,oracle,2.8442979177082948,1.7618432369211916,1.7618432369211916,1.7618432369211916,1.7618432369211916,1.7618432369211916,1.7618432369211916
14.520000000001518,oracle,2.855768406726707,1.762387709367636,1.762387709367636,1.762387709367636,1.762387709367636,1.762387709367636,1.762387709367636
14.540000000001525,oracle,2.8654268252731283,1.762818731213338,1.762818731213338,1.762818731213338,1.762818731213338,1.762818731213338,1.762818731213338
14.560000000001532,oracle,2.87655096545459,1.7633250603528174,1.7633250603528174,1.7633250603528174,1.7633250603528174,1.7633250603528174,1.7633250603528174
14.580000000001538,oracle,2.8868796050684487,1.7638167549345354,1.7638167549345354,1.7638167549345354,1.7638167549345354,1.7638167549345354,1.7638167549345354
14.600000000001545,oracle,2.8971101834335933,1.7642872053466956,1.7642872053466956,1.7642872053466956,1.7642872053466956,1.7642872053466956,1.7642872053466956
14.620000000001552,oracle,2.9083850204452477,1.7648237186678588,1.7648237186678588,1.7648237186678588,1.7648237186678588,1.7648237186678588,1.7648237186678588
14.640000000001558,oracle,2.9173940306047643,1.7652603883040914,1.7652603883040914,1.7652603883040914,1.7652603883040914,1.7652603883040914,1.7652603883040914
14.660000000001565,oracle,2.9301983481698555,1.7658280005536697,1.7658280005536697,1.7658280005536697,1.7658280005536697,1.7658280005536697,1.7658280005536697
14.680000000001572,oracle,2.937538675694081,1.766241481920111,1.766241481920111,1.766241481920111,1.766241481920111,1.766241481920111,1.766241481920111
14.700000000001578,oracle,2.95275326742792,1.766827890767335,1.766827890767335,1.766827890767335,1.766827890767335,1.766827890767335,1.766827890767335
14.720000000001585,oracle,2.9578624175596633,1.7672380094227025,1.7672380094227025,1.7672380094227025,1.7672380094227025,1.7672380094227025,1.7672380094227025
14.740000000001592,oracle,2.973205386573539,1.7677811495800086,1.7677811495800086,1.7677811495800086,1.7677811495800086,1.7677811495800086,1.7677811495800086
14.760000000001599,oracle,2.97795032286149,1.7681846667689045,1.7681846667689045,1.7681846667689045,1.7681846667689045,1.7681846667689045,1.7681846667689045
14.780000000001605,oracle,2.991414297678243,1.7686861420117879,1.7686861420117879,1.7686861420117879,1.7686861420117879,1.7686861420117879,1.7686861420117879
14.800000000001612,oracle,3.0092917527161744,1.7693232330859463,1.7693232330859463,1.7693232330859463,1.7693232330859463,1.7693232330859463,1.7693232330859463
14.820000000001619,oracle,3.0180437911913183,1.769868081117887,1.769868081117887,1.769868081117887,1.769868081117887,1.769868081117887,1.769868081117887
14.840000000001625,oracle,3.0306596001220973,1.770359388536309,1.770359388536309,1.770359388536309,1.770359388536309,1.770359388536309,1.770359388536309
14.860000000001632,oracle,3.0380100672917454,1.770819322803327,1.770819322803327,1.770819322803327,1.770819322803327,1.770819322803327,1.770819322803327
14.880000000001639,oracle,3.053710692597416,1.7714264779125724,1.7714264779125724,1.7714264779125724,1.7714264779125724,1.7714264779125724,1.7714264779125724
14.900000000001645,oracle,3.0694029241524867,1.7719824861665392,1.7719824861665392,1.7719824861665392,1.7719824861665392,1.7719824861665392,1.7719824861665392
14.920000000001652,oracle,3.0732365044273315,1.7723648601532715,1.7723648601532715,1.7723648601532715,1.7723648601532715,1.7723648601532715,1.7723648601532715
14.940000000001659,oracle,3.0930074450923413,1.773126435789091,1.773126435789091,1.773126435789091,1.773126435789091,1.773126435789091,1.773126435789091
14.960000000001665,oracle,3.097199467754867,1.7736277395507003,1.7736277395507003,1.7736277395507003,1.7736277395507003,1.7736277395507003,1.7736277395507003
14.980000000001672,oracle,3.1175829286626766,1.774416418322992,1.774416418322992,1.774416418322992,1.774416418322992,1.774416418322992,1.774416418322992
15.000000000001679,oracle,3.1212426105083346,1.7749244234893973,1.7749244234893973,1.7749244234893973,1.7749244234893973,1.7749244234893973,1.7749244234893973
15.020000000001685,oracle,3.1417230566658008,1.7757006479099706,1.7757006479099706,1.7757006479099706,1.7757006479099706,1.7757006479099706,1.7757006479099706
15.040000000001692,oracle,3.1483808833341227,1.7763158298703348,1.7763158298703348,1.7763158298703348,1.7763158298703348,1.7763158298703348,1.7763158298703348
15.060000000001699,oracle,3.1688376183729687,1.777058010055419,1.777058010055419,1.777058010055419,1.777058010055419,1.777058010055419,1.777058010055419
15.080000000001705,oracle,3.174686025662566,1.7760294572725028,1.7760294572725028,1.7760294572725028,1.7760294572725028,1.7760294572725028,1.7760294572725028
15.100000000001712,oracle,3.198250973181706,1.7601669495495584,1.7601669495495584,1.7601669495495584,1.7601669495495584,1.7601669495495584,1.7601669495495584
15.120000000001719,oracle,3.2125625037712395,1.7375079636401363,1.7375079636401363,1.7375079636401363,1.7375079636401363,1.7375079636401363,1.7375079636401363
15.140000000001725,oracle,3.2367985055817843,1.7128134570900364,1.7128134570900364,1.7128134570900364,1.7128134570900364,1.7128134570900364,1.7128134570900364
15.160000000001732,oracle,3.255979775040595,1.6875712143664132,1.6875712143664132,1.6875712143664132,1.6875712143664132,1.6875712143664132,1.6875712143664132
15.180000000001739,oracle,3.277370659304514,1.6620581379897557,1.6620581379897557,1.6620581379897557,1.6620581379897557,1.6620581379897557,1.6620581379897557
15.200000000001745,oracle,3.2975026271989885,1.6365943526776054,1.6365943526776054,1.6365943526776054,1.6365943526776054,1.6365943526776054,1.6365943526776054
15.220000000001752,oracle,3.314779303981486,1.61099813094542,1.61099813094542,1.61099813094542,1.61099813094542,1.61099813094542,1.61099813094542
15.240000000001759,oracle,3.3366514244703507,1.5855378472840387,1.5855378472840387,1.5855378472840387,1.5855378472840387,1.5855378472840387,1.5855378472840387
15.260000000001765,oracle,3.3339489565552434,1.560299307085295,1.560299307085295,1.560299307085295,1.560299307085295,1.560299307085295,1.560299307085295
15.280000000001772,oracle,3.3517212010441324,1.534851669575756,1.534851669575756,1.534851669575756,1.534851669575756,1.534851669575756,1.534851669575756
15.300000000001779,oracle,3.3732064370736285,1.5098025148289285,1.5098025148289285,1.5098025148289285,1.5098025148289285,1.5098025148289285,1.5098025148289285
15.320000000001786,oracle,3.374778424862952,1.4853254985013196,1.4853254985013196,1.4853254985013196,1.4853254985013196,1.4853254985013196,1.4853254985013196
15.340000000001792,oracle,3.3911640100398994,1.4612907484690492,1.4612907484690492,1.4612907484690492,1.4612907484690492,1.4612907484690492,1.4612907484690492
15.360000000001799,oracle,3.410825013313639,1.437983068525531,1.437983068525531,1.437983068525531,1.437983068525531,1.437983068525531,1.437983068525531
15.380000000001806,oracle,3.4164657791874036,1.415153967049591,1.415153967049591,1.415153967049591,1.415153967049591,1.415153967049591,1.415153967049591
15.400000000001812,oracle,3.431472150546368,1.3927476036157371,1.3927476036157371,1.3927476036157371,1.3927476036157371,1.3927476036157371,1.3927476036157371
15.420000000001819,oracle,3.44947205946366,1.3710779676147975,1.3710779676147975,1.3710779676147975,1.3710779676147975,1.3710779676147975,1.3710779676147975
15.440000000001826,oracle,3.468640086995665,1.3500485087882068,1.3500485087882068,1.3500485087882068,1.3500485087882068,1.3500485087882068,1.3500485087882068
15.460000000001832,oracle,3.4595193204446524,1.329602989656932,1.329602989656932,1.329602989656932,1.329602989656932,1.329602989656932,1.329602989656932
15.480000000001839,oracle,3.4727417136131877,1.309395262985196,1.309395262985196,1.309395262985196,1.309395262985196,1.309395262985196,1.309395262985196
15.500000000001846,oracle,3.490450469940611,1.2897292596066248,1.2897292596066248,1.2897292596066248,1.2897292596066248,1.2897292596066248,1.2897292596066248
15.520000000001852,oracle,3.5096942936690505,1.2705770516174977,1.2705770516174977,1.2705770516174977,1.2705770516174977,1.2705770516174977,1.2705770516174977
15.540000000001859,oracle,3.5289330211305003,1.2518882121824442,1.2518882121824442,1.2518882121824442,1.2518882121824442,1.2518882121824442,1.2518882121824442
15.560000000001866,oracle,3.5247202888436653,1.2334367903474217,1.2334367903474217,1.2334367903474217,1.2334367903474217,1.2334367903474217,1.2334367903474217
15.580000000001872,oracle,3.5372653680680584,1.2152221688170965,1.2152221688170965,1.2152221688170965,1.2152221688170965,1.2152221688170965,1.2152221688170965
15.600000000001879,oracle,3.5537387823129123,1.1975939454192854,1.1975939454192854,1.1975939454192854,1.1975939454192854,1.1975939454192854,1.1975939454192854
15.620000000001886,oracle,3.772297255801294,1.1754576270611876,1.1754576270611876,1.1754576270611876,1.1754576270611876,1.1754576270611876,1.1754576270611876
15.640000000001892,oracle,4.274300157759668,1.1489891619868202,1.1489891619868202,1.1489891619868202,1.1489891619868202,1.1489891619868202,1.1489891619868202
15.660000000001899,oracle,4.946339669821685,1.1273186267070274,1.1273186267070274,1.1273186267070274,1.1273186267070274,1.1273186267070274,1.1273186267070274
15.680000000001906,oracle,6.090082449615867,1.1016965140107553,1.1016965140107553,1.1016965140107553,1.1016965140107553,1.1016965140107553,1.1016965140107553
15.700000000001912,oracle,4.9314821611491,1.0794680744053864,1.0794680744053864,1.0794680744053864,1.0794680744053864,1.0794680744053864,1.0794680744053864
15.720000000001919,oracle,4.094178152758045,1.0542078257123468,1.0542078257123468,1.0542078257123468,1.0542078257123468,1.0542078257123468,1.0542078257123468
15.740000000001926,oracle,3.3519766171199525,1.0305262945933507,1.0305262945933507,1.0305262945933507,1.0305262945933507,1.0305262945933507,1.0305262945933507
15.760000000001932,oracle,2.975237048626733,1.0022647225358985,1.0022647225358985,1.0022647225358985,1.0022647225358985,1.0022647225358985,1.0022647225358985
15.78000000000194,oracle,2.4091144061321272,0.9774975049472495,0.9774975049472495,0.9774975049472495,0.9774975049472495,0.9774975049472495,0.9774975049472495
15.800000000001946,oracle,2.3229713830029333,0.9493456993241668,0.9493456993241668,0.9493456993241668,0.9493456993241668,0.9493456993241668,0.9493456993241668
15.820000000001953,oracle,2.089778991658015,0.9240604629481589,0.9240604629481589,0.9240604629481589,0.9240604629481589,0.9240604629481589,0.9240604629481589
15.84000000000196,oracle,1.9851605520430806,0.9023970466833333,0.9023970466833333,0.9023970466833333,0.9023970466833333,0.9023970466833333,0.9023970466833333
15.860000000001966,oracle,1.8655938380094494,0.8819369794039329,0.8819369794039329,0.8819369794039329,0.8819369794039329,0.8819369794039329,0.8819369794039329
15.880000000001973,oracle,1.8478706652312953,0.8617842388235126,0.8617842388235126,0.8617842388235126,0.8617842388235126,0.8617842388235126,0.8617842388235126
15.90000000000198,oracle,1.815711883805057,0.8421403012592245,0.8421403012592245,0.8421403012592245,0.8421403012592245,0.8421403012592245,0.8421403012592245
15.920000000001986,oracle,1.8247530035143105,0.8226671690037253,0.8226671690037253,0.8226671690037253,0.8226671690037253,0.8226671690037253,0.8226671690037253
15.940000000001993,oracle,1.852296088037555,0.8027285883071835,0.8027285883071835,0.8027285883071835,0.8027285883071835,0.8027285883071835,0.8027285883071835
15.960000000002,oracle,1.869438130738933,0.7829767485993792,0.7829767485993792,0.7829767485993792,0.7829767485993792,0.7829767485993792,0.7829767485993792
15.980000000002006,oracle,1.9120523905750964,0.7635644788714374,0.7635644788714374,0.7635644788714374,0.7635644788714374,0.7635644788714374,0.7635644788714374
16.00000000000201,oracle,1.912625775541836,0.7455855831724922,0.7455855831724922,0.7455855831724922,0.7455855831724922,0.7455855831724922,0.7455855831724922
16.020000000002,oracle,1.9183362562748858,0.7275882821338258,0.7275882821338258,0.7275882821338258,0.7275882821338258,0.7275882821338258,0.7275882821338258
16.04000000000199,oracle,2.3793341252826066,0.7065743163952058,0.7065743163952058,0.7065743163952058,0.7065743163952058,0.7065743163952058,0.7065743163952058
16.060000000001978,oracle,3.1131392817759065,0.6827951768237347,0.6827951768237347,0.6827951768237347,0.6827951768237347,0.6827951768237347,0.6827951768237347
16.080000000001966,oracle,4.15701952042909,0.6582485942096667,0.6582485942096667,0.6582485942096667,0.6582485942096667,0.6582485942096667,0.6582485942096667
16.100000000001955,oracle,5.495113290393825,0.633580440691282,0.633580440691282,0.633580440691282,0.633580440691282,0.633580440691282,0.633580440691282
16.120000000001944,oracle,4.580893301233317,0.6090296202709276,0.6090296202709276,0.6090296202709276,0.6090296202709276,0.6090296202709276,0.6090296202709276
16.140000000001933,oracle,3.900408522842511,0.5847011473568821,0.5847011473568821,0.5847011473568821,0.5847011473568821,0.5847011473568821,0.5847011473568821
16.160000000001922,oracle,3.4964801490653525,0.5623477826774252,0.5623477826774252,0.5623477826774252,0.5623477826774252,0.5623477826774252,0.5623477826774252
16.18000000000191,oracle,3.180493040532222,0.5401108178134157,0.5401108178134157,0.5401108178134157,0.5401108178134157,0.5401108178134157,0.5401108178134157
16.2000000000019,oracle,3.035385761456266,0.5192665367924392,0.5192665367924392,0.5192665367924392,0.5192665367924392,0.5192665367924392,0.5192665367924392
16.22000000000189,oracle,2.9273687293141606,0.49915261247836457,0.49915261247836457,0.49915261247836457,0.49915261247836457,0.49915261247836457,0.49915261247836457
16.240000000001878,oracle,2.8703965089125045,0.4776328966321512,0.4776328966321512,0.4776328966321512,0.4776328966321512,0.4776328966321512,0.4776328966321512
16.260000000001867,oracle,2.8707229084216106,0.4576046510395018,0.4576046510395018,0.4576046510395018,0.4576046510395018,0.4576046510395018,0.4576046510395018
16.280000000001856,oracle,2.8820225664031898,0.43822540985163466,0.43822540985163466,0.43822540985163466,0.43822540985163466,0.43822540985163466,0.43822540985163466
16.300000000001845,oracle,2.903953469296191,0.41922932049105543,0.41922932049105543,0.41922932049105543,0.41922932049105543,0.41922932049105543,0.41922932049105543
16.320000000001833,oracle,2.9266718503462212,0.40058862826726155,0.40058862826726155,0.40058862826726155,0.40058862826726155,0.40058862826726155,0.40058862826726155
16.340000000001822,oracle,2.9557649068955483,0.3819653785078603,0.3819653785078603,0.3819653785078603,0.3819653785078603,0.3819653785078603,0.3819653785078603
16.36000000000181,oracle,2.9726455528360645,0.36423960912852715,0.36423960912852715,0.36423960912852715,0.36423960912852715,0.36423960912852715,0.36423960912852715
16.3800000000018,oracle,2.9949777574807186,0.34679607298149906,0.34679607298149906,0.34679607298149906,0.34679607298149906,0.34679607298149906,0.34679607298149906
16.40000000000179,oracle,2.9966074807952903,0.3304686981660343,0.3304686981660343,0.3304686981660343,0.3304686981660343,0.3304686981660343,0.3304686981660343
16.420000000001778,oracle,3.0147468716842023,0.3139391758192711,0.3139391758192711,0.3139391758192711,0.3139391758192711,0.3139391758192711,0.3139391758192711
16.440000000001767,oracle,3.0323043487462984,0.29686931195788985,0.29686931195788985,0.29686931195788985,0.29686931195788985,0.29686931195788985,0.29686931195788985
16.460000000001756,oracle,3.0420062105910266,0.2806095459326489,0.2806095459326489,0.2806095459326489,0.2806095459326489,0.2806095459326489,0.2806095459326489
16.480000000001745,oracle,3.052815351301109,0.2646571863326991,0.2646571863326991,0.2646571863326991,0.2646571863326991,0.2646571863326991,0.2646571863326991
16.500000000001734,oracle,3.0667988356458658,0.24894062891536645,0.24894062891536645,0.24894062891536645,0.24894062891536645,0.24894062891536645,0.24894062891536645
16.520000000001723,oracle,3.0720159992305405,0.23370735145374572,0.23370735145374572,0.23370735145374572,0.23370735145374572,0.23370735145374572,0.23370735145374572
16.54000000000171,oracle,3.0747382348199284,0.2189289723494204,0.2189289723494204,0.2189289723494204,0.2189289723494204,0.2189289723494204,0.2189289723494204
16.5600000000017,oracle,3.0694462435817376,0.2046302011143819,0.2046302011143819,0.2046302011143819,0.2046302011143819,0.2046302011143819,0.2046302011143819
16.58000000000169,oracle,3.0740652569275397,0.19015035073071188,0.19015035073071188,0.19015035073071188,0.19015035073071188,0.19015035073071188,0.19015035073071188
16.60000000000168,oracle,3.0802778051705872,0.1759147839197607,0.1759147839197607,0.1759147839197607,0.1759147839197607,0.1759147839197607,0.1759147839197607
16.620000000001667,oracle,3.0904225514856334,0.16190511295156174,0.16190511295156174,0.16190511295156174,0.16190511295156174,0.16190511295156174,0.16190511295156174
16.640000000001656,oracle,3.092154449221369,0.14833519835251105,0.14833519835251105,0.14833519835251105,0.14833519835251105,0.14833519835251105,0.14833519835251105
16.660000000001645,oracle,3.084886909116476,0.13531530850988766,0.13531530850988766,0.13531530850988766,0.13531530850988766,0.13531530850988766,0.13531530850988766
16.680000000001634,oracle,3.088097071367538,0.12214379865107898,0.12214379865107898,0.12214379865107898,0.12214379865107898,0.12214379865107898,0.12214379865107898
16.700000000001623,oracle,3.0974761871584366,0.10905161154799295,0.10905161154799295,0.10905161154799295,0.10905161154799295,0.10905161154799295,0.10905161154799295
16.720000000001612,oracle,3.103616048854143,0.09633308298390174,0.09633308298390174,0.09633308298390174,0.09633308298390174,0.09633308298390174,0.09633308298390174
16.7400000000016,oracle,3.0963762178767773,0.08419463642233191,0.08419463642233191,0.08419463642233191,0.08419463642233191,0.08419463642233191,0.08419463642233191
16.76000000000159,oracle,3.0995293116673284,0.0719516070394243,0.0719516070394243,0.0719516070394243,0.0719516070394243,0.0719516070394243,0.0719516070394243
16.78000000000158,oracle,3.108487507122023,0.05978974971240775,0.05978974971240775,0.05978974971240775,0.05978974971240775,0.05978974971240775,0.05978974971240775
16.800000000001567,oracle,3.114313505352876,0.04798012039480918,0.04798012039480918,0.04798012039480918,0.04798012039480918,0.04798012039480918,0.04798012039480918
16.820000000001556,oracle,3.106879060357676,0.03674509479894977,0.03674509479894977,0.03674509479894977,0.03674509479894977,0.03674509479894977,0.03674509479894977
16.840000000001545,oracle,3.1138524432679544,0.02519183030309477,0.02519183030309477,0.02519183030309477,0.02519183030309477,0.02519183030309477,0.02519183030309477
16.860000000001534,oracle,3.1262308387594957,0.013794765275159677,0.013794765275159677,0.013794765275159677,0.013794765275159677,0.013794765275159677,0.013794765275159677
16.880000000001523,oracle,3.1194962815516734,0.0030541085657499415,0.0030541085657499415,0.0030541085657499415,0.0030541085657499415,0.0030541085657499415,0.0030541085657499415
16.900000000001512,oracle,3.123190209361728,-0.007747718417355804,-0.007747718417355804,-0.007747718417355804,-0.007747718417355804,-0.007747718417355804,-0.007747718417355804
16.9200000000015,oracle,3.13726173696159,-0.018600851961191055,-0.018600851961191055,-0.018600851961191055,-0.018600851961191055,-0.018600851961191055,-0.018600851961191055
16.94000000000149,oracle,3.1307845253620274,-0.028786399295580346,-0.028786399295580346,-0.028786399295580346,-0.028786399295580346,-0.028786399295580346,-0.028786399295580346
16.96000000000148,oracle,3.138109419064284,-0.03921771934744101,-0.03921771934744101,-0.03921771934744101,-0.03921771934744101,-0.03921771934744101,-0.03921771934744101
16.980000000001468,oracle,3.150374575253347,-0.049487013379253486,-0.049487013379253486,-0.049487013379253486,-0.049487013379253486,-0.049487013379253486,-0.049487013379253486
17.000000000001457,oracle,3.1434415731224163,-0.059079817956642106,-0.059079817956642106,-0.059079817956642106,-0.059079817956642106,-0.059079817956642106,-0.059079817956642106
17.020000000001446,oracle,3.154109447241462,-0.0691310248822167,-0.0691310248822167,-0.0691310248822167,-0.0691310248822167,-0.0691310248822167,-0.0691310248822167
17.040000000001434,oracle,3.1640497982882234,-0.07884740944989939,-0.07884740944989939,-0.07884740944989939,-0.07884740944989939,-0.07884740944989939,-0.07884740944989939
17.060000000001423,oracle,3.161197848430112,-0.08816324305798592,-0.08816324305798592,-0.08816324305798592,-0.08816324305798592,-0.08816324305798592,-0.08816324305798592
17.080000000001412,oracle,3.17075688791648,-0.09766930387352017,-0.09766930387352017,-0.09766930387352017,-0.09766930387352017,-0.09766930387352017,-0.09766930387352017
17.1000000000014,oracle,3.1801401953876756,-0.10687101723190098,-0.10687101723190098,-0.10687101723190098,-0.10687101723190098,-0.10687101723190098,-0.10687101723190098
17.12000000000139,oracle,3.177036184486256,-0.11569551532184395,-0.11569551532184395,-0.11569551532184395,-0.11569551532184395,-0.11569551532184395,-0.11569551532184395
17.14000000000138,oracle,3.1953350893217163,-0.12500485437995143,-0.12500485437995143,-0.12500485437995143,-0.12500485437995143,-0.12500485437995143,-0.12500485437995143
17.160000000001368,oracle,3.188693135753589,-0.13346675088425683,-0.13346675088425683,-0.13346675088425683,-0.13346675088425683,-0.13346675088425683,-0.13346675088425683
17.180000000001357,oracle,3.202865940823524,-0.14244897214612737,-0.14244897214612737,-0.14244897214612737,-0.14244897214612737,-0.14244897214612737,-0.14244897214612737
17.200000000001346,oracle,3.2091309848715643,-0.1509178818428847,-0.1509178818428847,-0.1509178818428847,-0.1509178818428847,-0.1509178818428847,-0.1509178818428847
17.220000000001335,oracle,3.205577252262052,-0.1589639072955555,-0.1589639072955555,-0.1589639072955555,-0.1589639072955555,-0.1589639072955555,-0.1589639072955555
17.240000000001324,oracle,3.2233395070088107,-0.1675283635973385,-0.1675283635973385,-0.1675283635973385,-0.1675283635973385,-0.1675283635973385,-0.1675283635973385
17.260000000001313,oracle,3.2213913367041975,-0.1755567423291762,-0.1755567423291762,-0.1755567423291762,-0.1755567423291762,-0.1755567423291762,-0.1755567423291762
17.2800000000013,oracle,3.2395228262641544,-0.18394189304916597,-0.18394189304916597,-0.18394189304916597,-0.18394189304916597,-0.18394189304916597,-0.18394189304916597
17.30000000000129,oracle,3.2323336688886064,-0.1914382876212784,-0.1914382876212784,-0.1914382876212784,-0.1914382876212784,-0.1914382876212784,-0.1914382876212784
17.32000000000128,oracle,3.250824019072779,-0.19959238182059685,-0.19959238182059685,-0.19959238182059685,-0.19959238182059685,-0.19959238182059685,-0.19959238182059685
17.340000000001268,oracle,3.243960016031614,-0.20685062359831646,-0.20685062359831646,-0.20685062359831646,-0.20685062359831646,-0.20685062359831646,-0.20685062359831646
17.360000000001257,oracle,3.2624300316979027,-0.21476114642751712,-0.21476114642751712,-0.21476114642751712,-0.21476114642751712,-0.21476114642751712,-0.21476114642751712
17.380000000001246,oracle,3.2606412773369464,-0.2220642722993465,-0.2220642722993465,-0.2220642722993465,-0.2220642722993465,-0.2220642722993465,-0.2220642722993465
17.400000000001235,oracle,3.278382523339735,-0.22970926267752334,-0.22970926267752334,-0.22970926267752334,-0.22970926267752334,-0.22970926267752334,-0.22970926267752334
17.420000000001224,oracle,3.276113544496393,-0.23674615625056616,-0.23674615625056616,-0.23674615625056616,-0.23674615625056616,-0.23674615625056616,-0.23674615625056616
17.440000000001213,oracle,3.29331512878639,-0.2441412978678098,-0.2441412978678098,-0.2441412978678098,-0.2441412978678098,-0.2441412978678098,-0.2441412978678098
17.4600000000012,oracle,3.295474120942397,-0.25120088161325893,-0.25120088161325893,-0.25120088161325893,-0.25120088161325893,-0.25120088161325893,-0.25120088161325893
17.48000000000119,oracle,3.3115264405237848,-0.2583316554992439,-0.2583316554992439,-0.2583316554992439,-0.2583316554992439,-0.2583316554992439,-0.2583316554992439
17.50000000000118,oracle,3.3129554785785444,-0.2651259545069618,-0.2651259545069618,-0.2651259545069618,-0.2651259545069618,-0.2651259545069618,-0.2651259545069618
17.52000000000117,oracle,3.3282798543322363,-0.2720087196592861,-0.2720087196592861,-0.2720087196592861,-0.2720087196592861,-0.2720087196592861,-0.2720087196592861
17.540000000001157,oracle,3.332469913920816,-0.2787979569655759,-0.2787979569655759,-0.2787979569655759,-0.2787979569655759,-0.2787979569655759,-0.2787979569655759
17.560000000001146,oracle,3.346263307420102,-0.2854154024048465,-0.2854154024048465,-0.2854154024048465,-0.2854154024048465,-0.2854154024048465,-0.2854154024048465
17.580000000001135,oracle,3.3523823923848877,-0.29215511437268876,-0.29215511437268876,-0.29215511437268876,-0.29215511437268876,-0.29215511437268876,-0.29215511437268876
17.600000000001124,oracle,3.364191190033966,-0.298501644540159,-0.298501644540159,-0.298501644540159,-0.298501644540159,-0.298501644540159,-0.298501644540159
17.620000000001113,oracle,3.3695326240581305,-0.304977067473584,-0.304977067473584,-0.304977067473584,-0.304977067473584,-0.304977067473584,-0.304977067473584
17.640000000001102,oracle,3.380833231089394,-0.3110764136816864,-0.3110764136816864,-0.3110764136816864,-0.3110764136816864,-0.3110764136816864,-0.3110764136816864
17.66000000000109,oracle,3.3917542622262604,-0.3176950309850972,-0.3176950309850972,-0.3176950309850972,-0.3176950309850972,-0.3176950309850972,-0.3176950309850972
17.68000000000108,oracle,3.398406351228414,-0.32353246827452475,-0.32353246827452475,-0.32353246827452475,-0.32353246827452475,-0.32353246827452475,-0.32353246827452475
17.70000000000107,oracle,3.4085135323360074,-0.3298600286743909,-0.3298600286743909,-0.3298600286743909,-0.3298600286743909,-0.3298600286743909,-0.3298600286743909
17.720000000001058,oracle,3.414720422978826,-0.3354428683917274,-0.3354428683917274,-0.3354428683917274,-0.3354428683917274,-0.3354428683917274,-0.3354428683917274
17.740000000001046,oracle,3.433490675098645,-0.34184066725562146,-0.34184066725562146,-0.34184066725562146,-0.34184066725562146,-0.34184066725562146,-0.34184066725562146
17.760000000001035,oracle,3.423078213547407,-0.3470411040719744,-0.3470411040719744,-0.3470411040719744,-0.3470411040719744,-0.3470411040719744,-0.3470411040719744
17.780000000001024,oracle,3.4377661256969607,-0.3526466765012959,-0.3526466765012959,-0.3526466765012959,-0.3526466765012959,-0.3526466765012959,-0.3526466765012959
17.800000000001013,oracle,3.4534466353977615,-0.3588217629172926,-0.3588217629172926,-0.3588217629172926,-0.3588217629172926,-0.3588217629172926,-0.3588217629172926
17.820000000001002,oracle,3.4567168005109514,-0.3639424504550848,-0.3639424504550848,-0.3639424504550848,-0.3639424504550848,-0.3639424504550848,-0.3639424504550848
17.84000000000099,oracle,3.4751077404338804,-0.36979411622074837,-0.36979411622074837,-0.36979411622074837,-0.36979411622074837,-0.36979411622074837,-0.36979411622074837
17.86000000000098,oracle,3.468329121986993,-0.3747183723301381,-0.3747183723301381,-0.3747183723301381,-0.3747183723301381,-0.3747183723301381,-0.3747183723301381
17.88000000000097,oracle,3.4818229620148116,-0.3797480416671971,-0.3797480416671971,-0.3797480416671971,-0.3797480416671971,-0.3797480416671971,-0.3797480416671971
17.900000000000958,oracle,3.501774264430277,-0.38552117072005915,-0.38552117072005915,-0.38552117072005915,-0.38552117072005915,-0.38552117072005915,-0.38552117072005915
17.920000000000947,oracle,3.494735327304006,-0.39025678701551764,-0.39025678701551764,-0.39025678701551764,-0.39025678701551764,-0.39025678701551764,-0.39025678701551764
17.940000000000936,oracle,3.50800211314715,-0.3950203492863297,-0.3950203492863297,-0.3950203492863297,-0.3950203492863297,-0.3950203492863297,-0.3950203492863297
17.960000000000925,oracle,3.5277384265954743,-0.4005100756695109,-0.4005100756695109,-0.4005100756695109,-0.4005100756695109,-0.4005100756695109,-0.4005100756695109
17.980000000000913,oracle,3.5311581900309434,-0.40941539970604096,-0.40941539970604096,-0.40941539970604096,-0.40941539970604096,-0.40941539970604096,-0.40941539970604096
18.000000000000902,oracle,3.571801932627537,-0.4344470297666397,-0.4344470297666397,-0.4344470297666397,-0.4344470297666397,-0.4344470297666397,-0.4344470297666397
18.02000000000089,oracle,3.625077795457115,-0.4659768725211802,-0.4659768725211802,-0.4659768725211802,-0.4659768725211802,-0.4659768725211802,-0.4659768725211802
18.04000000000088,oracle,3.676999771986112,-0.4990872081060754,-0.4990872081060754,-0.4990872081060754,-0.4990872081060754,-0.4990872081060754,-0.4990872081060754
18.06000000000087,oracle,3.7005489616899414,-0.5311404815056746,-0.5311404815056746,-0.5311404815056746,-0.5311404815056746,-0.5311404815056746,-0.5311404815056746
18.080000000000858,oracle,3.7273605322189405,-0.5620118348417892,-0.5620118348417892,-0.5620118348417892,-0.5620118348417892,-0.5620118348417892,-0.5620118348417892
18.100000000000847,oracle,3.7593582398220504,-0.5934141588444644,-0.5934141588444644,-0.5934141588444644,-0.5934141588444644,-0.5934141588444644,-0.5934141588444644
18.120000000000836,oracle,3.7903784839949743,-0.6247578649391871,-0.6247578649391871,-0.6247578649391871,-0.6247578649391871,-0.6247578649391871,-0.6247578649391871
18.140000000000825,oracle,3.7890339885843844,-0.6542982405680663,-0.6542982405680663,-0.6542982405680663,-0.6542982405680663,-0.6542982405680663,-0.6542982405680663
18.160000000000814,oracle,3.8027494674643343,-0.6829771037991976,-0.6829771037991976,-0.6829771037991976,-0.6829771037991976,-0.6829771037991976,-0.6829771037991976
18.180000000000803,oracle,3.8239716198476073,-0.7122124437527837,-0.7122124437527837,-0.7122124437527837,-0.7122124437527837,-0.7122124437527837,-0.7122124437527837
18.20000000000079,oracle,3.8462491203845794,-0.7414120712235605,-0.7414120712235605,-0.7414120712235605,-0.7414120712235605,-0.7414120712235605,-0.7414120712235605
18.22000000000078,oracle,3.8370179462909357,-0.7688302954927098,-0.7688302954927098,-0.7688302954927098,-0.7688302954927098,-0.7688302954927098,-0.7688302954927098
18.24000000000077,oracle,3.8452832813466955,-0.7954375690549649,-0.7954375690549649,-0.7954375690549649,-0.7954375690549649,-0.7954375690549649,-0.7954375690549649
18.26000000000076,oracle,3.8621731419828604,-0.822667969366676,-0.822667969366676,-0.822667969366676,-0.822667969366676,-0.822667969366676,-0.822667969366676
18.280000000000747,oracle,3.880892114365649,-0.8499099071595729,-0.8499099071595729,-0.8499099071595729,-0.8499099071595729,-0.8499099071595729,-0.8499099071595729
18.300000000000736,oracle,3.8789343555854847,-0.8759746813298195,-0.8759746813298195,-0.8759746813298195,-0.8759746813298195,-0.8759746813298195,-0.8759746813298195
18.320000000000725,oracle,3.8811035969558314,-0.9005633325803328,-0.9005633325803328,-0.9005633325803328,-0.9005633325803328,-0.9005633325803328,-0.9005633325803328
18.340000000000714,oracle,3.8945863380215693,-0.925822409286166,-0.925822409286166,-0.925822409286166,-0.925822409286166,-0.925822409286166,-0.925822409286166
18.360000000000703,oracle,3.910714796312708,-0.9511913458206541,-0.9511913458206541,-0.9511913458206541,-0.9511913458206541,-0.9511913458206541,-0.9511913458206541
18.380000000000692,oracle,3.9269056319748366,-0.9763239698851103,-0.9763239698851103,-0.9763239698851103,-0.9763239698851103,-0.9763239698851103,-0.9763239698851103
18.40000000000068,oracle,3.9033584186394013,-0.9993638851111553,-0.9993638851111553,-0.9993638851111553,-0.9993638851111553,-0.9993638851111553,-0.9993638851111553
18.42000000000067,oracle,3.9076777219831027,-1.0219525617791403,-1.0219525617791403,-1.0219525617791403,-1.0219525617791403,-1.0219525617791403,-1.0219525617791403
18.44000000000066,oracle,3.9212879723372343,-1.0452085619720286,-1.0452085619720286,-1.0452085619720286,-1.0452085619720286,-1.0452085619720286,-1.0452085619720286
18.460000000000647,oracle,3.9372306698868385,-1.0685187879451292,-1.0685187879451292,-1.0685187879451292,-1.0685187879451292,-1.0685187879451292,-1.0685187879451292
18.480000000000636,oracle,3.953112895487402,-1.0915918212349283,-1.0915918212349283,-1.0915918212349283,-1.0915918212349283,-1.0915918212349283,-1.0915918212349283
18.500000000000625,oracle,3.936220546918115,-1.1128698784045568,-1.1128698784045568,-1.1128698784045568,-1.1128698784045568,-1.1128698784045568,-1.1128698784045568
18.520000000000614,oracle,3.9386922818199257,-1.1333347577998427,-1.1333347577998427,-1.1333347577998427,-1.1333347577998427,-1.1333347577998427,-1.1333347577998427
18.540000000000603,oracle,4.059795231751101,-1.1499216001993855,-1.1499216001993855,-1.1499216001993855,-1.1499216001993855,-1.1499216001993855,-1.1499216001993855
18.560000000000592,oracle,4.496200635253214,-1.162693299718795,-1.162693299718795,-1.162693299718795,-1.162693299718795,-1.162693299718795,-1.162693299718795
18.58000000000058,oracle,5.320935436685969,-1.1745656118929506,-1.1745656118929506,-1.1745656118929506,-1.1745656118929506,-1.1745656118929506,-1.1745656118929506
18.60000000000057,oracle,6.515013460750766,-1.1851202026867023,-1.1851202026867023,-1.1851202026867023,-1.1851202026867023,-1.1851202026867023,-1.1851202026867023
18.62000000000056,oracle,5.327350912108119,-1.194301550332878,-1.194301550332878,-1.194301550332878,-1.194301550332878,-1.194301550332878,-1.194301550332878
18.640000000000548,oracle,4.349548863838523,-1.2021766758343264,-1.2021766758343264,-1.2021766758343264,-1.2021766758343264,-1.2021766758343264,-1.2021766758343264
18.660000000000537,oracle,3.551125114291417,-1.2088984262962261,-1.2088984262962261,-1.2088984262962261,-1.2088984262962261,-1.2088984262962261,-1.2088984262962261
18.680000000000526,oracle,2.893678910582248,-1.2152243561954852,-1.2152243561954852,-1.2152243561954852,-1.2152243561954852,-1.2152243561954852,-1.2152243561954852
18.700000000000514,oracle,2.3759398406699552,-1.2212234355894627,-1.2212234355894627,-1.2212234355894627,-1.2212234355894627,-1.2212234355894627,-1.2212234355894627
18.720000000000503,oracle,1.9959350446450392,-1.2260679656843294,-1.2260679656843294,-1.2260679656843294,-1.2260679656843294,-1.2260679656843294,-1.2260679656843294
18.740000000000492,oracle,1.6767510931537788,-1.2303423349259854,-1.2303423349259854,-1.2303423349259854,-1.2303423349259854,-1.2303423349259854,-1.2303423349259854
18.76000000000048,oracle,1.5056318910718318,-1.2341003507176487,-1.2341003507176487,-1.2341003507176487,-1.2341003507176487,-1.2341003507176487,-1.2341003507176487
18.78000000000047,oracle,1.3494893972863808,-1.2374525818743385,-1.2374525818743385,-1.2374525818743385,-1.2374525818743385,-1.2374525818743385,-1.2374525818743385
18.80000000000046,oracle,1.3182041944749705,-1.240527170613848,-1.240527170613848,-1.240527170613848,-1.240527170613848,-1.240527170613848,-1.240527170613848
18.820000000000448,oracle,1.2429448704136092,-1.2432523204928911,-1.2432523204928911,-1.2432523204928911,-1.2432523204928911,-1.2432523204928911,-1.2432523204928911
18.840000000000437,oracle,1.2667440371286884,-1.2458201491549339,-1.2458201491549339,-1.2458201491549339,-1.2458201491549339,-1.2458201491549339,-1.2458201491549339
18.860000000000426,oracle,1.2226405162092542,-1.2480817474228396,-1.2480817474228396,-1.2480817474228396,-1.2480817474228396,-1.2480817474228396,-1.2480817474228396
18.880000000000415,oracle,1.2633147757039545,-1.2502582027622793,-1.2502582027622793,-1.2502582027622793,-1.2502582027622793,-1.2502582027622793,-1.2502582027622793
18.900000000000404,oracle,1.2286247845350313,-1.2521047594782986,-1.2521047594782986,-1.2521047594782986,-1.2521047594782986,-1.2521047594782986,-1.2521047594782986
18.920000000000393,oracle,1.3367797613608179,-1.251194504363002,-1.251194504363002,-1.251194504363002,-1.251194504363002,-1.251194504363002,-1.251194504363002
18.94000000000038,oracle,1.3818255053066564,-1.2477079256866557,-1.2477079256866557,-1.2477079256866557,-1.2477079256866557,-1.2477079256866557,-1.2477079256866557
18.96000000000037,oracle,1.6485631501955247,-1.2423675756683012,-1.2423675756683012,-1.2423675756683012,-1.2423675756683012,-1.2423675756683012,-1.2423675756683012
18.98000000000036,oracle,2.2913555261586436,-1.23512056334855,-1.23512056334855,-1.23512056334855,-1.23512056334855,-1.23512056334855,-1.23512056334855
19.000000000000348,oracle,3.3298528693243,-1.2265544813912714,-1.2265544813912714,-1.2265544813912714,-1.2265544813912714,-1.2265544813912714,-1.2265544813912714
19.020000000000337,oracle,4.8242423255875275,-1.2184170559979492,-1.2184170559979492,-1.2184170559979492,-1.2184170559979492,-1.2184170559979492,-1.2184170559979492
19.040000000000326,oracle,4.019059999601447,-1.2095013697420092,-1.2095013697420092,-1.2095013697420092,-1.2095013697420092,-1.2095013697420092,-1.2095013697420092
19.060000000000315,oracle,3.4099059142225956,-1.1980787932154984,-1.1980787932154984,-1.1980787932154984,-1.1980787932154984,-1.1980787932154984,-1.1980787932154984
19.080000000000304,oracle,3.0306457360213814,-1.185592046269866,-1.185592046269866,-1.185592046269866,-1.185592046269866,-1.185592046269866,-1.185592046269866
19.100000000000293,oracle,2.882023104398958,-1.1749713740491352,-1.1749713740491352,-1.1749713740491352,-1.1749713740491352,-1.1749713740491352,-1.1749713740491352
19.12000000000028,oracle,2.8373351232638457,-1.164656766816381,-1.164656766816381,-1.164656766816381,-1.164656766816381,-1.164656766816381,-1.164656766816381
19.14000000000027,oracle,2.846705176794603,-1.1545100213627535,-1.1545100213627535,-1.1545100213627535,-1.1545100213627535,-1.1545100213627535,-1.1545100213627535
19.16000000000026,oracle,2.8979147057928123,-1.1439862203282993,-1.1439862203282993,-1.1439862203282993,-1.1439862203282993,-1.1439862203282993,-1.1439862203282993
19.18000000000025,oracle,2.9661023991980175,-1.1341090628761499,-1.1341090628761499,-1.1341090628761499,-1.1341090628761499,-1.1341090628761499,-1.1341090628761499
19.200000000000237,oracle,3.0345430320352205,-1.1242108746070896,-1.1242108746070896,-1.1242108746070896,-1.1242108746070896,-1.1242108746070896,-1.1242108746070896
19.220000000000226,oracle,3.106207521081173,-1.1145874948870593,-1.1145874948870593,-1.1145874948870593,-1.1145874948870593,-1.1145874948870593,-1.1145874948870593
19.240000000000215,oracle,3.1606919896177477,-1.1052329524092874,-1.1052329524092874,-1.1052329524092874,-1.1052329524092874,-1.1052329524092874,-1.1052329524092874
19.260000000000204,oracle,3.2226343824945487,-1.0958067023337257,-1.0958067023337257,-1.0958067023337257,-1.0958067023337257,-1.0958067023337257,-1.0958067023337257
19.280000000000193,oracle,3.261534883214451,-1.0866970538271346,-1.0866970538271346,-1.0866970538271346,-1.0866970538271346,-1.0866970538271346,-1.0866970538271346
19.300000000000182,oracle,3.311598285227821,-1.0775374489015752,-1.0775374489015752,-1.0775374489015752,-1.0775374489015752,-1.0775374489015752,-1.0775374489015752
19.32000000000017,oracle,3.3365933911820074,-1.068716578367136,-1.068716578367136,-1.068716578367136,-1.068716578367136,-1.068716578367136,-1.068716578367136
19.34000000000016,oracle,3.376441768431034,-1.0598370470947966,-1.0598370470947966,-1.0598370470947966,-1.0598370470947966,-1.0598370470947966,-1.0598370470947966
19.36000000000015,oracle,3.3908154550060643,-1.0512950372265615,-1.0512950372265615,-1.0512950372265615,-1.0512950372265615,-1.0512950372265615,-1.0512950372265615
19.380000000000138,oracle,3.4229448829505404,-1.0426838005381576,-1.0426838005381576,-1.0426838005381576,-1.0426838005381576,-1.0426838005381576,-1.0426838005381576
19.400000000000126,oracle,3.4297223287775123,-1.0344116769821292,-1.0344116769821292,-1.0344116769821292,-1.0344116769821292,-1.0344116769821292,-1.0344116769821292
19.420000000000115,oracle,3.455785361074701,-1.0260833827483795,-1.0260833827483795,-1.0260833827483795,-1.0260833827483795,-1.0260833827483795,-1.0260833827483795
19.440000000000104,oracle,3.457174461304638,-1.0180877272862061,-1.0180877272862061,-1.0180877272862061,-1.0180877272862061,-1.0180877272862061,-1.0180877272862061
19.460000000000093,oracle,3.4790215974655596,-1.010036615983387,-1.010036615983387,-1.010036615983387,-1.010036615983387,-1.010036615983387,-1.010036615983387
19.480000000000082,oracle,3.476539922750789,-1.0023209349110591,-1.0023209349110591,-1.0023209349110591,-1.0023209349110591,-1.0023209349110591,-1.0023209349110591
19.50000000000007,oracle,3.49556559761784,-0.9945404571510711,-0.9945404571510711,-0.9945404571510711,-0.9945404571510711,-0.9945404571510711,-0.9945404571510711
19.52000000000006,oracle,3.490606913970473,-0.9870916717975857,-0.9870916717975857,-0.9870916717975857,-0.9870916717975857,-0.9870916717975857,-0.9870916717975857
19.54000000000005,oracle,3.5078602054591386,-0.9795648120943159,-0.9795648120943159,-0.9795648120943159,-0.9795648120943159,-0.9795648120943159,-0.9795648120943159
19.560000000000038,oracle,3.501369158402654,-0.9723705522502839,-0.9723705522502839,-0.9723705522502839,-0.9723705522502839,-0.9723705522502839,-0.9723705522502839
19.580000000000027,oracle,3.5175157072097334,-0.9650857493254198,-0.9650857493254198,-0.9650857493254198,-0.9650857493254198,-0.9650857493254198,-0.9650857493254198
19.600000000000016,oracle,3.516072236437086,-0.9578347913323145,-0.9578347913323145,-0.9578347913323145,-0.9578347913323145,-0.9578347913323145,-0.9578347913323145
19.620000000000005,oracle,3.5289030215383765,-0.9508613065566642,-0.9508613065566642,-0.9508613065566642,-0.9508613065566642,-0.9508613065566642,-0.9508613065566642
19.639999999999993,oracle,3.5258653942815763,-0.9438953014930588,-0.9438953014930588,-0.9438953014930588,-0.9438953014930588,-0.9438953014930588,-0.9438953014930588
19.659999999999982,oracle,3.537834894313213,-0.9371647093370835,-0.9371647093370835,-0.9371647093370835,-0.9371647093370835,-0.9371647093370835,-0.9371647093370835
19.67999999999997,oracle,3.540256489627739,-0.9301262710129001,-0.9301262710129001,-0.9301262710129001,-0.9301262710129001,-0.9301262710129001,-0.9301262710129001
19.69999999999996,oracle,3.548725922389872,-0.9236773431695096,-0.9236773431695096,-0.9236773431695096,-0.9236773431695096,-0.9236773431695096,-0.9236773431695096
19.71999999999995,oracle,3.5496431887437545,-0.916911057390364,-0.916911057390364,-0.916911057390364,-0.916911057390364,-0.916911057390364,-0.916911057390364
19.739999999999938,oracle,3.5574140743255347,-0.9106906616352194,-0.9106906616352194,-0.9106906616352194,-0.9106906616352194,-0.9106906616352194,-0.9106906616352194
19.759999999999927,oracle,3.564189529301838,-0.90385385711223,-0.90385385711223,-0.90385385711223,-0.90385385711223,-0.90385385711223,-0.90385385711223
19.779999999999916,oracle,3.5681407211168117,-0.8978847704296261,-0.8978847704296261,-0.8978847704296261,-0.8978847704296261,-0.8978847704296261,-0.8978847704296261
19.799999999999905,oracle,3.573414810213092,-0.8913111084969788,-0.8913111084969788,-0.8913111084969788,-0.8913111084969788,-0.8913111084969788,-0.8913111084969788
19.819999999999894,oracle,3.576797039555025,-0.8855585146905356,-0.8855585146905356,-0.8855585146905356,-0.8855585146905356,-0.8855585146905356,-0.8855585146905356
19.839999999999883,oracle,3.5880836858211835,-0.8789243749849166,-0.8789243749849166,-0.8789243749849166,-0.8789243749849166,-0.8789243749849166,-0.8789243749849166
19.85999999999987,oracle,3.587159606889683,-0.8733924528028438,-0.8733924528028438,-0.8733924528028438,-0.8733924528028438,-0.8733924528028438,-0.8733924528028438
19.87999999999986,oracle,3.612679387911462,-0.8665715229682401,-0.8665715229682401,-0.8665715229682401,-0.8665715229682401,-0.8665715229682401,-0.8665715229682401
19.89999999999985,oracle,3.5995712194240395,-0.8612202667124521,-0.8612202667124521,-0.8612202667124521,-0.8612202667124521,-0.8612202667124521,-0.8612202667124521
19.91999999999984,oracle,3.6221971181587485,-0.8547276196046057,-0.8547276196046057,-0.8547276196046057,-0.8547276196046057,-0.8547276196046057,-0.8547276196046057
19.939999999999827,oracle,3.5978017584096467,-0.8498739918070543,-0.8498739918070543,-0.8498739918070543,-0.8498739918070543,-0.8498739918070543,-0.8498739918070543
19.959999999999816,oracle,3.6127961909815896,-0.8442643727741435,-0.8442643727741435,-0.8442643727741435,-0.8442643727741435,-0.8442643727741435,-0.8442643727741435
19.979999999999805,oracle,3.6188771460263696,-0.8382930070505148,-0.8382930070505148,-0.8382930070505148,-0.8382930070505148,-0.8382930070505148,-0.8382930070505148
19.999999999999794,oracle,3.621965991038239,-0.8332605208121341,-0.8332605208121341,-0.8332605208121341,-0.8332605208121341,-0.8332605208121341,-0.8332605208121341
20.019999999999783,oracle,3.646216297514265,-0.8270244190383943,-0.8270244190383943,-0.8270244190383943,-0.8270244190383943,-0.8270244190383943,-0.8270244190383943
20.03999999999977,oracle,3.6224762216638533,-0.8225464398497745,-0.8225464398497745,-0.8225464398497745,-0.8225464398497745,-0.8225464398497745,-0.8225464398497745
20.05999999999976,oracle,3.637212389668251,-0.8173642964381621,-0.8173642964381621,-0.8173642964381621,-0.8173642964381621,-0.8173642964381621,-0.8173642964381621
20.07999999999975,oracle,3.655412079560695,-0.8113515188827306,-0.8113515188827306,-0.8113515188827306,-0.8113515188827306,-0.8113515188827306,-0.8113515188827306
20.09999999999974,oracle,3.6486833085499595,-0.8067780508260529,-0.8067780508260529,-0.8067780508260529,-0.8067780508260529,-0.8067780508260529,-0.8067780508260529
20.119999999999727,oracle,3.6701162193623533,-0.8011098952946627,-0.8011098952946627,-0.8011098952946627,-0.8011098952946627,-0.8011098952946627,-0.8011098952946627
20.139999999999716,oracle,3.652364304877801,-0.7968113676776358,-0.7968113676776358,-0.7968113676776358,-0.7968113676776358,-0.7968113676776358,-0.7968113676776358
20.159999999999705,oracle,3.6647397466301723,-0.7921722973641802,-0.7921722973641802,-0.7921722973641802,-0.7921722973641802,-0.7921722973641802,-0.7921722973641802
20.179999999999694,oracle,3.6892929864575663,-0.7864569274171255,-0.7864569274171255,-0.7864569274171255,-0.7864569274171255,-0.7864569274171255,-0.7864569274171255
20.199999999999683,oracle,3.6657086900876887,-0.7825749724797781,-0.7825749724797781,-0.7825749724797781,-0.7825749724797781,-0.7825749724797781,-0.7825749724797781
20.219999999999672,oracle,3.679381384767511,-0.778052085505291,-0.778052085505291,-0.778052085505291,-0.778052085505291,-0.778052085505291,-0.778052085505291
20.23999999999966,oracle,3.703835405870709,-0.7725352350737944,-0.7725352350737944,-0.7725352350737944,-0.7725352350737944,-0.7725352350737944,-0.7725352350737944
20.25999999999965,oracle,3.6805480045711114,-0.7688644483169043,-0.7688644483169043,-0.7688644483169043,-0.7688644483169043,-0.7688644483169043,-0.7688644483169043
20.27999999999964,oracle,3.694158251852736,-0.7645737500694085,-0.7645737500694085,-0.7645737500694085,-0.7645737500694085,-0.7645737500694085,-0.7645737500694085
20.299999999999628,oracle,3.718164278655884,-0.7593080099457837,-0.7593080099457837,-0.7593080099457837,-0.7593080099457837,-0.7593080099457837,-0.7593080099457837
20.319999999999617,oracle,3.7015243900363495,-0.7555844517041803,-0.7555844517041803,-0.7555844517041803,-0.7555844517041803,-0.7555844517041803,-0.7555844517041803
20.339999999999606,oracle,3.713375685873003,-0.7516234175609456,-0.7516234175609456,-0.7516234175609456,-0.7516234175609456,-0.7516234175609456,-0.7516234175609456
20.359999999999594,oracle,3.7360673553959,-0.7466541896420044,-0.7466541896420044,-0.7466541896420044,-0.7466541896420044,-0.7466541896420044,-0.7466541896420044
20.379999999999583,oracle,3.725506076220141,-0.7428939638986222,-0.7428939638986222,-0.7428939638986222,-0.7428939638986222,-0.7428939638986222,-0.7428939638986222
20.399999999999572,oracle,3.7349685667061534,-0.7392574942941978,-0.7392574942941978,-0.7392574942941978,-0.7392574942941978,-0.7392574942941978,-0.7392574942941978
20.41999999999956,oracle,3.756004605939988,-0.7345839786113947,-0.7345839786113947,-0.7345839786113947,-0.7345839786113947,-0.7345839786113947,-0.7345839786113947
20.43999999999955,oracle,3.7445547844994858,-0.7310780015613683,-0.7310780015613683,-0.7310780015613683,-0.7310780015613683,-0.7310780015613683,-0.7310780015613683
20.45999999999954,oracle,3.753145304040303,-0.7276765921643872,-0.7276765921643872,-0.7276765921643872,-0.7276765921643872,-0.7276765921643872,-0.7276765921643872
20.479999999999528,oracle,3.7733572857984266,-0.7232389441403998,-0.7232389441403998,-0.7232389441403998,-0.7232389441403998,-0.7232389441403998,-0.7232389441403998
20.499999999999517,oracle,3.766447258835014,-0.7196782366671759,-0.7196782366671759,-0.7196782366671759,-0.7196782366671759,-0.7196782366671759,-0.7196782366671759
20.519999999999506,oracle,3.772282142119269,-0.7165862664911387,-0.7165862664911387,-0.7165862664911387,-0.7165862664911387,-0.7165862664911387,-0.7165862664911387
20.539999999999495,oracle,3.7913595407090503,-0.7124195472581581,-0.7124195472581581,-0.7124195472581581,-0.7124195472581581,-0.7124195472581581,-0.7124195472581581
20.559999999999484,oracle,3.7886972774222687,-0.7088059076143263,-0.7088059076143263,-0.7088059076143263,-0.7088059076143263,-0.7088059076143263,-0.7088059076143263
20.579999999999472,oracle,3.791245480767412,-0.7060038186369716,-0.7060038186369716,-0.7060038186369716,-0.7060038186369716,-0.7060038186369716,-0.7060038186369716
20.59999999999946,oracle,3.809208835446281,-0.7020990406550516,-0.7020990406550516,-0.7020990406550516,-0.7020990406550516,-0.7020990406550516,-0.7020990406550516
20.61999999999945,oracle,3.8110152936324484,-0.6984272384313978,-0.6984272384313978,-0.6984272384313978,-0.6984272384313978,-0.6984272384313978,-0.6984272384313978
20.63999999999944,oracle,3.8096372742266023,-0.6958890814764805,-0.6958890814764805,-0.6958890814764805,-0.6958890814764805,-0.6958890814764805,-0.6958890814764805
20.659999999999428,oracle,3.8265299313565073,-0.692236944926463,-0.692236944926463,-0.692236944926463,-0.692236944926463,-0.692236944926463,-0.692236944926463
20.679999999999417,oracle,3.833444546109408,-0.6885123366099609,-0.6885123366099609,-0.6885123366099609,-0.6885123366099609,-0.6885123366099609,-0.6885123366099609
20.699999999999406,oracle,3.827331641942536,-0.6862147147766001,-0.6862147147766001,-0.6862147147766001,-0.6862147147766001,-0.6862147147766001,-0.6862147147766001
20.719999999999395,oracle,3.8432014783606427,-0.6828111390127722,-0.6828111390127722,-0.6828111390127722,-0.6828111390127722,-0.6828111390127722,-0.6828111390127722
20.739999999999384,oracle,3.8560781982961467,-0.6790487785318134,-0.6790487785318134,-0.6790487785318134,-0.6790487785318134,-0.6790487785318134,-0.6790487785318134
20.759999999999373,oracle,3.844221792358262,-0.6769640153441868,-0.6769640153441868,-0.6769640153441868,-0.6769640153441868,-0.6769640153441868,-0.6769640153441868
20.77999999999936,oracle,3.859110465866465,-0.6738049669249633,-0.6738049669249633,-0.6738049669249633,-0.6738049669249633,-0.6738049669249633,-0.6738049669249633
20.79999999999935,oracle,3.8791120422849734,-0.6700292115416897,-0.6700292115416897,-0.6700292115416897,-0.6700292115416897,-0.6700292115416897,-0.6700292115416897
20.81999999999934,oracle,3.8604398908606212,-0.6681297263982676,-0.6681297263982676,-0.6681297263982676,-0.6681297263982676,-0.6681297263982676,-0.6681297263982676
20.83999999999933,oracle,3.874224693791127,-0.6652226420679759,-0.6652226420679759,-0.6652226420679759,-0.6652226420679759,-0.6652226420679759,-0.6652226420679759
20.859999999999317,oracle,3.8933568635640383,-0.6616453681349043,-0.6616453681349043,-0.6616453681349043,-0.6616453681349043,-0.6616453681349043,-0.6616453681349043
20.879999999999306,oracle,3.8642454812321954,-0.6600127499033069,-0.6600127499033069,-0.6600127499033069,-0.6600127499033069,-0.6600127499033069,-0.6600127499033069
20.899999999999295,oracle,3.874960824790256,-0.6576152139366137,-0.6576152139366137,-0.6576152139366137,-0.6576152139366137,-0.6576152139366137,-0.6576152139366137
20.919999999999284,oracle,3.8933310101847973,-0.6543434813793623,-0.6543434813793623,-0.6543434813793623,-0.6543434813793623,-0.6543434813793623,-0.6543434813793623
20.939999999999273,oracle,3.893569453305879,-0.6514719405370287,-0.6514719405370287,-0.6514719405370287,-0.6514719405370287,-0.6514719405370287,-0.6514719405370287
20.959999999999262,oracle,3.8904654563490935,-0.6498952958162604,-0.6498952958162604,-0.6498952958162604,-0.6498952958162604,-0.6498952958162604,-0.6498952958162604
20.97999999999925,oracle,3.9051972545092966,-0.6471579747460918,-0.6471579747460918,-0.6471579747460918,-0.6471579747460918,-0.6471579747460918,-0.6471579747460918
20.99999999999924,oracle,3.916160948642952,-0.6440522641389527,-0.6440522641389527,-0.6440522641389527,-0.6440522641389527,-0.6440522641389527,-0.6440522641389527
21.01999999999923,oracle,3.903017044171334,-0.6427504041511648,-0.6427504041511648,-0.6427504041511648,-0.6427504041511648,-0.6427504041511648,-0.6427504041511648
21.039999999999218,oracle,3.915929738678119,-0.6403106152713082,-0.6403106152713082,-0.6403106152713082,-0.6403106152713082,-0.6403106152713082,-0.6403106152713082
21.059999999999206,oracle,3.9260657895508477,-0.6373977175209631,-0.6373977175209631,-0.6373977175209631,-0.6373977175209631,-0.6373977175209631,-0.6373977175209631
21.079999999999195,oracle,3.912680058205474,-0.6362792332523323,-0.6362792332523323,-0.6362792332523323,-0.6362792332523323,-0.6362792332523323,-0.6362792332523323
21.099999999999184,oracle,3.925100319622927,-0.633983310357168,-0.633983310357168,-0.633983310357168,-0.633983310357168,-0.633983310357168,-0.633983310357168
21.119999999999173,oracle,3.9348280656605703,-0.6311857615180312,-0.6311857615180312,-0.6311857615180312,-0.6311857615180312,-0.6311857615180312,-0.6311857615180312
21.139999999999162,oracle,3.921148831002094,-0.6302186167953401,-0.6302186167953401,-0.6302186167953401,-0.6302186167953401,-0.6302186167953401,-0.6302186167953401
21.15999999999915,oracle,3.933042093102271,-0.6280453629314927,-0.6280453629314927,-0.6280453629314927,-0.6280453629314927,-0.6280453629314927,-0.6280453629314927
21.17999999999914,oracle,3.935922172362432,-0.6256005051432213,-0.6256005051432213,-0.6256005051432213,-0.6256005051432213,-0.6256005051432213,-0.6256005051432213
21.19999999999913,oracle,3.9271789446239476,-0.6247362254883044,-0.6247362254883044,-0.6247362254883044,-0.6247362254883044,-0.6247362254883044,-0.6247362254883044
21.219999999999118,oracle,3.9391209547405515,-0.6225829819569156,-0.6225829819569156,-0.6225829819569156,-0.6225829819569156,-0.6225829819569156,-0.6225829819569156
21.239999999999107,oracle,3.9360736915855727,-0.6204719571467996,-0.6204719571467996,-0.6204719571467996,-0.6204719571467996,-0.6204719571467996,-0.6204719571467996
21.259999999999096,oracle,3.9303761375571566,-0.619666152424121,-0.619666152424121,-0.619666152424121,-0.619666152424121,-0.619666152424121,-0.619666152424121
21.279999999999085,oracle,3.9421748930340614,-0.6175106446020262,-0.6175106446020262,-0.6175106446020262,-0.6175106446020262,-0.6175106446020262,-0.6175106446020262
21.299999999999073,oracle,3.933165291888356,-0.6157362066375743,-0.6157362066375743,-0.6157362066375743,-0.6157362066375743,-0.6157362066375743,-0.6157362066375743
21.319999999999062,oracle,3.929387087757398,-0.61495122644028,-0.61495122644028,-0.61495122644028,-0.61495122644028,-0.61495122644028,-0.61495122644028
21.33999999999905,oracle,3.9408814208461784,-0.6127724945363126,-0.6127724945363126,-0.6127724945363126,-0.6127724945363126,-0.6127724945363126,-0.6127724945363126
21.35999999999904,oracle,3.920427535883197,-0.6112330979770254,-0.6112330979770254,-0.6112330979770254,-0.6112330979770254,-0.6112330979770254,-0.6112330979770254
21.37999999999903,oracle,3.94903932723429,-0.5943231515071222,-0.5943231515071222,-0.5943231515071222,-0.5943231515071222,-0.5943231515071222,-0.5943231515071222
21.399999999999018,oracle,4.008580759918194,-0.5663417985946883,-0.5663417985946883,-0.5663417985946883,-0.5663417985946883,-0.5663417985946883,-0.5663417985946883
21.419999999999007,oracle,4.03873119376806,-0.5370801528384712,-0.5370801528384712,-0.5370801528384712,-0.5370801528384712,-0.5370801528384712,-0.5370801528384712
21.439999999998996,oracle,3.9291369505870257,-0.510594925254517,-0.510594925254517,-0.510594925254517,-0.510594925254517,-0.510594925254517,-0.510594925254517
21.459999999998985,oracle,4.127741754488357,-0.4849585249527695,-0.4849585249527695,-0.4849585249527695,-0.4849585249527695,-0.4849585249527695,-0.4849585249527695
21.479999999998974,oracle,4.55878718979823,-0.4637069106952584,-0.4637069106952584,-0.4637069106952584,-0.4637069106952584,-0.4637069106952584,-0.4637069106952584
21.499999999998963,oracle,5.203658865134237,-0.4467793625857458,-0.4467793625857458,-0.4467793625857458,-0.4467793625857458,-0.4467793625857458,-0.4467793625857458
21.51999999999895,oracle,6.0314772133940755,-0.4348918011983817,-0.4348918011983817,-0.4348918011983817,-0.4348918011983817,-0.4348918011983817,-0.4348918011983817
21.53999999999894,oracle,5.268294243405331,-0.4260617307459108,-0.4260617307459108,-0.4260617307459108,-0.4260617307459108,-0.4260617307459108,-0.4260617307459108
21.55999999999893,oracle,4.769263353468842,-0.4182369531115504,-0.4182369531115504,-0.4182369531115504,-0.4182369531115504,-0.4182369531115504,-0.4182369531115504
21.57999999999892,oracle,4.46590038882131,-0.4107788622805975,-0.4107788622805975,-0.4107788622805975,-0.4107788622805975,-0.4107788622805975,-0.4107788622805975
21.599999999998907,oracle,4.296019416662921,-0.40351187701067837,-0.40351187701067837,-0.40351187701067837,-0.40351187701067837,-0.40351187701067837,-0.40351187701067837
21.619999999998896,oracle,4.2111574488670875,-0.39638728977711857,-0.39638728977711857,-0.39638728977711857,-0.39638728977711857,-0.39638728977711857,-0.39638728977711857
21.639999999998885,oracle,4.177270027029397,-0.38939090693626377,-0.38939090693626377,-0.38939090693626377,-0.38939090693626377,-0.38939090693626377,-0.38939090693626377
21.659999999998874,oracle,4.172132441945491,-0.38251776825291095,-0.38251776825291095,-0.38251776825291095,-0.38251776825291095,-0.38251776825291095,-0.38251776825291095
21.679999999998863,oracle,4.181982012182775,-0.37576529042479356,-0.37576529042479356,-0.37576529042479356,-0.37576529042479356,-0.37576529042479356,-0.37576529042479356
21.69999999999885,oracle,4.1986446203991115,-0.3691314476861274,-0.3691314476861274,-0.3691314476861274,-0.3691314476861274,-0.3691314476861274,-0.3691314476861274
21.71999999999884,oracle,4.217458961364746,-0.3626143147654562,-0.3626143147654562,-0.3626143147654562,-0.3626143147654562,-0.3626143147654562,-0.3626143147654562
21.73999999999883,oracle,4.235901094759518,-0.3562119690016058,-0.3562119690016058,-0.3562119690016058,-0.3562119690016058,-0.3562119690016058,-0.3562119690016058
21.75999999999882,oracle,4.252714776194181,-0.3499224811698613,-0.3499224811698613,-0.3499224811698613,-0.3499224811698613,-0.3499224811698613,-0.3499224811698613
21.779999999998807,oracle,4.267376179564928,-0.34374392425064837,-0.34374392425064837,-0.34374392425064837,-0.34374392425064837,-0.34374392425064837,-0.34374392425064837
21.799999999998796,oracle,4.279770171669974,-0.3376743829951667,-0.3376743829951667,-0.3376743829951667,-0.3376743829951667,-0.3376743829951667,-0.3376743829951667
21.819999999998785,oracle,4.289997405748648,-0.33171196104953904,-0.33171196104953904,-0.33171196104953904,-0.33171196104953904,-0.33171196104953904,-0.33171196104953904
21.839999999998774,oracle,4.298261295790517,-0.3258547856904987,-0.3258547856904987,-0.3258547856904987,-0.3258547856904987,-0.3258547856904987,-0.3258547856904987
21.859999999998763,oracle,4.304803354099234,-0.32010101079307457,-0.32010101079307457,-0.32010101079307457,-0.32010101079307457,-0.32010101079307457,-0.32010101079307457
21.879999999998752,oracle,4.309867569525933,-0.31444881859185586,-0.31444881859185586,-0.31444881859185586,-0.31444881859185586,-0.31444881859185586,-0.31444881859185586
21.89999999999874,oracle,4.313682034376605,-0.3088964206435317,-0.3088964206435317,-0.3088964206435317,-0.3088964206435317,-0.3088964206435317,-0.3088964206435317
21.91999999999873,oracle,4.3164506474273185,-0.30344205826739024,-0.30344205826739024,-0.30344205826739024,-0.30344205826739024,-0.30344205826739024,-0.30344205826739024
21.93999999999872,oracle,4.3183505487972,-0.2980840026470739,-0.2980840026470739,-0.2980840026470739,-0.2980840026470739,-0.2980840026470739,-0.2980840026470739
21.959999999998708,oracle,4.319532673789109,-0.2928205547138838,-0.2928205547138838,-0.2928205547138838,-0.2928205547138838,-0.2928205547138838,-0.2928205547138838
21.979999999998697,oracle,4.320123872407674,-0.2876500448903595,-0.2876500448903595,-0.2876500448903595,-0.2876500448903595,-0.2876500448903595,-0.2876500448903595
21.999999999998685,oracle,4.320229688560203,-0.28257083274559053,-0.28257083274559053,-0.28257083274559053,-0.28257083274559053,-0.28257083274559053,-0.28257083274559053
22.019999999998674,oracle,4.319937286717387,-0.2775813065958493,-0.2775813065958493,-0.2775813065958493,-0.2775813065958493,-0.2775813065958493,-0.2775813065958493
22.039999999998663,oracle,4.31931825131804,-0.2726798830725056,-0.2726798830725056,-0.2726798830725056,-0.2726798830725056,-0.2726798830725056,-0.2726798830725056
22.059999999998652,oracle,4.318431125558347,-0.26786500667150664,-0.26786500667150664,-0.26786500667150664,-0.26786500667150664,-0.26786500667150664,-0.26786500667150664
22.07999999999864,oracle,4.317323638432272,-0.26313514929376086,-0.26313514929376086,-0.26313514929376086,-0.26313514929376086,-0.26313514929376086,-0.26313514929376086
22.09999999999863,oracle,4.316034615009912,-0.25848880978245375,-0.25848880978245375,-0.25848880978245375,-0.25848880978245375,-0.25848880978245375,-0.25848880978245375
22.11999999999862,oracle,4.3145955892458,-0.2539245134612147,-0.2539245134612147,-0.2539245134612147,-0.2539245134612147,-0.2539245134612147,-0.2539245134612147
22.139999999998608,oracle,4.313032149923577,-0.2494408116756451,-0.2494408116756451,-0.2494408116756451,-0.2494408116756451,-0.2494408116756451,-0.2494408116756451
22.159999999998597,oracle,4.311365054124905,-0.24503628133979666,-0.24503628133979666,-0.24503628133979666,-0.24503628133979666,-0.24503628133979666,-0.24503628133979666
22.179999999998586,oracle,4.3096111422453856,-0.24070952448860497,-0.24070952448860497,-0.24070952448860497,-0.24070952448860497,-0.24070952448860497,-0.24070952448860497
22.199999999998575,oracle,4.307784086007185,-0.23645916783687404,-0.23645916783687404,-0.23645916783687404,-0.23645916783687404,-0.23645916783687404,-0.23645916783687404
22.219999999998564,oracle,4.305894997464291,-0.2322838623451659,-0.2322838623451659,-0.2322838623451659,-0.2322838623451659,-0.2322838623451659,-0.2322838623451659
22.239999999998552,oracle,4.303952923215822,-0.22818228279277664,-0.22818228279277664,-0.22818228279277664,-0.22818228279277664,-0.22818228279277664,-0.22818228279277664
22.25999999999854,oracle,4.301965244430979,-0.224153127357876,-0.224153127357876,-0.224153127357876,-0.224153127357876,-0.224153127357876,-0.224153127357876
22.27999999999853,oracle,4.299937999971627,-0.2201951172048094,-0.2201951172048094,-0.2201951172048094,-0.2201951172048094,-0.2201951172048094,-0.2201951172048094
22.29999999999852,oracle,4.297876146959731,-0.2163069960785259,-0.2163069960785259,-0.2163069960785259,-0.2163069960785259,-0.2163069960785259,-0.2163069960785259
22.319999999998508,oracle,4.295783770635866,-0.2124875299060615,-0.2124875299060615,-0.2124875299060615,-0.2124875299060615,-0.2124875299060615,-0.2124875299060615
22.339999999998497,oracle,4.2936642532015155,-0.20873550640498795,-0.20873550640498795,-0.20873550640498795,-0.20873550640498795,-0.20873550640498795,-0.20873550640498795
22.359999999998486,oracle,4.291520409554142,-0.20504973469873175,-0.20504973469873175,-0.20504973469873175,-0.20504973469873175,-0.20504973469873175,-0.20504973469873175
22.379999999998475,oracle,4.289354596357396,-0.20142904493865407,-0.20142904493865407,-0.20142904493865407,-0.20142904493865407,-0.20142904493865407,-0.20142904493865407
22.399999999998464,oracle,4.287168799641092,-0.19787228793278505,-0.19787228793278505,-0.19787228793278505,-0.19787228793278505,-0.19787228793278505,-0.19787228793278505
22.419999999998453,oracle,4.284964705155388,-0.19437833478110073,-0.19437833478110073,-0.19437833478110073,-0.19437833478110073,-0.19437833478110073,-0.19437833478110073
22.43999999999844,oracle,4.282743754864069,-0.19094607651723022,-0.19094607651723022,-0.19094607651723022,-0.19094607651723022,-0.19094607651723022,-0.19094607651723022
22.45999999999843,oracle,4.280507192325669,-0.18757442375648814,-0.18757442375648814,-0.18757442375648814,-0.18757442375648814,-0.18757442375648814,-0.18757442375648814
22.47999999999842,oracle,4.278256099155683,-0.18426230635011343,-0.18426230635011343,-0.18426230635011343,-0.18426230635011343,-0.18426230635011343,-0.18426230635011343
22.49999999999841,oracle,4.275991424335194,-0.1810086730456136,-0.1810086730456136,-0.1810086730456136,-0.1810086730456136,-0.1810086730456136,-0.1810086730456136
22.519999999998397,oracle,4.273714007795777,-0.17781249115310527,-0.17781249115310527,-0.17781249115310527,-0.17781249115310527,-0.17781249115310527,-0.17781249115310527
22.539999999998386,oracle,4.271424599405767,-0.17467274621754408,-0.17467274621754408,-0.17467274621754408,-0.17467274621754408,-0.17467274621754408,-0.17467274621754408
22.559999999998375,oracle,4.269123874281334,-0.17158844169674226,-0.17158844169674226,-0.17158844169674226,-0.17158844169674226,-0.17158844169674226,-0.17158844169674226
22.579999999998364,oracle,4.266812445147937,-0.16855859864507114,-0.16855859864507114,-0.16855859864507114,-0.16855859864507114,-0.16855859864507114,-0.16855859864507114
22.599999999998353,oracle,4.264490872335725,-0.1655822554027484,-0.1655822554027484,-0.1655822554027484,-0.1655822554027484,-0.1655822554027484,-0.1655822554027484
22.619999999998342,oracle,4.262159671885777,-0.16265846729061142,-0.16265846729061142,-0.16265846729061142,-0.16265846729061142,-0.16265846729061142,-0.16265846729061142
22.63999999999833,oracle,4.259819322128604,-0.15978630631028057,-0.15978630631028057,-0.15978630631028057,-0.15978630631028057,-0.15978630631028057,-0.15978630631028057
22.65999999999832,oracle,4.257470269050967,-0.15696486084961594,-0.15696486084961594,-0.15696486084961594,-0.15696486084961594,-0.15696486084961594,-0.15696486084961594
22.67999999999831,oracle,4.255112930678626,-0.15419323539337618,-0.15419323539337618,-0.15419323539337618,-0.15419323539337618,-0.15419323539337618,-0.15419323539337618
22.699999999998298,oracle,4.252747700671911,-0.15147055023898512,-0.15147055023898512,-0.15147055023898512,-0.15147055023898512,-0.15147055023898512,-0.15147055023898512
22.719999999998286,oracle,4.250374951287688,-0.1487959412173178,-0.1487959412173178,-0.1487959412173178,-0.1487959412173178,-0.1487959412173178,-0.1487959412173178
22.739999999998275,oracle,4.247995035834121,-0.1461685594184173,-0.1461685594184173,-0.1461685594184173,-0.1461685594184173,-0.1461685594184173,-0.1461685594184173
22.759999999998264,oracle,4.245608290707335,-0.14358757092205393,-0.14358757092205393,-0.14358757092205393,-0.14358757092205393,-0.14358757092205393,-0.14358757092205393
22.779999999998253,oracle,4.243215037099236,-0.14105215653304198,-0.14105215653304198,-0.14105215653304198,-0.14105215653304198,-0.14105215653304198,-0.14105215653304198
22.799999999998242,oracle,4.2408155824319005,-0.1385615115212313,-0.1385615115212313,-0.1385615115212313,-0.1385615115212313,-0.1385615115212313,-0.1385615115212313
22.81999999999823,oracle,4.238410221576782,-0.1361148453660884,-0.1361148453660884,-0.1361148453660884,-0.1361148453660884,-0.1361148453660884,-0.1361148453660884
22.83999999999822,oracle,4.235999237891708,-0.13371138150578904,-0.13371138150578904,-0.13371138150578904,-0.13371138150578904,-0.13371138150578904,-0.13371138150578904
22.85999999999821,oracle,4.233582904109859,-0.1313503570907408,-0.1313503570907408,-0.1313503570907408,-0.1313503570907408,-0.1313503570907408,-0.1313503570907408
22.879999999998198,oracle,4.2311614831134134,-0.12903102274145753,-0.12903102274145753,-0.12903102274145753,-0.12903102274145753,-0.12903102274145753,-0.12903102274145753
22.899999999998187,oracle,4.228735228605249,-0.12675264231070835,-0.12675264231070835,-0.12675264231070835,-0.12675264231070835,-0.12675264231070835,-0.12675264231070835
22.919999999998176,oracle,4.22630438569993,-0.12451449264986948,-0.12451449264986948,-0.12451449264986948,-0.12451449264986948,-0.12451449264986948,-0.12451449264986948
22.939999999998165,oracle,4.3220709300471265,-0.12231586337939884,-0.12231586337939884,-0.12231586337939884,-0.12231586337939884,-0.12231586337939884,-0.12231586337939884
22.959999999998153,oracle,4.540490466253363,-0.12015605666336421,-0.12015605666336421,-0.12015605666336421,-0.12015605666336421,-0.12015605666336421,-0.12015605666336421
22.979999999998142,oracle,4.861072846783073,-0.11803438698795338,-0.11803438698795338,-0.11803438698795338,-0.11803438698795338,-0.11803438698795338,-0.11803438698795338
22.99999999999813,oracle,5.266559307819975,-0.1159501809438946,-0.1159501809438946,-0.1159501809438946,-0.1159501809438946,-0.1159501809438946,-0.1159501809438946
