t_capture_s,n_markers_valid,pose_valid,pos_err_mm,rot_err_deg,true_yaw_deg,est_yaw_deg
0.0,4,True,0.06915509346933307,0.02968207747930331,-3.7026644631949223e-17,0.006465516429192234
0.004166666666666667,4,True,0.10535861353774757,0.01817745257464869,-3.7026644631949223e-17,-0.004418669710478914
0.008333333333333333,4,True,0.1402205606075474,0.056385599890468444,-3.7026644631949223e-17,-0.00038507161247017713
0.0125,4,True,0.11765008761271607,0.038192460866362715,-3.7026644631949223e-17,-0.02578716411637275
0.016666666666666666,4,True,0.1011706882100613,0.019756390825187712,-3.7026644631949223e-17,-7.664146077510706e-05
0.020833333333333332,4,True,0.14169939600259135,0.026663787402215314,-3.7026644631949223e-17,-0.018252362601220797
0.024999999999999998,4,True,0.10897436247421385,0.02179475260330299,-3.7026644631949223e-17,-0.015942167428386358
0.029166666666666664,4,True,0.05516549923266414,0.02522099177391375,-4.441875150725598e-17,-0.01694329887963966
0.03333333333333333,4,True,0.047812789139985545,0.030952142640151222,-5.641654206126483e-17,0.0022388568805235603
0.0375,4,True,0.13986006427672004,0.008246776741423247,-6.426430837389717e-17,-0.0031701734200057716
0.041666666666666664,4,True,0.1867301631401179,0.03819419480007256,-6.895659083676572e-17,0.01743624586341142
0.04583333333333333,4,True,0.07778292725109608,0.04607441578454669,-7.142386430082642e-17,-0.014730937714134407
0.049999999999999996,4,True,0.12054223031388608,0.05300537452008679,-7.197836275836671e-17,0.022075510621248358
0.05416666666666666,4,True,0.2247557250501915,0.060651477821439786,-7.371938904890258e-17,0.009049624055903078
0.05833333333333333,4,True,0.08692125739441167,0.019832222911211894,-7.504088233925496e-17,0.0057749029532263
0.06249999999999999,4,True,0.05748793451974259,0.026607911836965342,-7.693884937673735e-17,-0.0012337262056698749
0.06666666666666667,4,True,0.12128453340469711,0.03007106777590715,-7.693884937673735e-17,0.005465770553537785
0.07083333333333333,4,True,0.09558579515718783,0.05388227880193225,-7.693884937673735e-17,0.009020274050208919
0.075,4,True,0.10718988298666979,0.04687743227012595,-7.693884937673735e-17,0.009830335095867582
0.07916666666666666,4,True,0.1503532696940239,0.042585523690671506,-7.693884937673735e-17,-0.002376947472355693
0.08333333333333333,4,True,0.09149398998119035,0.0550266868993306,-7.693884937673735e-17,-0.0045756370835644536
0.0875,4,True,0.1315590631966975,0.0420915471620678,-7.693884937673735e-17,0.006282242182953981
0.09166666666666666,4,True,0.07043740624280444,0.040269733861369644,-7.693884937673735e-17,0.0010475622134273677
0.09583333333333333,4,True,0.08615629948967458,0.05067581317003268,-7.758839872932744e-17,0.010583096969298184
0.09999999999999999,4,True,0.09917573900323416,0.027699456250841924,-7.680719011873087e-17,0.008319507713009025
0.10416666666666666,4,True,0.0767758245403619,0.014972844576615338,-7.75929362749501e-17,-0.004428047994401778
0.10833333333333332,4,True,0.07749891729098086,0.017683870584534144,-7.791704812634008e-17,-0.00011922029393737306
0.11249999999999999,4,True,0.16952971595941768,0.025777045018789562,-7.979889875041314e-17,0.006448432262667213
0.11666666666666665,4,True,0.06732474160921102,0.029724653767666122,-8.017057400414873e-17,-0.0022875475879402052
0.12083333333333332,4,True,0.051197275147839574,0.05678157249018464,-8.017057400414873e-17,-0.014009473792994618
0.12499999999999999,4,True,0.13650817937453902,0.054013360236912895,-8.017057400414873e-17,-0.0027779813912175814
0.12916666666666665,4,True,0.1468060306908109,0.023506365423125036,-8.094486134139543e-17,-0.0022223867232876136
0.13333333333333333,4,True,0.12648133620204605,0.0643175607484844,-8.164654623691636e-17,0.0058760585831574424
0.1375,4,True,0.12112675864216216,0.014336744013483758,-8.160937965985905e-17,-0.0003948405730137008
0.1416666666666667,4,True,0.15704539345859542,0.028981165494645845,-8.160937965985905e-17,0.021029550592370584
0.14583333333333337,4,True,0.1270252052408175,0.036414914026394504,-8.160937965985905e-17,0.010514169231038848
0.15000000000000005,4,True,0.0617308298977624,0.05439609320904229,-8.160937965985905e-17,-0.0021982625245935265
0.15416666666666673,4,True,0.13588795259857472,0.023528864103805107,-8.229917969359982e-17,0.0027161772632343633
0.1583333333333334,4,True,0.18261217249195436,0.02184037892183776,-8.366434393617964e-17,-0.0005137697348606082
0.1625000000000001,4,True,0.17088561406991318,0.01378413330100951,-8.588977977113175e-17,-0.011445220656193918
0.16666666666666677,4,True,0.08605241226199885,0.020570076054230585,-8.814201558232253e-17,-0.0071856948776300705
0.17083333333333345,4,True,0.07056572430447929,0.028574556053918117,-9.152048237336376e-17,0.0018109847090328579
0.17500000000000013,4,True,0.09199376385805898,0.01795800236915974,-9.179250364226132e-17,0.0030365581447731028
0.1791666666666668,4,True,0.17962895661317024,0.013208018714863046,-9.250410919933591e-17,0.01210225669909412
0.1833333333333335,4,True,0.09152805373847428,0.053305215670016906,-9.301880236667246e-17,-0.0005216696023374022
0.18750000000000017,4,True,0.2184887849564988,0.03929221225107516,-9.133588825152362e-17,0.016420192143255834
0.19166666666666685,4,True,0.1914009949191933,0.032843733097086124,-8.972656646690613e-17,-0.001770419559416317
0.19583333333333353,4,True,0.1646514286174943,0.025911906386303016,-8.972656646690613e-17,0.00774637682551477
0.2000000000000002,4,True,0.10542462783338923,0.0341721487543032,-8.972656646690613e-17,0.0029138420694797946
0.20416666666666689,4,True,0.06734269027337908,0.010075170207089675,-8.972656646690613e-17,0.005297873536360543
0.20833333333333356,4,True,0.21904574836089383,0.04270920644260827,-8.972656646690613e-17,0.008394462357421004
0.21250000000000024,4,True,0.09595305596226869,0.06492904508221084,-8.972656646690613e-17,-0.008597593198452477
0.21666666666666692,4,True,0.08219215788045202,0.020157656926877522,-8.828860087864641e-17,0.014621291339309875
0.2208333333333336,4,True,0.15835279150052653,0.023498935089067023,-8.68932786600567e-17,-0.0047057965481491475
0.22500000000000028,4,True,0.1293043772589564,0.056586859896696436,-8.50875396994484e-17,-0.003578387104125924
0.22916666666666696,4,True,0.07930853477693035,0.051955762322793746,-8.264646317783373e-17,-0.010428970610937966
0.23333333333333364,4,True,0.179220511544326,0.035537199742982105,-8.264646317783373e-17,0.015195108317482792
0.23750000000000032,4,True,0.12293172117642867,0.029107785924607627,-8.264646317783373e-17,0.004391117832766031
0.241666666666667,4,True,0.12300012560972824,0.042647693151221515,-8.264646317783373e-17,0.022850242686231332
0.24583333333333368,4,True,0.20279550702041482,0.04913362588712601,-8.264646317783373e-17,-0.018801258724844692
0.25000000000000033,4,True,0.0848811489038314,0.03035665718693806,-8.264646317783373e-17,-0.006563330134729295
0.254166666666667,4,True,0.02878316127550802,0.040392106377813056,-7.842271383492156e-17,-0.014648609407706643
0.25833333333333364,4,True,0.1658486352632472,0.03830720222351825,-7.363735069934416e-17,0.0028162369545774797
0.2625000000000003,4,True,0.11396997273636598,0.07230854154619112,-7.143492728755667e-17,-0.01384750275018986
0.26666666666666694,4,True,0.06193212140605553,0.05381280379219068,-7.143492728755667e-17,-0.003008854386142527
0.2708333333333336,4,True,0.12352787512169011,0.03842309671001167,-7.143492728755667e-17,0.010463892956270522
0.27500000000000024,4,True,0.10328222166059806,0.0612661900175323,-7.143492728755667e-17,-0.008284447309113116
0.2791666666666669,4,True,0.10458325579611501,0.0324574627068603,-7.012289843896097e-17,0.0013714633060395362
0.28333333333333355,4,True,0.1920687592340405,0.02425160847095267,-7.012289843896097e-17,-0.0038516171770070257
0.2875000000000002,4,True,0.14525590307088276,0.018166393033033433,-7.012289843896097e-17,-0.0010552684614891842
0.29166666666666685,4,True,0.18974522665983773,0.020492358107037204,-7.012289843896097e-17,0.01890484238118565
0.2958333333333335,4,True,0.14440243202815656,0.014346480074364532,-7.012289843896097e-17,0.004186620551200145
0.30000000000000016,4,True,0.16737641304511622,0.06792724135826499,-7.100344490104061e-17,-0.03522024869945892
0.3041666666666668,4,True,0.1330605474285398,0.03931716978258815,-7.354817709141032e-17,-0.010464484846397061
0.30833333333333346,4,True,0.16353315730456286,0.06185414897505195,-7.320896047591906e-17,0.0016950078621767448
0.3125000000000001,4,True,0.14459380021140972,0.07236629475403035,-7.408173542851131e-17,0.006807907227285701
0.31666666666666676,4,True,0.15592582061602717,0.052395388546452704,-7.609634819642787e-17,-0.03340557897596329
0.3208333333333334,4,True,0.12744070412438865,0.09215753557599406,-7.772648047392499e-17,-0.019196953782605407
0.32500000000000007,4,True,0.08985144890175589,0.05438086634615985,-7.762340967666181e-17,0.018653147619335828
0.3291666666666667,4,True,1.0910839001088022,0.5048517726574874,-7.63808008878817e-17,-0.09177804090065331
0.33333333333333337,4,True,0.09814096507691991,0.013994222465837078,-7.63808008878817e-17,-0.00403955518243531
0.3375,4,True,0.12114326007973761,0.05945720625540325,-7.63808008878817e-17,0.010943875689373432
0.3416666666666667,4,True,0.186682966638941,0.052044426590491445,-7.63808008878817e-17,0.001422825886582227
0.3458333333333333,4,True,0.10228497593846161,0.029253914534591387,-7.509598198316826e-17,-0.005518501737674346
0.35,4,True,0.19846835271925187,0.06019395147116049,-7.163481003065149e-17,-0.01032854908595872
0.35416666666666663,4,True,0.0985406577607908,0.03894150466145343,-6.935410695365274e-17,-0.02335350271440052
0.3583333333333333,4,True,0.09882744323669045,0.02048716446871822,-6.935410695365274e-17,0.009474543853426663
0.36249999999999993,4,True,0.09299033193222975,0.02090043064568465,-6.935410695365274e-17,-0.0021755533821669277
0.3666666666666666,4,True,0.06221940127045395,0.05645985692576164,-6.799188775686115e-17,0.017560909477664415
0.37083333333333324,4,True,0.12012028180025194,0.049967961221953086,-6.799188775686115e-17,-0.0038903425855087615
0.3749999999999999,4,True,0.19971399704006423,0.016627040967438136,-6.799188775686115e-17,-0.016503027596153463
0.37916666666666654,4,True,0.21923775643989224,0.04164036277921528,-6.729554908795986e-17,-0.00673668230005761
0.3833333333333332,4,True,0.07139546521666967,0.06159970146647409,-6.729554908795986e-17,0.015758864539665237
0.38749999999999984,4,True,0.05532695065206946,0.044505453064780216,-6.625278977735263e-17,0.0003282942627655633
0.3916666666666665,4,True,0.17942819911898056,0.0235386425900494,-6.491933151615103e-17,-0.005893110591171
0.39583333333333315,4,True,0.08325258859198677,0.05329531417660137,-6.4842744446926e-17,0.014829643549939748
0.3999999999999998,4,True,0.04333524752729665,0.020114089144641953,-6.563072004108926e-17,-0.0011254493872678516
0.40416666666666645,4,True,0.22112253667503023,0.06436888355968441,-6.667468496629695e-17,-0.003711988139195529
0.4083333333333331,4,True,0.08938571415225158,0.015110790597581646,-6.90657669029043e-17,-0.005396607836654194
0.41249999999999976,4,True,0.17777852232961247,0.029962828085437293,-6.986193003172943e-17,-0.017949240401824367
0.4166666666666664,4,True,0.1807598692134241,0.05068541320448803,-6.931028859181529e-17,0.00866998515904583
0.42083333333333306,4,True,0.04339776234549528,0.05190662055019097,-6.971080584245502e-17,-0.002683345302480933
0.4249999999999997,4,True,0.10187139631481155,0.08218936775164064,-7.020887995440932e-17,-0.0008464047851233626
0.42916666666666636,4,True,0.09170548515405558,0.04960967273729023,-7.020887995440932e-17,0.004779401241560748
0.433333333333333,4,True,0.16424106762227658,0.056048005935526675,-7.020887995440932e-17,0.0032491248965531333
0.43749999999999967,4,True,0.04737130505464139,0.011976886678363262,-7.020887995440932e-17,0.003027395445817469
0.4416666666666663,4,True,0.14371004791909578,0.031829466006552995,-7.020887995440932e-17,-0.02344124100386802
0.44583333333333297,4,True,0.1024276021797277,0.05016750659171928,-7.020887995440932e-17,0.02618381553886376
0.4499999999999996,4,True,0.07334875574373523,0.012158566251443249,-7.020887995440932e-17,0.007027776430323219
0.4541666666666663,4,True,0.04264464078933563,0.050624921338972596,-7.020887995440932e-17,0.01105109325467194
0.4583333333333329,4,True,0.14679096636020506,0.044802861666965,-7.020887995440932e-17,-0.004737114129741116
0.4624999999999996,4,True,0.1021568867273177,0.03012809105239415,-7.020887995440932e-17,0.01654091160001082
0.46666666666666623,4,True,0.09693978550391462,0.06160226134080412,-7.020887995440932e-17,0.02179608951668308
0.4708333333333329,4,True,0.14922494556973834,0.02484265286662937,-7.020887995440932e-17,0.004461641289095284
0.47499999999999953,4,True,0.19919223544665401,0.08080334842085624,-7.020887995440932e-17,0.0011331992262444835
0.4791666666666662,4,True,0.08593206710995033,0.04856510617335093,-7.020887995440932e-17,0.015275685267667047
0.48333333333333284,4,True,0.13052237122867236,0.0432137795317782,-7.020887995440932e-17,-0.0002065364480347051
0.4874999999999995,4,True,0.274221433989582,0.024575148639733348,-7.020887995440932e-17,0.010504540294510605
0.49166666666666614,4,True,0.17733704972328326,0.01310183034664073,-7.054146032215567e-17,-0.0008330188766045714
0.4958333333333328,4,True,0.11579595947581306,0.059551744947449,-7.068161481577756e-17,0.02209050544348489
0.49999999999999944,4,True,0.24286577412699692,0.009595162845221912,-7.075700032778899e-17,-0.004064693198770798
0.5041666666666661,4,True,0.11247283604930147,0.020066771571044178,-7.087642540304344e-17,0.00012157370150920647
0.5083333333333327,4,True,0.12612244582131432,0.025845175555317245,-7.163436869121682e-17,-0.00021021674502344205
0.5124999999999994,4,True,0.13850675479044267,0.055413900489179664,-7.232469311316395e-17,0.0033915330450531083
0.516666666666666,4,True,0.09879717522549947,0.0434070772906439,-7.181054985513717e-17,0.006330798253672212
0.5208333333333327,4,True,0.1041591601653617,0.032005117556263354,-7.181054985513717e-17,0.018506607388619926
0.5249999999999994,4,True,0.19055382435037768,0.02188853879686178,-7.181054985513717e-17,-0.008000912906319099
0.529166666666666,4,True,0.0818448552833751,0.038139975495576746,-7.181054985513717e-17,0.00754228271838348
0.5333333333333327,4,True,0.16619778698340848,0.053001299620839236,-7.181054985513717e-17,0.005337520243587676
0.5374999999999993,4,True,0.21261472942839404,0.03554230191572638,-7.181054985513717e-17,-0.02617806861432563
0.541666666666666,4,True,0.10805850139937659,0.030812696569049218,-7.212119467888987e-17,-0.005312064369441285
0.5458333333333326,4,True,0.09911933380324789,0.03494003302975052,-7.212119467888987e-17,0.005412681085884867
0.5499999999999993,4,True,0.11970845218498094,0.008340805907488886,-7.334623325045203e-17,-0.00769401073004614
0.5541666666666659,4,True,0.1267188179998289,0.011068583399716182,-7.414331715499128e-17,-0.00639949469911556
0.5583333333333326,4,True,0.19596466320494793,0.06057721060710175,-7.219148060491527e-17,-0.011394754249920713
0.5624999999999992,4,True,0.07155288633653982,0.03811250179912355,-6.952111455625801e-17,0.01730107242357956
0.5666666666666659,4,True,0.04180440633863537,0.04070980524563963,-6.810356167086386e-17,0.001670191132978216
0.5708333333333325,4,True,0.18404085278931592,0.046427448827021725,-6.747303505115578e-17,-0.014932003609259182
0.5749999999999992,4,True,0.1785984073761842,0.01812320482073628,-6.747303505115578e-17,-0.009149128874687568
0.5791666666666658,4,True,0.014687059696734825,0.013143819974714269,-6.747303505115578e-17,-0.0018741859567557285
0.5833333333333325,4,True,0.1421910375956826,0.03653704642601045,-6.747303505115578e-17,-0.004045993149641599
0.5874999999999991,4,True,0.09166668358353344,0.04306360550941684,-6.73216734374262e-17,-0.020595574056940336
0.5916666666666658,4,True,0.09476081978797653,0.029609291602102624,-6.788252143506838e-17,-0.019215670551959073
0.5958333333333324,4,True,0.14690760554031146,0.035720596617327696,-6.788252143506838e-17,-0.0001813604746101764
0.5999999999999991,4,True,0.11755304854101559,0.03764818622931211,-6.938769630278717e-17,-0.00510435461215956
0.6041666666666657,4,True,0.18560518269091586,0.0634776491728696,-6.861457697376946e-17,0.004665462275352502
0.6083333333333324,4,True,0.06850457609624433,0.020983644985969212,-6.608656131666503e-17,0.0014451195198200222
0.612499999999999,4,True,0.20374684120513692,0.06750979048469377,-6.608656131666503e-17,-0.0025718993760977995
0.6166666666666657,4,True,0.03864155173360834,0.005951596014368469,-6.608656131666503e-17,-0.0002232317767463343
0.6208333333333323,4,True,0.07530840229479503,0.0560676647235295,-6.608656131666503e-17,0.01969897378922301
0.624999999999999,4,True,0.04498215776708978,0.052891535212828404,-6.677075379021522e-17,0.00010846958658313037
0.6291666666666657,4,True,0.06146388007041088,0.026195226231180615,-6.694331855707789e-17,-0.025483597095009018
0.6333333333333323,4,True,0.11763253987284011,0.025948532293249685,-6.809136760577414e-17,0.007343714823836067
0.637499999999999,4,True,0.01476422562502197,0.02023042843366015,-7.010333588272988e-17,0.010783912710410692
0.6416666666666656,4,True,0.08426606034099285,0.05406867223687168,-7.048829103093763e-17,0.012872666426606292
0.6458333333333323,4,True,0.1518391353905389,0.025793478034284396,-7.048829103093763e-17,-0.013995178647504571
0.6499999999999989,4,True,0.11259172411640522,0.03274153459350298,-7.188844589512646e-17,0.002268549313189777
0.6541666666666656,4,True,0.15333857537861867,0.023013275381767933,-7.603182055724636e-17,0.0057307425505579365
0.6583333333333322,4,True,0.13360637403172504,0.054694213897370655,-7.663107656244223e-17,0.030141763246982204
0.6624999999999989,4,True,0.08264756712825858,0.04354660154658731,-7.667075487525036e-17,0.002306379285649634
0.6666666666666655,4,True,0.08693528210315865,0.04139363614148533,-7.667075487525036e-17,-0.01925077239148233
0.6708333333333322,4,True,0.14720280648055584,0.02573443277971939,-7.667075487525036e-17,0.003481522301755398
0.6749999999999988,4,True,0.05652807149186758,0.01670437846541576,-7.667075487525036e-17,-0.007510651710127395
0.6791666666666655,4,True,0.13961521453595124,0.041867981297776295,-7.667075487525036e-17,0.002959853197681892
0.6833333333333321,4,True,0.07710713320535986,0.021996438813417372,-7.667075487525036e-17,0.013905191852615045
0.6874999999999988,4,True,0.12698488711533537,0.018829223042877683,-7.667075487525036e-17,-0.01407141112267346
0.6916666666666654,4,True,0.05790835469341639,0.04296268604020391,-7.667075487525036e-17,-0.010202516865686035
0.6958333333333321,4,True,0.05457567065658614,0.058327536301435084,-7.689874229229622e-17,0.001978688978111312
0.6999999999999987,4,True,0.15493334084386035,0.02409670693892092,-7.92990384347373e-17,-0.005863263327225758
0.7041666666666654,4,True,0.1337919362081977,0.005508602084589829,-8.085397377774419e-17,0.0039663700807066795
0.708333333333332,4,True,0.10986331083067812,0.016151646528081102,-8.085397377774419e-17,-0.003463506501720434
0.7124999999999987,4,True,0.09388244085856867,0.04017344449021627,-8.026970002987827e-17,-0.020889753957855656
0.7166666666666653,4,True,0.10295627274413006,0.06656375487578355,-8.197662123104315e-17,0.012654420337046337
0.720833333333332,4,True,0.027514418649518802,0.019699091519330234,-8.310202287597275e-17,0.011905281841613337
0.7249999999999986,4,True,0.10638387870118829,0.04694945391626015,-8.489451724034027e-17,-0.0301988717484841
0.7291666666666653,4,True,0.07464758213219726,0.021693150460539594,-8.559477651110887e-17,-0.017184437095943472
0.733333333333332,4,True,0.09296567186738876,0.05108662827420357,-8.680059785235629e-17,-4.240594194207072e-05
0.7374999999999986,4,True,0.029594976767407577,0.031084213660882445,-8.814640931494158e-17,0.006719816530323017
0.7416666666666653,4,True,0.08118437842854519,0.0390199749522921,-8.71931785836416e-17,0.001241662668122894
0.7458333333333319,4,True,0.16298599638957348,0.05071685434899357,-8.689739075046072e-17,-0.008241357851609524
0.7499999999999986,4,True,0.10362669655849371,0.06169313255165998,-8.689739075046072e-17,-0.0143632272734117
0.7541666666666652,4,True,0.08750403400091238,0.013264205833374827,-8.689739075046072e-17,0.005496537063875515
0.7583333333333319,4,True,0.06903595861952737,0.022274545409866658,-8.689739075046072e-17,-0.021031967367424256
0.7624999999999985,4,True,0.059591408746756475,0.03238167930263723,-8.689739075046072e-17,-0.002788432414376071
0.7666666666666652,4,True,0.06962974357479841,0.05061890733674028,-8.689739075046072e-17,-0.012282169146695849
0.7708333333333318,4,True,0.13772595858899309,0.04196747839253781,-8.689739075046072e-17,0.006645547677930571
0.7749999999999985,4,True,0.1513523570492829,0.016173617465888822,-8.689739075046072e-17,-0.003914972874022966
0.7791666666666651,4,True,0.1283975895150188,0.07017161266354978,-8.689739075046072e-17,0.001747929768992349
0.7833333333333318,4,True,0.09636403119032494,0.07937847627719959,-8.689739075046072e-17,0.028439699781785625
0.7874999999999984,4,True,0.06647747262624426,0.04534288886752546,-8.689739075046072e-17,-0.007265566017603095
0.7916666666666651,4,True,0.14478975487746068,0.04707657682809446,-8.689739075046072e-17,0.013435512782363587
0.7958333333333317,4,True,0.046627804831642826,0.0347339471628641,-8.689739075046072e-17,-0.010915515781389384
0.7999999999999984,4,True,0.17799867889040769,0.022750250434920363,-8.700555169630605e-17,0.0005149739184624461
0.804166666666665,4,True,0.10189342927037143,0.02422892674652562,-8.98672975871012e-17,-0.014965649079283194
0.8083333333333317,4,True,0.050882604179003504,0.041602447047345226,-9.078297629577617e-17,-0.026041850070383885
0.8124999999999983,4,True,0.10870963742421973,0.01714546035755799,-8.973032694037143e-17,0.0036551742050543175
0.816666666666665,4,True,0.12472793883901188,0.041966654437983544,-8.622450223737823e-17,0.01530776170406826
0.8208333333333316,4,True,0.0891241843194375,0.0410648022525286,-8.433217679462504e-17,-0.009047401386646768
0.8249999999999983,4,True,0.0632793942935822,0.017837497219834554,-8.387963569602217e-17,0.01656169131711167
0.8291666666666649,4,True,0.02693617353134537,0.014912139857259619,-8.387963569602217e-17,0.005298346951927633
0.8333333333333316,4,True,0.13604691727070448,0.03151505230011606,-8.280704283502596e-17,-0.007382985181650687
0.8374999999999982,4,True,0.059838886438414875,0.00971496168272329,-8.322876841264408e-17,0.00140264442233399
0.8416666666666649,4,True,0.06251390762357116,0.03372367907672864,-8.367556299399014e-17,0.005731551980227832
0.8458333333333315,4,True,0.1912032441236205,0.028123868800469735,-8.367556299399014e-17,0.0139647617802041
0.8499999999999982,4,True,0.0992311012836867,0.021403525299968577,-8.367556299399014e-17,0.003576868559611036
0.8541666666666649,4,True,0.11713088731338586,0.03186674647621358,-8.367556299399014e-17,-0.022236064788144112
0.8583333333333315,4,True,0.23307817256915378,0.01457741625301392,-8.341459398001961e-17,0.006094496183431194
0.8624999999999982,4,True,0.12006915281950534,0.05249428642229164,-8.133036903490583e-17,0.010125854266036316
0.8666666666666648,4,True,0.1342500082480289,0.05995314659766408,-8.126454870601014e-17,-0.0172292603382221
0.8708333333333315,4,True,0.2410530789685743,0.035517053893067245,-8.195915226905842e-17,-0.0025081813694387456
0.8749999999999981,4,True,0.14647032947598995,0.023407065115159494,-8.214495237897371e-17,-0.004810148966075525
0.8791666666666648,4,True,0.14230435256857252,0.007708822816351079,-8.20395473328771e-17,-0.0036690169705588943
0.8833333333333314,4,True,0.13946139909501692,0.01247761942290823,-8.20395473328771e-17,0.0065496131890089215
0.8874999999999981,4,True,0.11907508812315235,0.044099369447373624,-8.388574488692348e-17,0.016444266432964587
0.8916666666666647,4,True,0.14296971899444216,0.056479929128094665,-8.593399814114004e-17,-0.016903065190149842
0.8958333333333314,4,True,0.12905507723549603,0.058431453051614415,-8.206096144731281e-17,-0.018247324127560693
0.899999999999998,4,True,0.1613972300367137,0.022813296515589155,-8.097874404720379e-17,-0.016437817059829662
0.9041666666666647,4,True,0.04761832436160613,0.010562317805298798,-7.836153895525945e-17,0.0009463679860156371
0.9083333333333313,4,True,0.09083860742489647,0.0395241151400034,-7.836153895525945e-17,0.002511584420734062
0.912499999999998,4,True,0.08987469986069453,0.050494728405635826,-7.836153895525945e-17,0.017701298843427197
0.9166666666666646,4,True,0.05399756349742268,0.028303835948002808,-7.836153895525945e-17,0.013775832757278991
0.9208333333333313,4,True,0.09113089671650536,0.03039322299988898,-7.836153895525945e-17,0.006944559043528344
0.9249999999999979,4,True,0.22614770639333273,0.04060392500911151,-7.836153895525945e-17,0.0019177557390852437
0.9291666666666646,4,True,0.05565660173726449,0.02966685376850512,-7.836153895525945e-17,0.016146963103400754
0.9333333333333312,4,True,0.09606495168459375,0.030724023557381817,-7.836153895525945e-17,-0.002884730213823151
0.9374999999999979,4,True,0.03598366923170978,0.01686338617447087,-8.072738548132954e-17,-0.011763580901082114
0.9416666666666645,4,True,0.08486764210637322,0.03885976748439271,-7.955022074343225e-17,0.006212142710009197
0.9458333333333312,4,True,0.10904746204263219,0.043260128111554365,-8.07448696040056e-17,-0.010466220276402037
0.9499999999999978,4,True,0.0557256767345053,0.021090797561191775,-8.220268250737729e-17,0.0020223647410231877
0.9541666666666645,4,True,0.13127554852108542,0.04627411913512264,-8.220268250737729e-17,-0.0035260138339592256
0.9583333333333311,4,True,0.041145858654956444,0.019967232892838884,-8.220268250737729e-17,0.011957413637589436
0.9624999999999978,4,True,0.10295123805860591,0.02401520255911905,-8.220268250737729e-17,-0.012314832626475503
0.9666666666666645,4,True,0.1424864443026581,0.040280943589018896,-8.220268250737729e-17,-0.018632747669565422
0.9708333333333311,4,True,0.1622926589766595,0.015930937655609677,-8.220268250737729e-17,0.00909314121600615
0.9749999999999978,4,True,0.09324411210396291,0.04226920821450439,-7.871529804817848e-17,0.01818408265490996
0.9791666666666644,4,True,0.07777160756961282,0.026628828573301195,-7.634958468173053e-17,0.003147107407874945
0.9833333333333311,4,True,0.11978257462551871,0.04045568547649072,-7.535977420274557e-17,-0.0041858393619627916
0.9874999999999977,4,True,0.1275379993334022,0.04128342938128584,-7.559996523913175e-17,0.013899754040028448
0.9916666666666644,4,True,0.03819661950375146,0.015912810416840083,-7.797155837306128e-17,-0.011888426642889032
0.995833333333331,4,True,0.0970338361212674,0.03943400095107228,-7.797155837306128e-17,0.007059650129507518
0.9999999999999977,4,True,0.05888502835249454,0.04346169663578733,-7.797155837306128e-17,-0.017608568149900465
1.0041666666666644,4,True,0.20244356193428764,0.031696096311369375,-7.797155837306128e-17,-0.014742402271534082
1.008333333333331,4,True,0.14244425851524098,0.022043075915312772,-7.797155837306128e-17,0.017608064711109733
1.0124999999999977,4,True,0.15902859600643376,0.04650250614855131,-7.792327795931792e-17,-0.00696766391342601
1.0166666666666644,4,True,0.1358092100199012,0.05054380162636569,-7.753930933125181e-17,-0.002760521489649483
1.020833333333331,4,True,0.07117460350306284,0.0567999989407116,-7.565567419812962e-17,0.00652005954201456
1.0249999999999977,4,True,0.07544672411473359,0.04739790812293285,-7.226817581575903e-17,-0.015403969628016557
1.0291666666666643,4,True,0.1653273430979851,0.04881655948128402,-7.121462301220865e-17,0.01050577265488832
1.033333333333331,4,True,0.21059314003372875,0.05449023869545954,-6.917803811373495e-17,0.022832328537209463
1.0374999999999976,4,True,0.13632399154376137,0.014894187739846444,-6.037553248768478e-17,0.010771987160277642
1.0416666666666643,4,True,0.052009795901788565,0.01993211494632382,-5.627435279605371e-17,-0.010149733438197358
1.045833333333331,4,True,0.17005592328441005,0.031046587636347732,-5.627435279605371e-17,0.014668069615399557
1.0499999999999976,4,True,0.15383769465330863,0.02284636333866683,-5.627435279605371e-17,0.02229042567558135
1.0541666666666643,4,True,0.18917164217032,0.03783488157848455,-5.627435279605371e-17,0.018704048784289065
1.058333333333331,4,True,0.021593302198422953,0.02606495066094341,-5.627435279605371e-17,0.0009387564886918567
1.0624999999999976,4,True,0.1655476464934555,0.08678383440249879,-5.627435279605371e-17,-0.016195517348538437
1.0666666666666642,4,True,0.110398375374304,0.029700756135444248,-5.439514928800737e-17,-0.0024885845461026282
1.0708333333333309,4,True,0.058415508431524515,0.0167309715213652,-5.439514928800737e-17,0.012586514371165508
1.0749999999999975,4,True,0.13161373837015358,0.040607704272291184,-5.317157360237239e-17,0.008548173872063828
1.0791666666666642,4,True,0.11367116341433126,0.020101420741747127,-5.0636196963114077e-17,0.011205881663546786
1.0833333333333308,4,True,0.09565928463218464,0.007814150973791355,-5.005921108163419e-17,-0.002753049590768151
1.0874999999999975,4,True,0.09240436185350268,0.009636300749564218,-4.935340395627231e-17,0.003810968494973542
1.0916666666666641,4,True,0.10316836607184632,0.042774760832178654,-4.820431026315822e-17,0.007827105503025905
1.0958333333333308,4,True,0.19207365419791977,0.0366795806611341,-4.7361565869407674e-17,-0.004525913592751733
1.0999999999999974,4,True,0.17514972332282766,0.05398895755196637,-4.742509143861403e-17,0.017181021861460657
1.104166666666664,4,True,0.11634763244040375,0.024032462505300282,-4.754653723029715e-17,-0.01697862737459976
1.1083333333333307,4,True,0.037721418612524524,0.022010916973995383,-4.754653723029715e-17,-0.002597853081932489
1.1124999999999974,4,True,0.13852369671577205,0.1067413594742205,-4.754653723029715e-17,0.00874667420272786
1.116666666666664,4,True,0.17434478614685883,0.018713561276192094,-4.754653723029715e-17,0.0024561595301979895
1.1208333333333307,4,True,0.1272838773747294,0.02348344998794463,-4.754653723029715e-17,0.0067307737802907415
1.1249999999999973,4,True,0.1380587413067823,0.017194950381237292,-4.754653723029715e-17,-0.0046122716032
1.129166666666664,4,True,0.13139796115005117,0.03312515653341558,-4.754653723029715e-17,-0.002578419728156056
1.1333333333333306,4,True,0.0789004180917893,0.02392608074568205,-4.719421559230926e-17,0.004726479959890793
1.1374999999999973,4,True,0.11354754121624978,0.06945560597179427,-4.8757172739666093e-17,0.009412353408518218
1.141666666666664,4,True,0.12089470371879728,0.014878295514401733,-4.771344665571638e-17,0.006532069835030174
1.1458333333333306,4,True,0.10130145203832269,0.016442077431568433,-4.645482207990322e-17,0.003923891787376776
1.1499999999999972,4,True,0.03889270037596042,0.009390046008314494,-4.583442523890784e-17,0.0024504349601706292
1.154166666666664,4,True,0.10930931423682753,0.01625433462969924,-4.361632897202119e-17,-0.0040692714524032895
1.1583333333333306,4,True,0.19087441017489817,0.018292011665430846,-4.361632897202119e-17,-0.0014170260737920637
1.1624999999999972,4,True,0.19267453435236,0.05614122404309542,-4.361632897202119e-17,-0.009999616059048139
1.1666666666666639,4,True,0.16486324300051988,0.05627419607684774,-4.361632897202119e-17,-0.0394909580175118
1.1708333333333305,4,True,0.07461598045717376,0.034073017410298806,-4.361632897202119e-17,-0.020893631758567125
1.1749999999999972,4,True,0.05130426554439089,0.052926392941368,-4.361632897202119e-17,0.032744189679615524
1.1791666666666638,4,True,0.021577420032818793,0.007925977837766456,-4.5300861163702903e-17,0.0053249916150937245
1.1833333333333305,4,True,0.10133226891778684,0.020311468434113977,-4.631177787034429e-17,0.007451632526563486
1.1874999999999971,4,True,0.13066993177758,0.03128651224029187,-4.3991246181143904e-17,0.008810922444025183
1.1916666666666638,3,True,0.17877081364105263,0.029277959394942533,-4.281844531478197e-17,-0.01823972123116197
1.1958333333333304,3,True,0.20309338722184905,0.07618192190299859,-4.281844531478197e-17,-0.03662083222466622
1.199999999999997,3,True,0.13130099915359755,0.04171091003948182,-4.281844531478197e-17,0.011364081037455094
1.2041666666666637,3,True,0.07376192585394312,0.034488869741173774,-4.103454119134287e-17,-0.004191002928398149
1.2083333333333304,3,True,0.09401990026751966,0.03013465203808585,-3.9178838015514805e-17,-0.00884267054052898
1.212499999999997,3,True,0.05154057654264168,0.14143849914121756,-3.7276179306842014e-17,0.012921216967650093
1.2166666666666637,3,True,0.07437176336444483,0.02291962823118226,-3.583784520968343e-17,-0.006057435313928869
1.2208333333333303,3,True,0.1367878942963529,0.08759175411083336,-3.583784520968343e-17,0.013519499998486624
1.224999999999997,3,True,0.12096165686868139,0.04050896384663793,-3.0754257897210883e-17,-0.009063056377473195
1.2291666666666636,3,True,0.25025124578192,0.10199816334214959,-2.820929327257433e-17,-0.028890383684194665
1.2333333333333303,3,True,0.08280287795550859,0.07950033583022005,-2.820929327257433e-17,0.0007203753258918855
1.237499999999997,3,True,0.03159692586302357,0.02097916970108456,-2.774440073817232e-17,0.009411443393747316
1.2416666666666636,3,True,0.15782224695034444,0.07879271075431225,-2.7719731676553888e-17,0.005285333739332976
1.2458333333333302,3,True,0.1528166020847991,0.011074468545536082,-2.7719731676553888e-17,0.005773108663808115
1.249999999999997,3,True,0.10144999757749343,0.07338887951665803,-2.6624503281167273e-17,-0.0195557923042953
1.2541666666666635,3,True,0.16941317136606263,0.07088780748140407,-2.5138036810635535e-17,-0.022610780830987894
1.2583333333333302,3,True,0.08356923435604428,0.04243384986069751,-2.422534366204886e-17,0.017459382013306893
1.2624999999999968,3,True,0.047641944371030615,0.09215619019016506,-2.3898051147021716e-17,0.014696539379162018
1.2666666666666635,3,True,0.14515414549639624,0.025373652097656723,-2.2634034391959842e-17,-0.011193027663491386
1.2708333333333302,3,True,0.1208881171698009,0.02979361367640684,-2.2634034391959842e-17,0.02749305184947894
1.2749999999999968,3,True,0.11030044801091399,0.02624814188702509,-2.263403439195984e-17,-0.006061545935772168
1.2791666666666635,3,True,0.061495400831081695,0.009919109009002749,-2.3494855740977688e-17,-0.007806690560151077
1.28333333333333,3,True,0.09001204738803446,0.08019457572536179,-2.536177992063232e-17,-0.008651378621953332
1.2874999999999968,3,True,0.144066703041172,0.06163963438302879,-2.549538212593853e-17,-0.024027898745739906
1.2916666666666634,3,True,0.08698113738251922,0.04073091347439649,-2.5467918159487396e-17,0.00014295404238918473
1.29583333333333,3,True,0.1344117784457815,0.13802332149357854,-2.5467918159487396e-17,-0.0030648987576398635
1.2999999999999967,3,True,0.08878908492729268,0.056071337796300226,-2.5467918159487396e-17,-0.039586912510576604
1.3041666666666634,3,True,0.07908347412712737,0.034234684355448165,-2.5467918159487396e-17,0.027205659668542093
1.30833333333333,3,True,0.15941221997439572,0.02515976024168187,-2.5467918159487396e-17,-0.021805394695838667
1.3124999999999967,3,True,0.06466850838843259,0.03745966883948015,-2.071275584374078e-17,-0.01570011057504388
1.3166666666666633,3,True,0.18236931818443958,0.1006455429268321,-1.7533198476623136e-17,0.00798795733684964
1.32083333333333,3,True,0.2096405909198735,0.03314265511382467,-1.702925775447212e-17,0.016929348813336485
1.3249999999999966,3,True,0.01834996697798389,0.09420838168788914,-1.702925775447212e-17,-0.003932576339406468
1.3291666666666633,3,True,0.03893442497298613,0.056669805296262504,-1.702925775447212e-17,0.0004957344751785296
1.33333333333333,3,True,0.08768752155603778,0.04500070276966367,-1.702925775447212e-17,0.027892125222968
1.3374999999999966,3,True,0.2531735345785185,0.007065268851660484,-1.702925775447212e-17,-0.003707598608796255
1.3416666666666632,3,True,0.2573728371974894,0.05909658961484096,-1.702925775447212e-17,0.00859320138774388
1.3458333333333299,3,True,0.09794356381890468,0.03334220399987902,-1.702925775447212e-17,0.006427370755980625
1.3499999999999965,3,True,0.05582601151137364,0.09169063282708646,-1.5625350865756428e-17,0.027914965423946843
1.3541666666666632,3,True,0.05720073272204057,0.055844035843797504,-1.3721466910614286e-17,-0.0011812545161849464
1.3583333333333298,3,True,0.17838711790421344,0.08683141653782045,-1.2533904571648266e-17,0.006758962066689796
1.3624999999999965,3,True,0.10557511500477006,0.06323916340387414,-1.1895145209354892e-17,0.004271407423759012
1.3666666666666631,3,True,0.07160783162163643,0.06509612096555055,-1.0778988171747332e-17,-0.0006768328457543411
1.3708333333333298,3,True,0.10568357113108501,0.06147560896795285,-1.0778988171747332e-17,0.014302770743109811
1.3749999999999964,3,True,0.07773113088862764,0.027431053609735412,-1.0778988171747332e-17,-0.008561019631837545
1.379166666666663,3,True,0.1755362435264948,0.041738372074952776,-1.0778988171747332e-17,-0.005031740703716407
1.3833333333333298,3,True,0.056138789899921326,0.049230488379361205,-1.0106340445364572e-17,-0.003200545178418543
1.3874999999999964,3,True,0.06763424024073755,0.024320982824480124,-8.195990279017035e-18,0.005844400847298066
1.391666666666663,3,True,0.081503402680895,0.06524358546483813,-7.809107831307652e-18,-0.029644827995615058
1.3958333333333297,3,True,0.19844980000596424,0.06576655134218709,-1.033335279730715e-17,-0.008255990871653896
1.3999999999999964,3,True,0.2008474077456126,0.033116669141005826,-8.600740550352525e-18,0.00046129034660925556
1.404166666666663,3,True,0.14054138585413706,0.04145942311046886,-7.103520519744276e-18,-0.006999207623699078
1.4083333333333297,3,True,0.1986177480157317,0.09131796066306097,-7.103520519744276e-18,-0.004473263222578825
1.4124999999999963,3,True,0.11341226018946095,0.048615228354669436,-7.103520519744276e-18,-0.0038194433931218064
1.416666666666663,3,True,0.08883960391444132,0.022624800170937855,-7.103520519744276e-18,0.0064106228299252565
1.4208333333333296,3,True,7.768486356059981,3.0698963392154823,-7.103520519744276e-18,0.9983774460880447
1.4249999999999963,3,True,0.09111322879702763,0.08514234589102053,-7.103520519744276e-18,0.044674221281108255
1.429166666666663,3,True,0.121666505284116,0.020824543461953705,-5.634697117356648e-18,0.018424305081415505
1.4333333333333296,3,True,0.08662349293707902,0.07504279508294662,-4.562008491423473e-18,-0.02094492683466204
1.4374999999999962,3,True,0.0917253992009849,0.030398964440688188,-4.562008491423473e-18,-0.002970304609597352
1.4416666666666629,3,True,0.1498679901670344,0.05989522065103188,-4.562008491423473e-18,0.03608312937414657
1.4458333333333295,3,True,0.13550958435560712,0.04846730275006971,-4.562008491423473e-18,-0.02037027142132627
1.4499999999999962,3,True,0.1475386414169281,0.03930725304293045,-3.2045370930340877e-18,-0.0037808332981669446
1.4541666666666628,3,True,0.07135031664892248,0.029670853969436233,1.6218965731256624e-18,-0.002715983688905464
1.4583333333333295,3,True,0.06346211449955648,0.03288390011970292,3.0266107794580275e-18,0.024990407681691997
1.4624999999999961,3,True,0.07352733384792709,0.032492927857300936,3.994001888148174e-18,-0.0009260212365643004
1.4666666666666628,3,True,0.009721167560216711,0.054253305165838275,4.420839609853522e-18,0.003710148547927181
1.4708333333333294,3,True,0.10183466566076634,0.04157331351737611,4.420839609853522e-18,0.014363437167237916
1.474999999999996,3,True,0.10970368824048392,0.06515595007571748,4.420839609853522e-18,-0.029832366164896085
1.4791666666666627,3,True,0.13947373398858262,0.045764706221449986,1.2726153404517838e-18,-0.0005177466482469731
1.4833333333333294,3,True,0.047517358149025794,0.03068431259869264,6.757485097808802e-19,-0.006425697506021169
1.487499999999996,3,True,0.17567934711377423,0.04301853223259717,6.757485097808801e-19,-0.010439677487880498
1.4916666666666627,3,True,0.17611784663876978,0.05655634759633665,2.1423742226858607e-19,0.010949196742512124
1.4958333333333294,3,True,0.1731081928584084,0.056227054393072004,1.1328893528739782e-20,-0.011668802325792102
1.499999999999996,3,True,0.17802928302236207,0.048381095876263616,3.1677450194156055e-19,-0.0015895872462900298
1.5041666666666627,3,True,0.10808526336017679,0.014210214938041737,3.167745019415605e-19,0.009142045321218348
1.5083333333333293,3,True,0.08425029004352547,0.04303325818177534,3.1677450194156045e-19,0.022721414609132802
1.512499999999996,3,True,0.19229517603559668,0.07871088409818773,3.1677450194156045e-19,-0.03551128720466662
1.5166666666666626,3,True,0.11013176629985785,0.0849365503384327,-1.1657910969173201e-18,-0.007590400432529235
1.5208333333333293,3,True,0.04100251995775666,0.0784553619611972,-1.1225189502125038e-18,0.015900363859520778
1.524999999999996,3,True,0.043615131267685674,0.06621901044980862,-1.3108766714166754e-18,0.03242779104658514
1.5291666666666626,3,True,0.09987202692619362,0.04237082407665793,-9.222508683494835e-19,0.007851936033875453
1.5333333333333292,3,True,0.15889721912851462,0.055896864578019,-9.222508683494835e-19,0.002327447800353204
1.5374999999999959,3,True,0.16068399861492222,0.049565023706824585,-1.2568874880357979e-18,0.007231175554482179
1.5416666666666625,3,True,0.12858401658967966,0.036580608296338496,-1.2568874880357979e-18,-0.025300023821270657
1.5458333333333292,3,True,0.3096526470198559,0.11833015588081923,-1.017365235346322e-18,-0.0367817262258298
1.5499999999999958,3,True,0.030958873515769262,0.030071382169981266,-1.017365235346322e-18,-0.02053240147819068
1.5541666666666625,3,True,0.16101606644729494,0.012165296989512795,-1.0173652353463221e-18,-0.0012244866155193374
1.5583333333333291,3,True,0.21463327043561647,0.09138265242586087,-9.105419044594923e-19,-0.03898409232000348
1.5624999999999958,3,True,0.0525265531369627,0.04265309100794774,-9.105419044594923e-19,0.017070779385912963
1.5666666666666624,3,True,0.0373068688963406,0.01276148181719383,-9.105419044594923e-19,-0.006017164011238174
1.570833333333329,3,True,0.04954580706246841,0.047809841295580274,-9.105419044594923e-19,0.007638224399031598
1.5749999999999957,3,True,0.05684659043261504,0.018319918017793754,-9.105419044594923e-19,-0.012141810796728051
1.5791666666666624,3,True,0.032005044727053,0.05856134362055384,2.8494484410614056e-18,-0.007620496795398411
1.583333333333329,3,True,0.08960512192213266,0.05067947507455268,5.28643584285906e-18,0.0015895969669096038
1.5874999999999957,3,True,0.19694228894743823,0.01705966021986166,2.602366482354974e-18,-0.00453877786125212
1.5916666666666623,3,True,0.19605454851798507,0.0321181725778285,3.295045098478064e-19,-0.019126182422400276
1.595833333333329,3,True,0.2918861946569463,0.06057612581663821,-1.5902407756625433e-18,0.004394710854348875
1.5999999999999956,3,True,0.24306006913398726,0.09674264713716242,3.4162846711632955e-20,0.008168831726688924
1.6041666666666623,3,True,0.19873671067857546,0.025389906371999692,-2.074392687875744e-18,0.015013911289647458
1.608333333333329,3,True,0.14999312373230808,0.05675416679533811,-3.523881474089047e-18,0.007017786869158278
1.6124999999999956,3,True,0.15431794302594154,0.06265911380226906,-5.000755413692241e-18,0.010753966407097216
1.6166666666666623,3,True,0.0899309868839061,0.06780961542864827,-6.5677128138284064e-18,-0.0033265396009409705
1.620833333333329,3,True,0.09224358496387404,0.020640246028641496,-2.6996769410945853e-18,0.007087092629793278
1.6249999999999956,3,True,0.08974438186529633,0.02417687483291679,-2.699676941094585e-18,0.015291338801826575
1.6291666666666622,3,True,0.15889244458299107,0.07702462272064219,-1.1568054259902276e-18,0.01326940199516471
1.6333333333333289,4,True,0.1298661229998113,0.03214341777678274,-1.1568054259902276e-18,0.005089966858994436
1.6374999999999955,4,True,0.04618243178564953,0.02423354406704407,9.356704899582727e-18,0.0006640426066481206
1.6416666666666622,4,True,0.107228163760372,0.02685378678880483,1.3156120433876102e-17,-0.009702289257875599
1.6458333333333288,4,True,0.08487624419150941,0.02699546448743404,1.763848559559201e-17,-0.01816530608376781
1.6499999999999955,4,True,0.0467325621810304,0.037577457974506144,1.763848559559201e-17,0.015335487476153136
1.6541666666666621,4,True,0.08418729969247371,0.007079593832708014,1.763848559559201e-17,7.965392146700226e-05
1.6583333333333288,4,True,0.09580658796249687,0.06786320130879209,1.763848559559201e-17,0.0032286708164003743
1.6624999999999954,4,True,0.1478337224072674,0.03155595490977712,1.763848559559201e-17,0.007076178975906691
1.666666666666662,4,True,0.1659871509269871,0.052496160316386827,1.763848559559201e-17,-0.019967696637522986
1.6708333333333287,4,True,0.12784474749703278,0.03775591397865307,1.7638485595592008e-17,0.016165709726825246
1.6749999999999954,4,True,0.22031826123115988,0.0680411814183321,1.7638485595592008e-17,-0.001633496166876654
1.679166666666662,4,True,0.13808564372289583,0.045899875274112475,1.651938812879419e-17,-0.017863644277296562
1.6833333333333287,4,True,0.20338594268145033,0.037482307386708075,1.541599680115913e-17,0.011163532388435189
1.6874999999999953,4,True,0.08297999820760074,0.03263581940106614,1.5259238775015086e-17,0.01809223488287717
1.691666666666662,4,True,0.07213832348414011,0.03273809595963405,1.4195045455261147e-17,-0.004463608859759824
1.6958333333333286,4,True,0.09173033263050052,0.036134247887577166,1.0400365407318687e-17,-0.0165396439523432
1.6999999999999953,4,True,0.04733402300373174,0.06421079197424119,8.237216908157105e-18,0.021112371046435065
1.704166666666662,4,True,0.07979572575817544,0.046013329319437225,3.749300103016001e-18,0.000842048915003207
1.7083333333333286,4,True,0.057491029845016535,0.025135355806845044,3.5548742022947347e-19,-0.00892698626861322
1.7124999999999952,4,True,0.13647302691671467,0.049192594210693864,-4.4849427548268075e-18,0.02104775275676313
1.716666666666662,4,True,0.12298831692095392,0.03313165023702452,-6.910984004040403e-18,-0.0033069837721445435
1.7208333333333286,4,True,0.14617353177656273,0.04451145853168856,-8.661995447157846e-18,0.007170221358254995
1.7249999999999952,4,True,0.08048620543134312,0.031111027471910444,-9.946185836438624e-18,-0.014620919410286582
1.7291666666666619,4,True,0.15485210637311675,0.02950245750672359,-9.946185836438624e-18,-0.004281977544530826
1.7333333333333285,4,True,0.18250012440439367,0.03312242802625124,-9.946185836438624e-18,0.001341433891281391
1.7374999999999952,4,True,0.12958532451868987,0.03022933222615839,-9.946185836438624e-18,-0.017741501269562494
1.7416666666666618,4,True,0.14299830938767694,0.07102962662570285,-9.946185836438625e-18,-0.004742220105149305
1.7458333333333285,4,True,0.10071428856234972,0.014130566701000675,-9.946185836438625e-18,-0.000628284937983032
1.7499999999999951,4,True,0.07856491925851587,0.020909521196085898,-9.946185836438625e-18,-0.014944742468317613
1.7541666666666618,4,True,0.13099433608308153,0.03080156299768102,-9.946185836438625e-18,0.013162023850656823
1.7583333333333284,4,True,0.04850049910755185,0.04806089535496713,-1.1345491186766284e-17,-0.003979726880341763
1.762499999999995,4,True,0.11678880853873354,0.027262268540405542,-1.272001905366825e-17,0.02182519249827774
1.7666666666666617,4,True,0.13047638290170718,0.03390787070394156,-1.3120111163807191e-17,-0.007754079862269426
1.7708333333333284,4,True,0.10622166412001106,0.054606417044048214,-1.4296419044460122e-17,-0.021140257608719598
1.774999999999995,4,True,0.07493284070494823,0.030922601242732207,-1.4307247559243326e-17,-0.005727579054314199
1.7791666666666617,4,True,0.14185466555250065,0.030084055259376366,-1.2485256320378766e-17,-0.002919012336995219
1.7833333333333283,4,True,0.11047622077670895,0.021827035401298628,-1.1398071139523229e-17,-0.006510661157168512
1.787499999999995,4,True,0.10495404214115925,0.028550990031659985,-1.1398071139523229e-17,0.0026748849165475997
1.7916666666666616,4,True,0.0648896031368035,0.030911315635207003,-1.1398071139523229e-17,-0.002788883319141757
1.7958333333333283,4,True,0.11319834468750035,0.03176447428689402,-1.1398071139523229e-17,0.008752798909697709
1.799999999999995,3,True,0.15273816899847079,0.05818919361661687,-1.1398071139523229e-17,0.03724056191826023
1.8041666666666616,4,True,0.06039762867606786,0.04523730689070205,-1.139807113952323e-17,0.023343240066658538
1.8083333333333282,4,True,0.07168744559496196,0.021464952615475083,-1.139807113952323e-17,0.02008340854102585
1.812499999999995,4,True,0.08134378867110646,0.0224655642748377,-1.0787963480308385e-17,-0.00014463086910826084
1.8166666666666615,4,True,0.16451421906001024,0.025627799976516444,-1.0159180224605664e-17,0.009751353121613661
1.8208333333333282,4,True,0.14815353951994684,0.03943116683428235,-9.971681193882626e-18,-0.006400901176461954
1.8249999999999948,4,True,0.2293820666196061,0.05216410717480345,-1.1203134418580652e-17,-0.0019302835491029355
1.8291666666666615,4,True,0.044389140392037646,0.04038463356574982,-1.2770025068927627e-17,0.01814972455576739
1.8333333333333282,4,True,0.17329279734850384,0.0376566316289853,-1.3582349563986114e-17,-0.01463382737917198
1.8374999999999948,4,True,0.07140243313897413,0.011369430501212766,-1.3582349563986114e-17,0.00038220195947224176
1.8416666666666615,4,True,0.09890683372685029,0.0329094274247691,-1.3369275198371056e-17,0.004505923939930487
1.845833333333328,4,True,0.0820762563109864,0.02694426240767872,-1.3285222337979601e-17,0.01748936174554334
1.8499999999999948,4,True,0.10691651628834774,0.04766481509071271,-1.5910707281449847e-17,0.013121970079946636
1.8541666666666614,4,True,0.09007329588783308,0.03145834967633117,-1.7680888210035063e-17,-0.002044330170351871
1.858333333333328,4,True,0.09601686416079934,0.019045503196892064,-1.7680888210035063e-17,0.007237985962264265
1.8624999999999947,4,True,0.09737279378798774,0.02338323178174514,-1.7680888210035066e-17,0.013338756757444644
1.8666666666666614,4,True,0.1326240291086174,0.04812527081130543,-1.7680888210035066e-17,-0.0007573282315457823
1.870833333333328,4,True,0.11260497357436126,0.014629453765836468,-1.7680888210035066e-17,0.0002794934552568501
1.8749999999999947,4,True,0.045646769145853895,0.09635387238114533,-1.7680888210035066e-17,0.0016796559078293047
1.8791666666666613,4,True,0.10307712851565837,0.013404348597478135,-1.4283633061554022e-17,-0.004384251106670288
1.883333333333328,4,True,0.04703252107437786,0.04276979646840797,-1.0289289699066522e-17,0.005164618218534116
1.8874999999999946,4,True,0.09694412223718915,0.01910294776796401,-8.08231785749107e-18,-0.0071358951967858564
1.8916666666666613,4,True,0.2536178433729818,0.04887080413143458,-8.082317857491072e-18,-0.006960062340662035
1.895833333333328,4,True,0.0640827245451436,0.05707075917040502,-8.082317857491072e-18,0.018537968452605334
1.8999999999999946,4,True,0.08016680521794091,0.01572856867575367,-8.082317857491072e-18,0.001478747625531181
1.9041666666666612,4,True,0.03467010984258706,0.019549226042007282,-8.082317857491072e-18,0.0013759905680194326
1.9083333333333279,4,True,0.10246434400058525,0.04390864785219389,-1.400844719470707e-18,-0.01237794924723317
1.9124999999999945,4,True,0.05056157971124439,0.03177014215342505,7.450334327887986e-18,-0.0034840984786080912
1.9166666666666612,4,True,0.09903433921806423,0.010081717843018074,1.613066558294451e-17,-0.007143477099826868
1.9208333333333278,4,True,0.21209917771392933,0.02170971393624469,2.394651744816858e-17,0.010261705692966094
1.9249999999999945,4,True,0.25385478904251385,0.030673184186107025,3.073209570909504e-17,-0.012106725681363527
1.9291666666666611,4,True,0.06837101563997128,0.02290246274202586,3.267460415829651e-17,-0.018769225982294382
1.9333333333333278,4,True,0.12256575569927541,0.025251276095562977,3.667284010014615e-17,0.0008323027468978949
1.9374999999999944,4,True,0.1377635742718813,0.051038582110901246,3.7424317469679477e-17,-0.007647341836283203
1.941666666666661,4,True,0.07584107693382144,0.045444090894152266,3.7424317469679477e-17,-0.0006485253270424146
1.9458333333333278,4,True,0.23745358841212214,0.057243588068717946,1.8400669527260272e-17,-0.014154852216683583
1.9499999999999944,4,True,0.03490776717152258,0.04494770331858616,-3.715168169730056e-17,-0.006492743655694362
1.954166666666661,4,True,0.05985775794186204,0.012959115618033814,-4.383689197690121e-17,-0.005220464021753732
1.9583333333333277,4,True,0.11118110417420042,0.0760690984112093,1.7994349837920306e-17,-0.017369357013279792
1.9624999999999944,4,True,0.056755214176965996,0.014910134305363266,7.555991770995191e-17,0.00014635527540762341
1.966666666666661,4,True,0.09515333304483946,0.01741205241529418,7.561883330864712e-17,0.00456990284337971
1.9708333333333277,4,True,0.10372228315401484,0.024824394351287547,7.561883330864712e-17,-0.006903659049769223
1.9749999999999943,4,True,0.08541200081382119,0.02237362041092416,2.000265649915747e-18,-0.016057879642738786
1.979166666666661,4,True,0.12977799628096334,0.004651674434824335,2.000265649915747e-18,-0.002083922572972994
1.9833333333333276,4,True,0.2153604305624409,0.06399914424739649,6.217429443221402e-19,-0.023531097058272294
1.9874999999999943,4,True,0.08309120041458444,0.01875479959334739,6.217429443221402e-19,-5.069893461761138e-05
1.991666666666661,4,True,0.05480930994710376,0.010327093426680607,6.217429443221402e-19,0.010254536840112566
1.9958333333333276,4,True,0.09439914265455163,0.04275008735515921,6.217429443221403e-19,0.010455252619798175
1.9999999999999942,4,True,0.11971412925613724,0.042979086495956845,6.217429443221404e-19,-0.03171681789207145
2.004166666666661,4,True,0.13576314904585357,0.06820440408099934,6.217429443221404e-19,0.011903376569355043
2.008333333333328,4,True,0.09567498204063019,0.03231254569911581,-9.233909493484919e-18,-0.006211319446125551
2.012499999999995,4,True,0.11967014639108359,0.057716671736422843,-3.0495693712396426e-17,0.014024330921745954
2.0166666666666617,4,True,0.05695539648192953,0.05670862556449906,-7.20637846194004e-17,0.023020251709884886
2.0208333333333286,4,True,0.07800719913974545,0.02819772026408349,-1.240428972947942e-16,-0.0008109405530420102
2.0249999999999955,4,True,0.12213659328675762,0.010363072728498788,-1.8855911842405245e-16,0.0021121481887025
2.0291666666666623,4,True,0.04857728110597687,0.02359417549599718,-1.8855911842405245e-16,0.003240185773104029
2.033333333333329,4,True,0.10757901078155659,0.03014220292220679,-1.8855911842405245e-16,0.005290343703610954
2.037499999999996,4,True,0.1365722661577323,0.0810451969990889,-1.2804102713509093e-16,0.013080636780224125
2.041666666666663,4,True,0.1715725951951778,0.027872557512270277,2.3056754957030427e-17,-0.0013509912987314248
2.04583333333333,4,True,0.10227581301892882,0.03532268787143237,1.7322231677102015e-16,0.016275987879691475
2.0499999999999967,4,True,0.14031774316978501,0.03169593574275394,2.7547419123293975e-16,0.012706417845212235
2.0541666666666636,4,True,0.11793952626966912,0.04897097536623669,3.848440056225315e-16,0.011431161462160895
2.0583333333333305,4,True,0.18634185814720505,0.055767541900333416,4.113202142221836e-16,-0.03528922839556165
2.0624999999999973,4,True,0.09506088065697228,0.04934749706656814,4.113202142221836e-16,-0.01835456245568707
2.066666666666664,4,True,0.1363067625469057,0.012566439284485975,4.932879534096436e-16,0.010879858097217898
2.070833333333331,4,True,0.07740698213605642,0.02129214095096269,5.735762887400544e-16,0.015250164299006868
2.074999999999998,4,True,0.11069366206292608,0.03406089504570344,5.731553963712648e-16,0.020923933631859376
2.079166666666665,4,True,0.11944807993767302,0.02237321042219654,5.731553963712648e-16,-0.0004524206621710145
2.0833333333333317,4,True,0.20712299267479092,0.0267283066097486,5.241024741042709e-16,-0.00637886462947733
2.0874999999999986,4,True,0.18856770563421968,0.024085343324702805,5.660255248419831e-16,0.0013386925843540756
2.0916666666666655,4,True,0.11937021373284479,0.0846816606239767,5.755064372181841e-16,0.023708934732870942
2.0958333333333323,4,True,0.08226068957835467,0.04194223446533729,6.328792889618435e-16,0.006358048744522847
2.099999999999999,4,True,0.07905328205145455,0.024151780259606292,6.759672555946848e-16,0.02209208707803534
2.104166666666666,4,True,0.1137997581004855,0.05865116722542704,9.028360287623893e-16,0.014828417383359943
2.108333333333333,4,True,0.05957946223399878,0.008334706430829267,1.032616252107513e-15,-0.007765997367724755
2.1125,4,True,0.14275672161595393,0.05859569774696148,1.130461380031954e-15,0.005601245513112555
2.1166666666666667,4,True,0.14298854455309773,0.014846908579929085,1.1700741260109607e-15,0.0077183495374967765
2.1208333333333336,4,True,0.1878703536084459,0.042891649461907315,1.1700741260109607e-15,-0.007423335351512803
2.1250000000000004,4,True,0.14859780094657143,0.025133285689880422,1.1615345285282243e-15,-0.009975728877178224
2.1291666666666673,4,True,0.08742980526614746,0.012592152579703175,1.0906430945318942e-15,0.001935282333702903
2.133333333333334,4,True,0.1724724687276482,0.01198502180778219,9.416543465304458e-16,0.0037468454916691715
2.137500000000001,4,True,0.03807485036573231,0.028895908932054664,6.868163289016437e-16,0.02191207361055523
2.141666666666668,4,True,0.037508138287905814,0.05666910416921497,5.224394681073e-16,-0.014323156388032306
2.145833333333335,4,True,0.10664407605270025,0.027255777199030617,4.0342478670741373e-16,0.018144391232978035
2.1500000000000017,4,True,0.06268682685577658,0.05044643029895286,3.952984206595473e-16,-0.03547502073234942
2.1541666666666686,4,True,0.04703540313983744,0.05656019658008475,3.8696585547251685e-16,0.019849087953396093
2.1583333333333354,4,True,0.13232992222741305,0.046335726960635766,3.325921087502916e-16,0.003924930057427492
2.1625000000000023,4,True,0.07089413824060962,0.05407609550414642,2.724584497656674e-16,-0.013452631539826456
2.166666666666669,4,True,0.0950504915900507,0.05663905838139025,2.5460607737783407e-16,0.014297668883363363
2.170833333333336,4,True,0.10109241246227435,0.031064161677423735,2.46207374490348e-16,0.0020179406417408815
2.175000000000003,4,True,0.08149125921761886,0.052031421376137844,2.4620737449034797e-16,0.019267914341405974
2.17916666666667,4,True,0.1347539377575104,0.029802847167968594,2.4620737449034797e-16,-0.014032083298632033
2.1833333333333367,4,True,0.06553967553991107,0.04127786329389942,2.4620737449034797e-16,-0.0006498049532177916
2.1875000000000036,4,True,0.16280143286022658,0.05846310575244592,2.1473669031994876e-16,0.002350741233967632
2.1916666666666704,4,True,0.08376446418724595,0.027219939417713022,1.6589145678767054e-16,-0.009972216015826325
2.1958333333333373,4,True,0.04508372755914162,0.08144854847792452,1.0142213569657026e-16,0.024523754354780162
2.200000000000004,4,True,0.2205251946730721,0.023375137576676915,3.192312021650552e-17,0.010622789328344037
2.204166666666671,4,True,0.1009588730398662,0.019334016096208356,-7.116350820159647e-17,0.01054946921409761
2.208333333333338,4,True,0.0883314235198704,0.044486440328574524,-1.33925617025298e-16,-0.004456235460440271
2.212500000000005,4,True,0.08883952720699163,0.013184979428010826,-2.8236635797928404e-16,-0.009063694878898593
2.2166666666666717,4,True,0.029062228856563857,0.05230039737463691,-4.603113951153458e-16,-0.025152718457010562
2.2208333333333385,4,True,0.1438709255984632,0.026385294158594655,-5.92560178500202e-16,-0.018093062124065556
2.2250000000000054,4,True,0.06218153386035159,0.05025680928666073,-5.92560178500202e-16,0.01764823125987413
2.2291666666666723,4,True,0.0635406108294624,0.030143875421723382,-5.92560178500202e-16,-0.00986636468542879
2.233333333333339,3,True,0.0708280878786289,0.007246585880223551,-5.92560178500202e-16,-0.002692606176289328
2.237500000000006,4,True,0.22059964643337984,0.03200003691717223,-5.92560178500202e-16,0.002705930949780424
2.241666666666673,4,True,0.1809833788835626,0.032617437354615336,-5.92560178500202e-16,-0.014364869190138577
2.24583333333334,4,True,0.23428419359448452,0.08542289800991669,-6.227633884052671e-16,-0.004971629834227527
2.2500000000000067,4,True,0.05558197697448623,0.0386308752625631,-6.952099656207104e-16,-0.004688821578899632
2.2541666666666735,4,True,0.10500802856414654,0.023791154565163543,-7.16136013127862e-16,-0.013518037549739738
2.2583333333333404,4,True,0.08963563360411558,0.02053041901029016,-7.884333019874196e-16,-0.005331513445103813
2.2625000000000073,4,True,0.11445570137940732,0.03613328050751935,-7.762327600904806e-16,-0.006718128491170279
2.266666666666674,4,True,0.03289369862643394,0.022135827740552873,-7.614542691764247e-16,0.007614463100063525
2.270833333333341,4,True,0.06695112871235195,0.03347287404337292,-7.356019549723726e-16,0.019211015552723868
2.275000000000008,4,True,0.133157936331233,0.01136179655597504,-7.718605935539176e-16,-0.0033947522248914327
2.279166666666675,4,True,0.13536090627382003,0.06202639731006589,-7.224385668029467e-16,0.009778776297285142
2.2833333333333417,4,True,0.08322381954528957,0.006432733161540921,-6.590584623321612e-16,-0.005108710732364144
2.2875000000000085,4,True,0.23784107290894196,0.03517979369583207,-6.590584623321612e-16,-0.022970708450066494
2.2916666666666754,4,True,0.11161239021497697,0.05510731406667882,-6.590584623321612e-16,-0.010323302652001582
2.2958333333333423,4,True,0.09543068783331143,0.03463660482616026,-6.590584623321612e-16,0.025499957010246203
2.300000000000009,4,True,0.1186854366406296,0.012669957422623552,-6.590584623321612e-16,0.000848275714677628
2.304166666666676,4,True,0.11904339626520799,0.04975379844929999,-6.275778733546584e-16,-0.007840841892583708
2.308333333333343,4,True,0.1372530146217577,0.027881746151706664,-6.084373849982159e-16,0.0021492079861790336
2.3125000000000098,4,True,0.12552454424787043,0.03752289901939645,-5.848754895314737e-16,-0.0076468382886620305
2.3166666666666766,4,True,0.04720898942520597,0.03674079616395933,-5.848754895314737e-16,0.013296688074859297
2.3208333333333435,4,True,0.11188013453236316,0.013083955311635476,-6.043339141957936e-16,-0.0034732350343263866
2.3250000000000104,4,True,0.17477152529548043,0.013078422972645729,-6.627387311524893e-16,0.0048768492183553615
2.3291666666666773,4,True,0.05744289027659802,0.01842414981576123,-7.447291939775861e-16,0.0063062360794289805
2.333333333333344,4,True,0.09186376661501648,0.059032558378974566,-8.457249712311642e-16,-0.014259110775043323
2.337500000000011,4,True,0.16753966980002225,0.02580787655561781,-8.457249712311642e-16,0.005229718181488589
2.341666666666678,4,True,0.08586958852257791,0.0077528501052615455,-8.65587528581206e-16,-6.166360107961986e-05
2.3458333333333448,4,True,0.12079796354418275,0.03326429697052135,-9.44580532022601e-16,0.007282584520770619
2.3500000000000116,4,True,0.05673246841535015,0.016872797298985876,-1.0053850970526934e-15,0.00961648076837865
2.3541666666666785,4,True,0.06506502819057362,0.019715810907064712,-1.0497734876784234e-15,-0.0066454030146728136
2.3583333333333454,4,True,0.10442927888911091,0.03372668961995121,-1.0497734876784234e-15,-0.010578976612774125
2.3625000000000123,4,True,0.050439830982317566,0.04243537050035607,-1.0497734876784234e-15,0.009793003744674325
2.366666666666679,4,True,0.19720563272877698,0.03849152412810303,-1.1416528986502805e-15,-0.001262237780731801
2.370833333333346,4,True,0.08532000167182201,0.03261654754066382,-1.331294680474114e-15,0.006011897005453974
2.375000000000013,4,True,0.1086874211125981,0.06989589157577367,-1.5747027054514539e-15,-0.0003126553060559262
2.3791666666666798,4,True,0.07143001533534882,0.01293415576811272,-1.8306737178520563e-15,-0.012679508932427362
2.3833333333333466,4,True,0.10990790951589256,0.02552337772984252,-2.125397080034561e-15,-0.003215415112899116
2.3875000000000135,4,True,0.10584867330112353,0.013850364924436379,-2.3941204325874273e-15,0.0030420673441776767
2.3916666666666804,4,True,0.04611490666947616,0.002621369299053866,-2.5935144739219717e-15,-0.002578827033599456
2.3958333333333472,4,True,0.09973363811974764,0.06333603587386359,-2.7390354960560552e-15,-0.01885271266162571
2.400000000000014,4,True,0.23671015380684923,0.041838126665256964,-2.8108814602077277e-15,0.0058799403074836784
2.404166666666681,4,True,0.07076206210041736,0.041824713563979404,-2.7930943589088162e-15,-0.006012928503245377
2.408333333333348,4,True,0.0443864203261322,0.03526444897175883,-2.784351005223789e-15,-0.016384542324355093
2.4125000000000147,4,True,0.09701770271163417,0.03380969299027619,-2.7797801180069807e-15,0.001566003428947733
2.4166666666666816,4,True,0.11194289484145457,0.05335609145287409,-2.777189616091761e-15,-0.023238890505548813
2.4208333333333485,4,True,0.07645007499068918,0.050185336623701324,-2.774326435678847e-15,0.0056340294380702914
2.4250000000000154,4,True,0.12291786845489926,0.03557209456020432,-2.7737502038592785e-15,-0.012615394399390314
2.4291666666666822,4,True,0.024504021858037583,0.04840563069886817,-2.86633037446608e-15,0.00448008549001441
2.433333333333349,4,True,0.09200965450147307,0.016679609965426098,-2.9240056655146315e-15,0.008510012423265037
2.437500000000016,4,True,0.23372221625001857,0.037539439744827395,-2.866123059423308e-15,0.0020546177980039966
2.441666666666683,4,True,0.09392672388669586,0.02325661732793257,-2.7857513574692136e-15,0.009688020289326579
2.4458333333333497,4,True,0.039552060521959094,0.03401640940104585,-2.6405573853490628e-15,-0.010107109945579605
2.4500000000000166,4,True,0.0534096381173705,0.03709971278697669,-2.5906505274763092e-15,0.021541189610402415
2.4541666666666835,4,True,0.06907478527617192,0.04726948861053426,-2.6247314705038976e-15,0.006970333223263816
2.4583333333333504,4,True,0.13249714371872298,0.024939142658904196,-2.7410855709723122e-15,-0.006152495955008125
2.4625000000000172,4,True,0.032498463485480626,0.01821581153467437,-2.8792508267866357e-15,-0.014271713828370005
2.466666666666684,4,True,0.06809981883002374,0.028170873628512328,-3.004068429137106e-15,-0.006166444002586321
2.470833333333351,4,True,0.13484959707556687,0.016347258039900926,-3.1000734601647387e-15,0.002701949601478778
2.475000000000018,4,True,0.03161868346382238,0.018483431482936394,-3.1701790664402734e-15,0.004960709123644729
2.4791666666666847,4,True,0.12286003392797862,0.026783739036870296,-3.220116772577075e-15,0.020360495780209188
2.4833333333333516,4,True,0.09112142677394268,0.017741182439801082,-3.220116772577075e-15,-0.005273238980536048
2.4875000000000185,4,True,0.2571479854685588,0.02933821323987648,-3.2160368218180178e-15,0.0004153719595086841
2.4916666666666853,4,True,0.041269199270239955,0.030607865470845968,-3.2402094252619574e-15,0.008034888863135591
2.495833333333352,4,True,0.13219635615554193,0.024076343540816662,-3.2395299474857686e-15,-0.0005007469170469546
2.500000000000019,4,True,0.17357356183111725,0.02893111867691063,-3.224427940935363e-15,0.021162773343213145
2.504166666666686,4,True,0.18730500395425517,0.022986503322512463,-3.244805495621704e-15,-0.003264763964619308
2.508333333333353,4,True,0.05081085133178255,0.01196007690710397,-3.3291542618437104e-15,0.011069800366426765
2.5125000000000197,4,True,0.05272811408766328,0.013599297291694127,-3.3765953893662636e-15,-0.008145176828851781
2.5166666666666866,4,True,0.0757351107495115,0.03585169014092482,-3.3979119979694445e-15,-0.004022813467832771
2.5208333333333535,4,True,0.0706345039636163,0.026073820546103747,-3.4418455418365582e-15,0.012560928559475099
2.5250000000000203,4,True,0.05244132502771867,0.03800021673209266,-3.477215468916535e-15,-0.01662632393256147
2.529166666666687,4,True,0.04706431995377005,0.06199381100816307,-3.5049082340395783e-15,0.009517009971012447
2.533333333333354,4,True,0.03425239766975814,0.014886589546341865,-3.524269495485407e-15,-0.006814144098176793
2.537500000000021,4,True,0.08574249899951501,0.042348929388095584,-3.5369258225994797e-15,-0.026406422453636492
2.541666666666688,4,True,0.03880051124436016,0.032542549705598604,-3.5464656758822575e-15,-0.02233428724785474
2.5458333333333547,4,True,0.12942244730307856,0.058238038499099976,-3.573323134328311e-15,-0.004050082740529381
2.5500000000000216,4,True,0.15524626163894734,0.039992291020432356,-3.752952337711171e-15,-0.00015946378241362983
2.5541666666666885,3,True,0.08451927957175842,0.051592246211860156,-3.876207487122314e-15,0.002307933908712207
2.5583333333333553,3,True,0.108605649689739,0.029469153275239655,-3.862634475550652e-15,0.005822772911064169
2.562500000000022,3,True,0.13480916928040093,0.032384596223543255,-3.76281197625773e-15,-0.014633997086720705
2.566666666666689,3,True,0.08879782491716706,0.01793758902579878,-3.692624676870313e-15,0.016453221120125584
2.570833333333356,3,True,0.0869119171955666,0.014258348319488067,-3.64061590115954e-15,-0.0023138024650819155
2.575000000000023,3,True,0.19327083002195836,0.08549214936028861,-3.645184952748276e-15,-0.012978220249596776
2.5791666666666897,3,True,0.10912965666277369,0.014654198729805272,-3.520562421473963e-15,0.001190184809560852
2.5833333333333566,3,True,0.08667523292825483,0.013978506643890262,-3.391005024411488e-15,-0.0018500815918927435
2.5875000000000234,3,True,0.12207251603957875,0.019843335552842276,-3.307733635754142e-15,-0.0003276661895321129
2.5916666666666903,3,True,0.13561860944657753,0.0351031843409797,-3.2420274365504943e-15,-0.029792186625768793
2.595833333333357,3,True,0.13087352259750723,0.014644762814251111,-3.2420274365504943e-15,0.011085084733879202
2.600000000000024,3,True,0.1787602828189728,0.004291119685598688,-3.2420274365504943e-15,-0.0036792318824946037
2.604166666666691,3,True,0.05223753565143756,0.027136923562437135,-3.250481966470502e-15,0.002315679698921765
2.608333333333358,3,True,0.19603449945802656,0.0664097608442698,-3.2307613472324892e-15,0.03765246102819559
2.6125000000000247,3,True,0.1947760017854976,0.06856512055258498,-3.202401496173385e-15,0.0001795796598419181
2.6166666666666916,3,True,0.10531198880234244,0.02411002658135226,-3.2030483343057004e-15,-0.007903902741446157
2.6208333333333584,3,True,0.09591110458403826,0.019392306400116778,-3.143950255620706e-15,0.005867233306815203
2.6250000000000253,3,True,0.1560137482150358,0.03440800102614653,-3.083973652379732e-15,0.015781791715783474
2.629166666666692,3,True,0.24021344105302997,0.08990074580100779,-3.0182643634039418e-15,-0.0008773079867130236
2.633333333333359,3,True,0.05298640845135234,0.013829742305339293,-2.8837392873966177e-15,-0.007620802107145936
2.637500000000026,3,True,0.06183492594642501,0.031220720173794382,-2.740641733938107e-15,-0.00646311642659134
2.641666666666693,3,True,0.05815652915539694,0.02475642602496335,-2.647505251745154e-15,-0.004731348256767254
2.6458333333333597,3,True,0.144964812651305,0.04204898651115386,-2.5510160644111115e-15,0.024367787877269793
2.6500000000000266,4,True,0.039704861559009146,0.045603151114194246,-2.476315949180133e-15,-0.011885700770349658
2.6541666666666934,4,True,0.0315001414681431,0.05346611647537001,-2.394678613360662e-15,0.0026841517923775855
2.6583333333333603,4,True,0.1571245152503592,0.03138616653553653,-2.3582505205102975e-15,-0.011702261581963606
2.662500000000027,4,True,0.07943576181368266,0.04217801267729718,-2.3308177649415528e-15,-0.00698623932469499
2.666666666666694,4,True,0.06562482741168599,0.032412804989702025,-2.4797192520016428e-15,0.0008415966078109957
2.670833333333361,4,True,0.05113534656075779,0.011736425448970458,-2.6705356705243016e-15,0.004778514312512394
2.675000000000028,4,True,0.2609401002706179,0.01003671809573338,-2.7792602823164763e-15,-0.005249773700592713
2.6791666666666947,4,True,0.06826764781465003,0.034459386838845196,-2.7532438493303153e-15,-0.004154943541910898
2.6833333333333615,4,True,0.0748901804859472,0.014687781378056828,-2.735876174355044e-15,-0.007812752430851938
2.6875000000000284,4,True,0.07430010844889831,0.050689775743019846,-2.7851609757862832e-15,-0.014898033047232001
2.6916666666666953,4,True,0.07219810034888406,0.05132963997787509,-2.9353427406939653e-15,-0.012224594621992574
2.695833333333362,4,True,0.14197315997498847,0.033333803842206765,-3.1609361971734928e-15,0.01320328718369049
2.700000000000029,4,True,0.1305341628879948,0.0386153966776236,-3.3386015879873452e-15,-0.016791791884205317
2.704166666666696,4,True,0.049876090710144934,0.03698360050251074,-3.5000973984659127e-15,0.005785620538889418
2.708333333333363,4,True,0.07358587835134595,0.04118850960091406,-3.564935335755667e-15,0.0012491263383150068
2.7125000000000297,4,True,0.23710184667767875,0.027483081686887664,-3.613867513297844e-15,-0.01871232588196188
2.7166666666666965,4,True,0.09180279236871254,0.04886216330162992,-3.613867513297844e-15,0.0062767201865592
2.7208333333333634,4,True,0.07337038628742357,0.030937381240047933,-3.613867513297844e-15,0.009329528232769488
2.7250000000000303,4,True,0.11111907786413966,0.0545200724676725,-3.613867513297844e-15,0.011955520842886001
2.729166666666697,4,True,0.12268990292061899,0.0194096025188054,-3.736479293474647e-15,-0.008372162572053591
2.733333333333364,4,True,0.04030104482279144,0.020111298055821982,-3.778472151701769e-15,0.010262838008815594
2.737500000000031,4,True,0.07550703962027044,0.012798798602574532,-3.786823522190831e-15,0.005033660673161125
2.741666666666698,4,True,0.0979799921907207,0.05203104138353995,-3.7886030147810946e-15,-0.011091472784197382
2.7458333333333647,4,True,0.024035332085790454,0.0363192632497962,-3.849105488970849e-15,-0.0011563354753785996
2.7500000000000315,4,True,0.0507042493437521,0.058932387104064794,-3.906860870279117e-15,0.014479063442448595
2.7541666666666984,4,True,0.04642992335900306,0.011708312616227736,-3.9710662336536006e-15,0.005564316417905091
2.7583333333333653,4,True,0.031065681747657135,0.029540887443152062,-3.929158427438759e-15,0.016532408682723022
2.762500000000032,4,True,0.1183326806479653,0.017238751473138275,-3.897497261720005e-15,-0.004599647926884652
2.766666666666699,4,True,0.12156675707770764,0.05375436624893075,-3.867653495247435e-15,0.014897636291753936
2.770833333333366,4,True,0.11926423970565231,0.03083673876241126,-3.84440292614988e-15,0.010727897572800727
2.7750000000000328,4,True,0.10003347354644576,0.02053032740757336,-3.834611807055684e-15,0.0026994634838398315
2.7791666666666996,4,True,0.03762070101920563,0.04371690920411763,-3.834611807055684e-15,-0.0006224936960681518
2.7833333333333665,4,True,0.06001527591260475,0.048423125742508275,-3.834611807055684e-15,0.010279193355195471
2.7875000000000334,4,True,0.07768268303929816,0.06902452318331977,-3.8926260194200605e-15,0.010753612904933986
2.7916666666667003,4,True,0.06739275877809381,0.010580606645829972,-3.9140131169059464e-15,0.00449677338132556
2.795833333333367,4,True,0.09798360766698515,0.028640798112215697,-4.002002577934805e-15,0.0016389676196227633
2.800000000000034,4,True,0.10466270294108398,0.021104137672850087,-4.090710479057694e-15,-0.01092822996573335
2.804166666666701,4,True,0.07174737035270136,0.03851622178731426,-4.225194487610198e-15,-0.008982945184590715
2.8083333333333678,4,True,0.02726780313107104,0.02919539691070102,-4.253310390578566e-15,0.002668363349089477
2.8125000000000346,4,True,0.03124773988727636,0.016575083830879914,-4.244444712721083e-15,-0.006363850615696007
2.8166666666667015,4,True,0.10110235178367952,0.0666570782328799,-4.221096799999986e-15,-0.012039656887581072
2.8208333333333684,4,True,0.09005474651596519,0.05563593786123444,-4.213436545532822e-15,0.010111371527516889
2.8250000000000353,4,True,0.14120200397403468,0.04850416051170066,-4.205491742147801e-15,0.02942585634324312
2.829166666666702,4,True,0.12046262863357188,0.0281958177987422,-4.199126742763967e-15,0.01076284777276919
2.833333333333369,4,True,0.019801121070662595,0.021289955639759797,-4.1945725880682376e-15,-0.006966718416157989
2.837500000000036,4,True,0.10456797957417115,0.040357054030090544,-4.19157650123905e-15,0.013450544187634498
2.8416666666667028,4,True,0.03707813645494627,0.036891350919401454,-4.19157650123905e-15,-0.010594299818690417
2.8458333333333696,4,True,0.1968928773555109,0.034962192280139644,-4.210012047811792e-15,-0.011405393476511708
2.8500000000000365,4,True,0.16659399398162997,0.07266737914423793,-4.2573052342629726e-15,0.0027349264959614455
2.8541666666667034,4,True,0.07260282955024905,0.025752700380817267,-4.3717290161056405e-15,0.023523242480683416
2.8583333333333703,4,True,0.11822366937470097,0.032121350933505884,-4.3131014963851154e-15,-0.0010204940354035842
2.862500000000037,4,True,0.1299613756602312,0.01501600468898882,-4.256071958915984e-15,-0.004551208729961114
2.866666666666704,4,True,0.06715342906862422,0.08362703530528359,-4.200184581309216e-15,0.004450063592780747
2.870833333333371,4,True,0.08722765609938289,0.008797421362831591,-4.146832921655289e-15,-0.005975477070028845
2.8750000000000377,4,True,0.026476524315358282,0.037029975548621384,-4.150189731773005e-15,0.00819444885321648
2.8791666666667046,4,True,0.17299447434316417,0.017636886103606673,-4.098310717038104e-15,0.014807779356362133
2.8833333333333715,4,True,0.039661514427938326,0.010494386040157616,-4.020562619566453e-15,0.004487036258248912
2.8875000000000384,4,True,0.04645990928366988,0.027833855264849706,-3.8936278203617524e-15,0.010235345327082123
2.8916666666667052,4,True,0.19885958914220966,0.05585560757404606,-3.795918711094531e-15,-0.012987691158545357
2.895833333333372,4,True,0.05545240751953349,0.04076746889410522,-3.71852732303062e-15,0.00487521475277937
2.900000000000039,4,True,0.0481191113181291,0.029623460308334352,-3.6592814569368e-15,0.0072903442461640915
2.904166666666706,4,True,0.12305820773422887,0.06627238552712376,-3.599346859521959e-15,0.01990478186969992
2.9083333333333727,4,True,0.05988155388743157,0.013304039779948403,-3.529526125039018e-15,0.00016036670058807126
2.9125000000000396,4,True,0.1716040109413502,0.05386087047025008,-3.453284680685106e-15,0.004885611020614138
2.9166666666667065,4,True,0.08287224715677521,0.01911993111687588,-3.4112964835262515e-15,-0.011299502590427344
2.9208333333333734,4,True,0.1329052526491178,0.023889785641072022,-3.3947801740679714e-15,-0.007289223312124084
2.9250000000000402,4,True,0.0921538688137651,0.03454241885776214,-3.3860471816575805e-15,0.003765618005092434
2.929166666666707,4,True,0.06929992096367321,0.03100163914063828,-3.3812745750507673e-15,0.00010472658129541057
2.933333333333374,4,True,0.17038966117981863,0.01843311951604554,-3.245577548984424e-15,-0.015719126164521167
2.937500000000041,4,True,0.11704568608795028,0.036488166960483404,-3.2077744051212306e-15,0.023902377131452927
2.9416666666667077,4,True,0.05121836259495497,0.025125763912375806,-3.0914037908235067e-15,0.005422925157644041
2.9458333333333746,4,True,0.09012681941467612,0.026733563607897682,-2.896431356229064e-15,0.007944254275148362
2.9500000000000415,4,True,0.10170956173574655,0.0662926129533814,-2.7461658644655047e-15,0.017355896406824643
2.9541666666667084,4,True,0.11925364321145566,0.057057199677370614,-2.581856430199662e-15,0.014124684688039289
2.9583333333333752,4,True,0.07167573012132161,0.03009150804046863,-2.503736878519942e-15,-0.019924702845687103
2.962500000000042,4,True,0.050949440815355754,0.04453775575542757,-2.4445139367777963e-15,-0.004083702989713739
2.966666666666709,4,True,0.09935490481301912,0.05155887736462745,-2.4509306705354544e-15,-0.010797527046104406
2.970833333333376,4,True,0.07531836061794947,0.02693084991736073,-2.4983247165660856e-15,0.0006448909595564622
2.9750000000000427,4,True,0.04776289765802748,0.05070268361393927,-2.6016800180244096e-15,0.007512405557573789
2.9791666666667096,4,True,0.03787356422469411,0.017512397098561668,-2.71468884602948e-15,-0.007317621597129078
2.9833333333333765,4,True,0.04264869991144451,0.02342699150753288,-2.811108095621772e-15,0.009795719265113093
2.9875000000000433,4,True,0.09208464361721355,0.048789581258768096,-2.9455988492318035e-15,-0.009048660240007585
2.99166666666671,4,True,0.15603410576393373,0.01256518466711868,-3.1078225255355317e-15,0.008708049531225988
2.995833333333377,4,True,0.08230263174921074,0.03361686607945486,-3.149214456872449e-15,0.002240574464712994
3.000000000000044,4,True,0.12265032518150085,0.02499935316879443,-3.0592821778818283e-15,-0.0007042341461111644
3.004166666666711,4,True,0.06398985940969609,0.026771944726558156,-3.0234834009774647e-15,-0.005689008638546679
3.0083333333333777,4,True,0.04168729053581536,0.04950097771927709,-3.0234834009774647e-15,0.025995594382298058
3.0125000000000446,4,True,0.09273775140725705,0.019416794939514717,-3.0234834009774647e-15,0.004353899788101356
3.0166666666667115,3,True,0.14394194300816276,0.07925775500193392,-3.0234834009774647e-15,-0.00284464633517103
3.0208333333333783,3,True,0.17939055672087237,0.04607847405806355,-3.0234834009774647e-15,0.0050179676131457815
3.025000000000045,3,True,0.14603907995396945,0.028048046891790218,-2.9443018750429174e-15,-0.023050807061116504
3.029166666666712,3,True,0.18375416357183058,0.0719551175940036,-2.7750504855753682e-15,-0.019480904615027262
3.033333333333379,3,True,0.09378831555307728,0.04842953225829756,-2.606075886814002e-15,-0.016607530582570064
3.037500000000046,3,True,0.10574973038459717,0.04328307666311265,-2.5707458509865827e-15,0.02213659469174761
3.0416666666667127,4,True,0.08685511476249229,0.00806559398935749,-2.4934957623752006e-15,-0.00289009126072295
3.0458333333333796,3,True,0.17946573060419088,0.08757035052399498,-2.4039309360476327e-15,0.002095108706872686
3.0500000000000465,3,True,0.18177597109756966,0.014028874781886497,-2.2228336394309244e-15,-0.009898084156223163
3.0541666666667133,3,True,0.1694804029260963,0.06006713571551257,-2.035284425027444e-15,0.006254439583682361
3.05833333333338,3,True,0.05816274834712378,0.03333645233765165,-1.964002839803443e-15,0.021459812358466977
3.062500000000047,3,True,0.10850445961573703,0.04200934660028752,-1.887141099196961e-15,-0.017482358039145097
3.066666666666714,3,True,0.12830970128136385,0.03865113799251807,-1.816383494871269e-15,0.0025801117038215843
3.070833333333381,3,True,0.1348079195749683,0.018104924426888484,-1.7592925404123352e-15,-0.012437177782280812
3.0750000000000477,3,True,0.08782652073005692,0.03675695120350216,-1.7162797284246905e-15,0.013842908567737578
3.0791666666667146,3,True,0.07952750855603269,0.030736826825543427,-1.6829308818076966e-15,0.02905427523806068
3.0833333333333814,3,True,0.13301479967183458,0.02264162590575954,-1.6696909734871771e-15,-0.0023811980865002555
3.0875000000000483,3,True,0.07494826246952242,0.02207150989981311,-1.668736606046982e-15,0.010108933979970605
3.091666666666715,3,True,0.14191214908148028,0.05909784816894779,-1.6861779893185597e-15,-0.013857860912946602
3.095833333333382,3,True,0.028969764177352822,0.04615107998782028,-1.736939886530193e-15,0.013525483497707366
3.100000000000049,3,True,0.06500652487345272,0.026877203266639227,-1.9134119221368934e-15,0.008504642933729089
3.104166666666716,3,True,0.12817495320631103,0.04527837444227264,-2.1330671288042867e-15,0.010806803155313486
3.1083333333333827,3,True,0.1037565254493785,0.04139751629192465,-2.3131253384574624e-15,-0.005151932111600074
3.1125000000000496,3,True,0.09212984186319319,0.02788675398070774,-2.4643387320193368e-15,0.007522202940188808
3.1166666666667164,3,True,0.061728746522639405,0.042603657411995975,-2.5748245876418027e-15,-0.00791401349393032
3.1208333333333833,3,True,0.17069020330005186,0.03267576943280181,-2.5468755078337794e-15,-0.016223965517177183
3.12500000000005,3,True,0.1700514176111036,0.02214957491048038,-2.452357515456074e-15,-0.002245159252878501
3.129166666666717,3,True,0.06278118617195494,0.04366047843334397,-2.3813934095455175e-15,-0.006653051775133064
3.133333333333384,3,True,0.1644069795126208,0.08451472366990265,-2.3813934095455175e-15,0.004687718550252991
3.137500000000051,3,True,0.08148277908185009,0.04065915524405548,-2.3813934095455175e-15,-0.0032354285054868375
3.1416666666667177,3,True,0.10330845247720266,0.06154913422444279,-2.3813934095455175e-15,0.013381974578911087
3.1458333333333846,3,True,0.029641506668492384,0.015434676782170987,-2.3813934095455175e-15,-0.0012837531481675972
3.1500000000000514,3,True,0.1411230186142502,0.024200579274795932,-2.319616588275477e-15,-0.009818359512802827
3.1541666666667183,3,True,0.12179739288314219,0.02205917303009991,-2.0711994200102023e-15,0.0004707544219007623
3.158333333333385,3,True,0.11543754187780392,0.021810351873333342,-1.8470125241269984e-15,0.012135851583532696
3.162500000000052,3,True,0.08043626855021585,0.02516155557461254,-1.6771687227887166e-15,-0.0033842496864837533
3.166666666666719,3,True,0.09121973719063581,0.09150119823059205,-1.5608087348789018e-15,0.010814764678986512
3.170833333333386,3,True,0.056662973695154,0.022668150059601946,-1.4290663784415874e-15,-0.0199320696536184
3.1750000000000527,3,True,0.07642531452910323,0.06404175173308398,-1.2551296311935813e-15,0.020859001026883015
3.1791666666667195,3,True,0.07668045812871319,0.0259661132114691,-1.063831458431113e-15,0.001573177523354921
3.1833333333333864,3,True,0.147982098685714,0.030537929112979794,-8.856924238300857e-16,0.002991529505248778
3.1875000000000533,3,True,0.14508987575293428,0.032843107312846356,-7.514913137045676e-16,0.010471939695069866
3.19166666666672,3,True,0.08191714390946071,0.05434762088084476,-6.417521782367432e-16,-0.011911713781267003
3.195833333333387,3,True,0.07466209258105208,0.05109270848995542,-5.574189772463164e-16,-0.012969732755234543
3.200000000000054,3,True,0.06109375986661713,0.02765767552656328,-5.574189772463164e-16,0.008711942930904335
3.204166666666721,3,True,0.059465052779667744,0.05506399474704066,-5.210177665074387e-16,-0.010887127329800383
3.2083333333333877,3,True,0.06616507320997478,0.020562477228270194,-4.536759054905816e-16,-0.0034077836342313412
3.2125000000000545,3,True,0.1268685041480248,0.0704139565921028,-3.7674976871979038e-16,0.0006298881207952642
3.2166666666667214,3,True,0.22446827941839959,0.021228789385433773,-3.8097583467759e-16,0.019161758548789248
3.2208333333333883,3,True,0.05132472677781698,0.0832310502193512,-3.7689821491116696e-16,0.018303335435080066
3.225000000000055,3,True,0.11304539995485872,0.10193919598935945,-3.860418950468546e-16,-0.006835025316776421
3.229166666666722,3,True,0.03315408821320621,0.03353603254115109,-3.7245336382354753e-16,-0.01005016463737073
3.233333333333389,4,True,0.1473220060171285,0.015028620311467265,-3.928437628920502e-16,-0.003798103478508926
3.2375000000000558,3,True,0.2016642101013408,0.03709192934072478,-3.9773634715872033e-16,0.014144024320267273
3.2416666666667227,3,True,0.08167916857256166,0.05032891690200206,-3.766577327020249e-16,0.015454434001960927
3.2458333333333895,3,True,0.09808713496528089,0.035622662236281986,-2.807057474264392e-16,0.013153953304609233
3.2500000000000564,3,True,0.16364478187995077,0.10322361335567058,-1.789134861036223e-16,-0.00705366807869888
3.2541666666667233,3,True,0.04873110260039832,0.023363160926610872,-6.749022563972527e-17,-0.010057364453939673
3.25833333333339,3,True,0.12192535513328381,0.021024857464108974,-1.5481288555420657e-17,0.004590915745476939
3.262500000000057,3,True,0.12210608443647032,0.03654658359717107,2.453415893167708e-17,-0.01659001141546699
3.266666666666724,3,True,0.08300492681241364,0.059956308674158916,1.5324088061154515e-17,-0.01993751789706909
3.2708333333333908,3,True,0.15303971545912823,0.023836727369029788,-1.0516843821130221e-16,-0.013856168112530327
3.2750000000000576,3,True,0.12987911427469573,0.02351517535210046,-4.235306682984961e-16,-0.0054903529762102
3.2791666666667245,3,True,0.11963670686421599,0.02787672863725786,-6.853342397991979e-16,0.0045882752515769365
3.2833333333333914,3,True,0.15972540421179976,0.012265459950387856,-9.61410309815286e-16,0.010884086711024735
3.2875000000000583,3,True,0.06551977793151116,0.05046087864264848,-1.2256818892231758e-15,-0.0027271248529545113
3.291666666666725,3,True,0.12489976465594828,0.02559528109127313,-1.4504390183264534e-15,0.004438418556257814
3.295833333333392,3,True,0.11148291877075595,0.03374084098455456,-1.6421241536574544e-15,-0.004091429604555312
3.300000000000059,3,True,0.11018411577252771,0.011852818969188543,-1.8270293303590577e-15,-0.006821886882391395
3.3041666666667258,3,True,0.06750326438147523,0.03481525624930162,-1.9871063127527616e-15,-0.005342645106827624
3.3083333333333926,3,True,0.08778165104212418,0.03787770623642991,-2.1173023740823862e-15,0.012580492159751037
3.3125000000000595,3,True,0.20100298192984564,0.03142999186917088,-2.2182354484975588e-15,0.006330178287575851
3.3166666666667264,3,True,0.21369569460704674,0.0782482584599714,-2.296588340092844e-15,0.017633118176607364
3.3208333333333933,3,True,0.06622113706801312,0.025521852904013015,-2.3290655253031863e-15,0.005087067237890578
3.32500000000006,3,True,0.049901965706844936,0.06036338019684695,-2.3290655253031863e-15,0.03165807620595203
3.329166666666727,3,True,0.20225468220258502,0.06491035112049612,-2.4397813294276015e-15,0.018950891942898007
3.333333333333394,3,True,0.1567660497605484,0.018223944233363917,-2.6321044878353206e-15,0.01749034472344295
3.3375000000000608,3,True,0.2724915779423764,0.07133787815752166,-2.7847342472986297e-15,0.005138120202399307
3.3416666666667276,3,True,0.09875860301086993,0.057092764320224205,-2.849964680514162e-15,-0.006220460569454518
3.3458333333333945,3,True,0.079666674873151,0.028073142782360148,-2.818174539346166e-15,0.0044301740193434455
3.3500000000000614,3,True,0.10453813573602605,0.03697096106390916,-2.8542700550426704e-15,0.028484201447803406
3.3541666666667282,3,True,0.1690597947815641,0.024867689213890785,-2.8771622852910794e-15,0.0031353235711274983
3.358333333333395,3,True,0.08958289454884769,0.048463805492837735,-2.8403953881579642e-15,0.018930916461531937
3.362500000000062,3,True,0.17248587138188748,0.05690058215392935,-2.8681434598432134e-15,-0.022842098942997817
3.366666666666729,3,True,0.04166416802344257,0.02616685178784639,-2.8681434598432134e-15,0.002796912408511187
3.3708333333333957,3,True,0.03525095003044719,0.08499368393706781,-2.8681434598432134e-15,0.02180119813455161
3.3750000000000626,3,True,0.21651205203407528,0.018704259033644605,-2.8681434598432134e-15,-0.011139938254698004
3.3791666666667295,3,True,0.07132380083743534,0.05388046385704736,-2.8681434598432134e-15,0.01725958540196128
3.3833333333333964,3,True,0.06862053415822232,0.0270535091423024,-2.8681434598432134e-15,0.007147488929057569
3.3875000000000632,3,True,0.1804009394260583,0.029423540890583962,-2.817455919477866e-15,0.015167866132332477
3.39166666666673,3,True,0.11336115680391548,0.031318010336397056,-2.792942047104938e-15,-0.001135167085310291
3.395833333333397,3,True,0.11116308213548193,0.08560655991432102,-2.699256267723669e-15,0.0037133314690716078
3.400000000000064,3,True,0.15530144643814672,0.05760068729946148,-2.5890345966998558e-15,-0.003559915707324152
3.4041666666667307,3,True,0.034060289036032525,0.03146434795707243,-2.470408610284333e-15,-0.012181303068061968
3.4083333333333976,3,True,0.05832430208098212,0.03666300307959582,-2.470408610284333e-15,-0.029564502066812662
3.4125000000000645,3,True,0.026920615423209632,0.024350037489812914,-2.470408610284333e-15,-0.0007632985327935885
3.4166666666667314,3,True,0.0987124237750403,0.07100391475264271,-2.470408610284333e-15,0.01139603102872639
3.4208333333333982,3,True,0.08313187486655116,0.0170738543654122,-2.470408610284333e-15,-0.002516406058869292
3.425000000000065,4,True,0.180485395714019,0.02531179000527322,-2.470408610284333e-15,-0.02251408287296302
3.429166666666732,3,True,0.05551717794628352,0.03470491505634356,-2.470408610284333e-15,-0.008054570180114863
3.433333333333399,3,True,0.07435539309518852,0.09081998311669448,-2.470408610284333e-15,0.015078919614020836
3.4375000000000657,3,True,0.12558691567918764,0.04889283320647319,-2.470408610284333e-15,-0.0069647232630274105
3.4416666666667326,3,True,0.23507638221420823,0.06544734562088453,-2.470408610284333e-15,-0.0011444314090683452
3.4458333333333995,3,True,0.13779207457469758,0.011216192035739897,-2.470408610284333e-15,-0.002553882813825968
3.4500000000000663,3,True,0.046554101148835125,0.058878382649556346,-2.470408610284333e-15,-0.019236146461237787
3.454166666666733,3,True,0.07891190178577642,0.01990760393537321,-2.470408610284333e-15,0.01788196022357447
3.4583333333334,3,True,0.021028683733182806,0.020244665603731074,-2.470408610284333e-15,0.0038607169041143794
3.462500000000067,3,True,0.0516174550438656,0.06620848086043063,-2.470408610284333e-15,-0.00211016659894575
3.466666666666734,3,True,0.10557310543570793,0.04280171192487827,-2.470408610284333e-15,0.006995460591818804
3.4708333333334007,3,True,0.17266624862270571,0.03493402892808813,-2.470408610284333e-15,0.0005555884098494691
3.4750000000000676,3,True,0.07905033347631309,0.02103058955664566,-2.470408610284333e-15,-0.018294040951035793
3.4791666666667345,3,True,0.0669865124236225,0.022372845843900476,-2.470408610284333e-15,0.005435498595590918
3.4833333333334013,3,True,0.06034498972831925,0.05733891751510857,-2.470408610284333e-15,-0.007371773862804413
3.487500000000068,3,True,0.11385722129052314,0.07506384782997257,-2.470408610284333e-15,0.01498780513377629
3.491666666666735,3,True,0.08753333208125269,0.08315899334670104,-2.470408610284333e-15,0.023380860163355954
3.495833333333402,3,True,0.11650438462589423,0.01911232339544956,-2.470408610284333e-15,0.011199080493181057
3.500000000000069,3,True,0.18965754369892343,0.02744093858095631,-2.470408610284333e-15,0.01662101232357457
3.5041666666667357,3,True,0.12560844500587579,0.04148427208209211,-2.470408610284333e-15,0.0037751582888441494
3.5083333333334026,3,True,0.08214397467751153,0.024791553588939017,-2.470408610284333e-15,-0.008987270476365881
3.5125000000000695,3,True,0.2737356211225031,0.051372584874409113,-2.470408610284333e-15,-0.010947658863289736
3.5166666666667363,3,True,0.1591584580783118,0.020818057095226297,-2.470408610284333e-15,-0.005431654398815242
3.520833333333403,3,True,0.062086421270028884,0.03431461722330673,-2.470408610284333e-15,-0.005490663073498834
3.52500000000007,3,True,0.13831273726028614,0.029775479368355146,-2.470408610284333e-15,0.011987533636536889
3.529166666666737,3,True,0.056357247832518186,0.021254458505812913,-2.461101039822946e-15,-0.009338561125436245
3.533333333333404,3,True,0.14186907648161565,0.036758951429179204,-2.4564339673089726e-15,-0.014003626392047774
3.5375000000000707,3,True,0.09996812728844656,0.05526408323372577,-2.4578991777382404e-15,0.019218579074128685
3.5416666666667376,3,True,0.017218874861659485,0.0612346318554675,-2.4578991777382404e-15,0.007924885961854707
3.5458333333334044,3,True,0.21065390961329591,0.03560447607178297,-2.4604819724437646e-15,-0.0142818042973936
3.5500000000000713,3,True,0.13547536272563387,0.03917446875009468,-2.4681182734139205e-15,-0.0034658160403540327
3.554166666666738,3,True,0.13620283134394956,0.025034344324692318,-2.47586250672856e-15,-0.003790919850564576
3.558333333333405,3,True,0.18586359324466048,0.052794510898929975,-2.478183006365661e-15,0.014436019858376122
3.562500000000072,3,True,0.15267649254169008,0.06895602993024416,-2.479921082276477e-15,0.008326436353835074
3.566666666666739,3,True,0.19051662559448307,0.07433953197710591,-2.4807386513927375e-15,-0.01387412327827106
3.5708333333334057,3,True,0.06789444416497895,0.03991429396877319,-2.481231481738121e-15,-0.021658546586636174
3.5750000000000726,3,True,0.09472478944056413,0.043147413464201985,-2.4816850864013077e-15,-0.014476960550321211
3.5791666666667394,3,True,0.05576941183677625,0.020221246140906524,-2.482147076811779e-15,-0.0124093467234981
3.5833333333334063,3,True,0.05992523271629704,0.027683954147650146,-2.4830511924930787e-15,0.015741615051191562
3.587500000000073,3,True,0.18759758708306176,0.0516584800681689,-2.4830511924930787e-15,-0.004505150698964738
3.59166666666674,4,True,0.1037718765085779,0.04067473306522986,-2.4830511924930787e-15,-0.014503727496485994
3.595833333333407,3,True,0.1315416845485068,0.040286156531479114,-2.4830511924930787e-15,-0.017763905337605714
3.600000000000074,3,True,0.13746840698210147,0.07769903047514749,-2.480938485714413e-15,-0.01638927079534952
3.6041666666667407,3,True,0.053327425376700696,0.04490131729565838,-2.473176910299277e-15,-0.014872929937292481
3.6083333333334076,3,True,0.09018462116329036,0.05651366120116382,-2.473176910299277e-15,0.006241053587089874
3.6125000000000744,3,True,0.2787720662830482,0.06679692764120618,-2.473176910299277e-15,0.014965854513674768
3.6166666666667413,3,True,0.053208287851252936,0.023585554735904915,-2.473223878475214e-15,-0.004010767807768126
3.620833333333408,3,True,0.08082153570215228,0.04989796639588238,-2.4722692642610396e-15,-0.0011750914892692146
3.625000000000075,3,True,0.031194085548056846,0.01677259648774578,-2.472377679090692e-15,0.013568365200499704
3.629166666666742,3,True,0.13678936420092094,0.04075540661012209,-2.4733068749953774e-15,-0.005216835033496459
3.633333333333409,3,True,0.08831468285065272,0.04240458797652322,-2.4744127835147384e-15,-0.007096636715667518
3.6375000000000757,3,True,0.11474314271056911,0.09042359450213235,-2.4745167728069967e-15,0.003071871705142882
3.6416666666667425,3,True,0.052352794904886445,0.0328292406334819,-2.4745167728069967e-15,-0.0041058552904771894
3.6458333333334094,3,True,0.06408778082536941,0.026282612525115785,-2.4745167728069967e-15,0.005063959256138908
3.6500000000000763,3,True,0.14454783131901008,0.016606991633010316,-2.4745167728069967e-15,0.01563841547548948
3.654166666666743,3,True,0.1126941426535466,0.04312799651484484,-2.4745167728069967e-15,0.009792015276067927
3.65833333333341,3,True,0.04989140987372747,0.057248842208647885,-2.4756791672927637e-15,-0.0012106837522079768
3.662500000000077,3,True,0.03326089483760839,0.01063673067501617,-2.4798892278204182e-15,-0.001647887056023666
3.666666666666744,3,True,0.2045849197133283,0.05791238303789676,-2.4818804906324384e-15,-0.022218830038899826
3.6708333333334107,3,True,0.07228250971363391,0.03396166089184092,-2.4818804906324384e-15,0.009549203354532118
3.6750000000000775,3,True,0.1196701343769098,0.014865483572666698,-2.4818804906324384e-15,-0.013777706278911096
3.6791666666667444,3,True,0.09434692885656475,0.06288128320909361,-2.4818804906324384e-15,0.0010559076587534034
3.6833333333334113,3,True,0.1446555441711552,0.061701123455603794,-2.4818804906324384e-15,0.028325092365175372
3.687500000000078,3,True,0.10798982401252592,0.04934829622001564,-2.484301526710742e-15,-0.010612030618319964
3.691666666666745,3,True,0.0976343743261356,0.032496946611597015,-2.486658970882461e-15,-0.009090639474560873
3.695833333333412,3,True,0.07310576807200267,0.04793103157332889,-2.4899620877894622e-15,-0.013030650544618643
3.700000000000079,3,True,0.08452749428317066,0.0748145908579531,-2.489420995547168e-15,0.015305553973291938
3.7041666666667457,3,True,0.01569120378462425,0.047093609949152626,-2.4880396796353078e-15,-0.013753934916393262
3.7083333333334125,3,True,0.11613894496227423,0.006606147614270943,-2.4825643033650123e-15,-0.005029574996569536
3.7125000000000794,3,True,0.08552583141014274,0.021009475048484032,-2.478300130309607e-15,-0.01873199830781354
3.7166666666667463,3,True,0.032399696087538156,0.07618989503456908,-2.4736134329473837e-15,0.0035218341352973616
3.720833333333413,3,True,0.17079342742013595,0.04021579693337464,-2.4736134329473837e-15,-0.008259532745057837
3.72500000000008,3,True,0.06015511507845465,0.019547573716412414,-2.4736134329473837e-15,0.01837990428689795
3.729166666666747,3,True,0.1315794061913024,0.032712816838430345,-2.4736134329473837e-15,0.015712641937186335
3.7333333333334138,3,True,0.20465632676353135,0.08970785276919184,-2.4736134329473837e-15,-0.033551654475885415
3.7375000000000806,3,True,0.05304593392930267,0.03533882399814838,-2.4736134329473837e-15,0.010705996540779849
3.7416666666667475,3,True,0.03612836680349801,0.030124419917446885,-2.4736134329473837e-15,0.0067641532272104885
3.7458333333334144,3,True,0.044576510916656174,0.03119531047369479,-2.4736134329473837e-15,0.01503106995432497
3.7500000000000813,3,True,0.17393174323537117,0.04829160257628237,-2.4705237890743765e-15,0.02902910533704789
3.754166666666748,3,True,0.09393108616277825,0.04698244068857521,-2.4705237890743765e-15,-0.008919005843841312
3.758333333333415,3,True,0.07971382463444704,0.02174864325910157,-2.480813230411075e-15,0.008844918616620743
3.762500000000082,3,True,0.07205472125487838,0.02843038518196061,-2.4862535350405477e-15,0.003970545861479043
3.7666666666667488,3,True,0.12378270183862225,0.011043265851478273,-2.4849209955533224e-15,0.004678856263794694
3.7708333333334156,3,True,0.09449354192947858,0.04548805809757196,-2.4846941952930742e-15,-0.0045540230951393165
3.7750000000000825,3,True,0.08101532887537544,0.053668609441798534,-2.4880205440276134e-15,0.009722336485002248
3.7791666666667494,3,True,0.13845840185089184,0.013855477615023997,-2.491826041270325e-15,0.00041402035729767156
3.7833333333334163,3,True,0.10302706173137764,0.02334554572073943,-2.493006888411145e-15,0.012774640381692137
3.787500000000083,3,True,0.056673980131130584,0.024451908725704605,-2.493006888411145e-15,-0.005079223619067228
3.79166666666675,3,True,0.32797014722765494,0.02433622248958397,-2.493006888411145e-15,-0.01187964391376773
3.795833333333417,3,True,0.13742297925074182,0.031824780969091734,-2.493006888411145e-15,0.017560097417261486
3.8000000000000838,3,True,0.050932247961383084,0.031646567511746354,-2.493006888411145e-15,-0.01640356794167254
3.8041666666667506,3,True,0.12653963639657914,0.04671094859955896,-2.494757622476737e-15,0.007686148170792032
3.8083333333334175,3,True,0.17345968618186422,0.021645654099277822,-2.494757622476737e-15,0.0021481597096728072
3.8125000000000844,3,True,0.1391809248269309,0.017350583747816593,-2.494757622476737e-15,0.002427454068188433
3.8166666666667513,3,True,0.08906489869170488,0.050778156753515075,-2.4942112706252327e-15,-0.014196428982668267
3.820833333333418,3,True,0.11814652082700722,0.03347724155898391,-2.493516707949212e-15,-0.013821982174205705
3.825000000000085,3,True,0.10966641626977074,0.05409301863957837,-2.4939157052159334e-15,0.010316077163030464
3.829166666666752,3,True,0.10716575960062295,0.025755157757791407,-2.4939157052159334e-15,0.0011895983901530213
3.8333333333334187,3,True,0.12673640633893085,0.02516594570606274,-2.5009616362889944e-15,-0.009209306821059951
3.8375000000000856,3,True,0.14464682194405232,0.033582843671115165,-2.5130092812868715e-15,-0.017969263912053317
3.8416666666667525,3,True,0.08142475515707516,0.04923556546141328,-2.5130092812868715e-15,0.010987396061525977
3.8458333333334194,3,True,0.13418358082975881,0.03829089210689445,-2.5130092812868715e-15,-0.0022153755945621668
3.8500000000000862,3,True,0.15489111061339966,0.02329395659543729,-2.5130092812868715e-15,-0.011849928819924293
3.854166666666753,3,True,0.1048903989251811,0.031995293654973736,-2.521112383579369e-15,0.0069951029733962234
3.85833333333342,3,True,0.13617586123299266,0.04734168940340933,-2.5266713197215655e-15,0.013281470643672147
3.862500000000087,3,True,0.11058872712783387,0.04498436886560063,-2.5346427718954643e-15,-0.014123039106180768
3.8666666666667537,3,True,0.1206516904365251,0.03428913728441803,-2.5404755813055512e-15,-0.0074678745839560036
3.8708333333334206,3,True,0.05853556135203085,0.020500263898341847,-2.549077578326705e-15,-0.01690101512395833
3.8750000000000875,3,True,0.15378446653806377,0.05043111656947758,-2.549077578326705e-15,0.012463037378769788
3.8791666666667544,3,True,0.08193527718468142,0.0837855913780118,-2.549077578326705e-15,-0.002683861162382184
3.8833333333334212,3,True,0.08135150793304097,0.03830375935243111,-2.5503213613253602e-15,-0.022916845595196963
3.887500000000088,3,True,0.06087585733333801,0.040742719296751495,-2.5507153801478193e-15,0.02217792430962184
3.891666666666755,3,True,0.05431758929410664,0.034008900106355336,-2.55113460523371e-15,-0.007503198838719652
3.895833333333422,3,True,0.11437184461344158,0.03926362148329477,-2.5516427418110378e-15,9.940995193079463e-05
3.9000000000000887,3,True,0.11029084693138194,0.040759154265751,-2.5516427418110378e-15,-0.020700927005445447
3.9041666666667556,3,True,0.16488271568129978,0.06675146964509066,0.0017848343638521905,0.00626508891123224
3.9083333333334225,3,True,0.0865497928391355,0.03733156540831653,0.00412316937833383,0.00456797859404785
3.9125000000000894,3,True,0.02764829787263677,0.059367515103036735,0.007133982600052325,0.013180119106134315
3.9166666666667562,3,True,0.16648440588385527,0.036227306606982174,0.010659893222395038,0.003143695526564893
3.920833333333423,3,True,0.055149320473441135,0.010275208790701162,0.014579364805176053,0.016740973996560226
3.92500000000009,3,True,0.09015994149415336,0.03763514102147213,0.018798544935107752,0.017852280412534127
3.929166666666757,3,True,0.19360529785876665,0.06823486870885186,0.023244962659540555,0.014832140251826942
3.9333333333334237,3,True,0.10400075163800943,0.025741835999774032,0.02786266075504381,0.029467105376149844
3.9375000000000906,3,True,0.09232606286869519,0.022848227194217953,0.03260843617805432,0.03896885393096339
3.9416666666667575,3,True,0.09301110391727403,0.0683482873019882,0.037448936410195956,0.033836934876453596
3.9458333333334243,3,True,0.10031426535762866,0.020775145296247452,0.0423584168463192,0.059143178897030434
3.950000000000091,3,True,0.13508752678092922,0.017873278284736567,0.047317008733069654,0.038551597604582245
3.954166666666758,3,True,0.15888203669280765,0.048153975502897434,0.05481442629930764,0.046122249428961544
3.958333333333425,3,True,0.1253889624929948,0.041477680170367855,0.059836168777813295,0.052327972217502176
3.962500000000092,3,True,0.1404677172289584,0.026693756852327038,0.06486700476236329,0.08632479312135447
3.9666666666667587,3,True,0.06857175686703249,0.09779101350637823,0.06990076547844351,0.067157016413703
3.9708333333334256,3,True,0.03714169100173954,0.02163026462414081,0.07493270110480263,0.08354111209457458
3.9750000000000925,3,True,0.09967371020384355,0.02418933979362472,0.07995915768441211,0.07580206285877986
3.9791666666667593,3,True,0.15372434073398772,0.02994054965574469,0.08497732758967216,0.08764231377602007
3.983333333333426,3,True,0.12401223992248683,0.015108997351035222,0.0899850567965927,0.07853711235933857
3.987500000000093,3,True,0.10724993254744644,0.01987793679117696,0.09498069603488521,0.08254847429372884
3.99166666666676,3,True,0.054764268234892194,0.019784365547563795,0.09996298582522804,0.08458429059761594
3.995833333333427,3,True,0.1623380506929979,0.03720307256047898,0.10493096768899138,0.11623877450108734
4.000000000000093,3,True,0.13461830880723108,0.04351765938979243,0.10988391557203048,0.10675123597114368
4.00416666666676,3,True,0.21136910739793915,0.04081264308686825,0.11728399181242898,0.11122180041157925
4.008333333333426,3,True,0.18785100587813205,0.07373514275166113,0.12219725763602654,0.1252003370847474
4.0125000000000925,4,True,0.12633807160434934,0.03988944419221403,0.12709411547988958,0.11682731837878839
4.016666666666759,3,True,0.06315305222735096,0.03690214374044066,0.13197438074499337,0.1506696659629398
4.020833333333425,3,True,0.1423092482058241,0.04901723510567859,0.1368379248003746,0.14578178301225625
4.025000000000092,3,True,0.06725652692696726,0.03214221993369225,0.1416846621919202,0.1326288185493945
4.029166666666758,3,True,0.08366318654361424,0.010673408686878133,0.1465145407633644,0.14313977720750068
4.033333333333425,3,True,0.08631523995491384,0.08908614893456229,0.15132753402650317,0.1563639592605644
4.037500000000091,3,True,0.13672061514133124,0.01871757048111891,0.1561236352685721,0.1383947414398985
4.041666666666758,3,True,0.11731524466620095,0.04470877449818469,0.1609028530013053,0.17136567859520274
4.045833333333424,3,True,0.06984185625735362,0.06543192105698084,0.1656652074462307,0.1592523001597318
4.05000000000009,3,True,0.06656644263439532,0.05623108124095807,0.17041072782029149,0.1725322741805241
4.054166666666757,3,True,0.044067402503302336,0.02836768007308834,0.17749752498263272,0.18733746364383994
4.058333333333423,4,True,0.08347402816344573,0.038239385164957326,0.1822011293880683,0.20592505364402522
4.06250000000009,3,True,0.10632128880631349,0.018071659377212296,0.1868880465754501,0.17955655866648149
4.066666666666756,3,True,0.09780019990664277,0.04660557621941655,0.19155832627742425,0.1710793285915575
4.070833333333423,3,True,0.1877959853601621,0.01356572293129834,0.19621202023968193,0.1970026208690724
4.075000000000089,3,True,0.251273303013421,0.0554517541025325,0.20084918171524263,0.2083118342448423
4.079166666666755,3,True,0.08126762448850024,0.0595704386595127,0.2054698650740367,0.20046486916205633
4.083333333333422,3,True,0.16656819162340267,0.0041840686052196565,0.21007412550153834,0.21420034492984075
4.087500000000088,3,True,0.1465917589121503,0.03543291240161731,0.2146620187661743,0.2088096439893529
4.091666666666755,3,True,0.18950429409241648,0.05319994087541867,0.21923360103985157,0.2256137110005161
4.095833333333421,3,True,0.04914188935507439,0.022905834496206565,0.22378892875950956,0.22760159373209915
4.100000000000088,3,True,0.07666142587138366,0.028838422239854247,0.2283280585203567,0.22037081944018524
4.104166666666754,3,True,0.15393361775389322,0.07339112003872637,0.2351065059619336,0.1946708856479035
4.10833333333342,3,True,0.20348128935422474,0.016375994963791923,0.23960538877604412,0.23143239552705178
4.112500000000087,3,True,0.05763570791257264,0.031997157656313106,0.2440882719319563,0.2665102099661504
4.116666666666753,3,True,0.14998626080237554,0.04131154041324108,0.248555211955348,0.2413003337730701
4.12083333333342,3,True,0.13436773927592874,0.04992442033837355,0.2530062652575556,0.24161822152475182
4.125000000000086,3,True,0.06772664780315144,0.013104169507542038,0.25744148811624157,0.2594017925033068
4.129166666666753,3,True,0.06809172455975467,0.026483330233332877,0.2618609366606241,0.27105891232438245
4.133333333333419,3,True,0.12826199709571068,0.04883031748139345,0.2662646668602308,0.2697428966484181
4.137500000000085,3,True,0.061740290568755976,0.07100055083858749,0.2706527345163724,0.28808070021582194
4.141666666666752,3,True,0.16699997750361617,0.08672593654453382,0.2750251952557175,0.2742898413235936
4.145833333333418,3,True,0.11643696123104823,0.04110929480349601,0.2793821045254889,0.2827090512009006
4.150000000000085,3,True,0.05216588364559557,0.03340986603625758,0.28372351758991166,0.2765667934184199
4.154166666666751,3,True,0.04518467253557989,0.03479177858983784,0.2902067022348393,0.3024805593018759
4.158333333333418,4,True,0.06701764341216446,0.033992144462482984,0.2945096153446123,0.268154167333289
4.162500000000084,3,True,0.12244810678925966,0.05471203969470759,0.29879722420167953,0.3126032004155815
4.1666666666667505,3,True,0.10790650751108745,0.046962205633021496,0.3030695832241235,0.32013945693540585
4.170833333333417,3,True,0.14986178340834252,0.044785122937582314,0.3073267466399088,0.28918242895300206
4.175000000000083,3,True,0.14460664329365427,0.03411821902487909,0.31156876848677717,0.3240665849934411
4.17916666666675,3,True,0.11163079623572487,0.02313337855622461,0.31579570261232,0.3196031719518694
4.183333333333416,3,True,0.09368169448465112,0.010117605468474138,0.3200076026741886,0.32501958200651254
4.187500000000083,3,True,0.10685499283879032,0.0358397822263114,0.32420452214041,0.3050813742549348
4.191666666666749,3,True,0.1876573439454777,0.025967684933973452,0.328386514289783,0.3360365857771583
4.1958333333334155,3,True,0.17695384972813621,0.046809743593827724,0.3325536322123364,0.3297767355310796
4.200000000000082,3,True,0.12824983503970794,0.025791300831325175,0.336705928809835,0.33290631587404274
4.204166666666748,3,True,0.13364925968752658,0.07557010305212751,0.3429066989823801,0.34899896592702345
4.208333333333415,3,True,0.14489252074762551,0.02233124157285348,0.34702217248193457,0.33337892293373306
4.212500000000081,3,True,0.02613944481373684,0.04087714568480117,0.35112300833807375,0.3463312983687747
4.216666666666748,3,True,0.18378514685549754,0.03998908196314473,0.35520925861241,0.34701699668372815
4.220833333333414,3,True,0.07627276524744694,0.014576654771880252,0.3592809751815222,0.3614049267345162
4.2250000000000805,3,True,0.03522259432266158,0.052467443898377326,0.36333820973758324,0.37791676963474785
4.229166666666747,3,True,0.10348474473171425,0.009693986004603137,0.36738101378899163,0.36955771669164283
4.233333333333413,3,True,0.10532566365783648,0.018535774071986266,0.3714094386610068,0.3637315115541868
4.23750000000008,3,True,0.1463174761731447,0.06301450982252951,0.375423535496386,0.3751439982894324
4.241666666666746,3,True,0.05099709568964837,0.02661361759353721,0.37942335525602305,0.3681467634228434
4.245833333333413,3,True,0.13231420678073733,0.04026840083266075,0.3834089487195859,0.3724472940596368
4.250000000000079,3,True,0.016820420913251616,0.06625599902788216,0.38738036648615526,0.4077403048082673
4.2541666666667455,3,True,0.25696154142600847,0.06863370046399674,0.39331102394694545,0.4007139008139159
4.258333333333412,3,True,0.06527879923399361,0.03398676835561105,0.39724722266264995,0.4005782207853618
4.262500000000078,3,True,0.11777547094214647,0.019870354058555327,0.4011694213652056,0.40472151157994374
4.266666666666745,3,True,0.19064666848716202,0.04668438954853742,0.40507766984891674,0.4071883592106448
4.270833333333411,3,True,0.17971769468359722,0.09126630198195747,0.40897201773098785,0.4134494054917414
4.275000000000078,3,True,0.0998076468475008,0.035444214515969436,0.4128525144521525,0.4079384000157712
4.279166666666744,3,True,0.06037071950053506,0.0250129763581719,0.4167192092772998,0.42457751164692287
4.2833333333334105,3,True,0.0664221322575597,0.034930680794570436,0.42057215129610015,0.39548457638169554
4.287500000000077,3,True,0.13593884308079218,0.034834512776823735,0.4244113894236243,0.43849652309615267
4.291666666666743,3,True,0.04106348958965181,0.043106837900977024,0.428236972400969,0.42560408241476344
4.29583333333341,3,True,0.10942509627210589,0.11269867548198353,0.43204894879587274,0.4292776853028213
4.300000000000076,4,True,0.2043136839673886,0.04706089034583109,0.43584736700333165,0.462597753450081
4.304166666666743,3,True,0.1184930236463467,0.11154906712825952,0.4415196781536714,0.46447412995111526
4.308333333333409,3,True,0.1098569100502356,0.006495582395597207,0.4452844114925466,0.4437237630975843
4.3125000000000755,3,True,0.13876291632381002,0.041097594746038316,0.449035754674972,0.4656467348695516
4.316666666666742,3,True,0.17939963006869206,0.04884231482799268,0.45277375532617636,0.4388108597302083
4.320833333333408,3,True,0.1067269802710189,0.023603019541847445,0.4564984609019984,0.45629461897056395
4.325000000000075,3,True,0.04126486948412089,0.04469228624426223,0.46020991868948896,0.47880683468962193
4.329166666666741,3,True,0.13469717146043625,0.036636861493051856,0.4639081758075115,0.4510665237251712
4.333333333333408,3,True,0.09633799118065531,0.06530718097515345,0.4675932792073409,0.45990924953916557
4.337500000000074,3,True,0.09620453687683476,0.0701787644111959,0.47126527567325815,0.4834741600481551
4.3416666666667405,3,True,0.05115916535577825,0.046520817092583946,0.4749242118231454,0.48678939867861426
4.345833333333407,3,True,0.07217233274120223,0.030498610693889695,0.47857013410907734,0.48428551113384377
4.350000000000073,3,True,0.07102985932187837,0.04634893174906235,0.48220308881791124,0.4800349334582371
4.35416666666674,3,True,0.09141220381743347,0.011308521081145332,0.48762830752160263,0.48712307282221057
4.358333333333406,3,True,0.10376060138395023,0.042345611039126534,0.4912290447137465,0.497585669224375
4.362500000000073,3,True,0.07988740748782201,0.04901962916980037,0.4948169750401682,0.47566122081948586
4.366666666666739,3,True,0.025978645223734352,0.0635561808164938,0.4983921440514866,0.492458932854447
4.3708333333334055,3,True,0.21468452380055994,0.04531493872998339,0.5019545971363103,0.4955688118859561
4.375000000000072,3,True,0.10046052019638033,0.009152618509190953,0.5055043795218118,0.5120627212309297
4.379166666666738,3,True,0.10800449076940079,0.0439468157926782,0.5090415362743028,0.5091434940471842
4.383333333333405,3,True,0.04931310131503121,0.07895103853687623,0.5125661122998063,0.5261422317409001
4.387500000000071,3,True,0.1393360068971186,0.022329748100355457,0.5160781523446262,0.5157480898147004
4.391666666666738,3,True,0.15488814063363923,0.08854112943838523,0.5195777009959156,0.4957223930892572
4.395833333333404,3,True,0.13917518642585,0.031197126055169805,0.5230648026822433,0.5160532564222255
4.4000000000000705,3,True,0.020279788093478905,0.05517412305847441,0.5265395016741574,0.5249918760889173
4.404166666666737,4,True,0.16670111714666552,0.009836141767315768,0.5317283915644694,0.5300637381797142
4.408333333333403,3,True,0.13732618565923302,0.02300366770059325,0.5351722764720535,0.5286886128345243
4.41250000000007,3,True,0.15093692874032485,0.05355828960527178,0.538603912395826,0.5615403905880869
4.416666666666736,3,True,0.11667525710664028,0.018314470584533248,0.542023342902169,0.5473744880496368
4.420833333333403,4,True,0.10996719258047294,0.04420286915980231,0.5454306114025101,0.5287113926247544
4.425000000000069,3,True,0.0406534063787503,0.019661209998277248,0.5488257611538739,0.5389209704490163
4.4291666666667355,3,True,0.11600046737083813,0.04025425235448983,0.5522088352594315,0.5272348061389215
4.433333333333402,3,True,0.07118739000874344,0.02642794312326348,0.5555798766690474,0.5535305542415783
4.437500000000068,3,True,0.041222898232678065,0.019781613278302967,0.5589389281798245,0.5434140869211191
4.441666666666735,3,True,0.09605587317003292,0.024293385375482843,0.5622860324366483,0.5772970466965426
4.445833333333401,3,True,0.09326111851898126,0.05664040428191001,0.5656212319327277,0.5828931630363315
4.450000000000068,3,True,0.08350503019957467,0.01727846207522511,0.5689445690101343,0.5557662892370139
4.454166666666734,3,True,0.1321727109084869,0.048052466127781975,0.5739074248440303,0.5897320993870954
4.4583333333334005,3,True,0.06914914945626904,0.04196192455847886,0.5772012901343267,0.5741392891017487
4.462500000000067,3,True,0.08811379968444738,0.039370293139394004,0.5804834400207405,0.5957668472657927
4.466666666666733,3,True,0.1389903820221426,0.01663283052176005,0.5837539161718514,0.5917650407786362
4.4708333333334,3,True,0.1295935220492171,0.015148837231773012,0.5870127601080348,0.573716781034678
4.475000000000066,3,True,0.13366622278154772,0.05419404159575418,0.5902600132019895,0.5866309478244203
4.479166666666733,3,True,0.1178648372248607,0.024195658980083325,0.5934957166792622,0.582889727032037
4.483333333333399,3,True,0.14869236921230072,0.010687327892616677,0.5967199116187717,0.588129941695844
4.4875000000000655,3,True,0.03742821636471217,0.07551264453639095,0.5999326389533298,0.6028840207734412
4.491666666666732,3,True,0.07957845556355102,0.009606892645779606,0.603133939470161,0.6122124400469292
4.495833333333398,3,True,0.08894400297798252,0.030396749729771858,0.6063238538114206,0.6293763980712247
4.500000000000065,3,True,0.07230286527564957,0.03416447390199234,0.6095024224747106,0.6425316517719873
4.504166666666731,3,True,0.11608881791932535,0.03780981971993792,0.6142490905576117,0.6034002781484865
4.508333333333398,3,True,0.0952298310033268,0.04838568744837343,0.6173994712589895,0.595466431207218
4.512500000000064,3,True,0.08880220343411858,0.023813226477412283,0.6205386468930534,0.6215886384496702
4.516666666666731,3,True,0.0970071172322425,0.015180822716251312,0.6236666573132515,0.6194701197905734
4.520833333333397,3,True,0.027328941151639655,0.0710077914960519,0.6267835422312836,0.6317481067172129
4.525000000000063,3,True,0.1217794424759568,0.02963700205369475,0.6298893412176059,0.6353167107630399
4.52916666666673,3,True,0.05556897668158628,0.024733138077980915,0.6329840937019323,0.6503971860573775
4.533333333333396,3,True,0.21274897932631273,0.059717807402015925,0.6360678389737361,0.6485953205601165
4.537500000000063,3,True,0.054436259161124816,0.08497350763093059,0.6391406161827488,0.6306954599501162
4.541666666666729,3,True,0.062002993143888206,0.03921278308658329,0.642202464339456,0.6268911039203247
4.545833333333396,3,True,0.20923376193287815,0.06228947266315067,0.6452534223155939,0.6271816327450305
4.550000000000062,3,True,0.024495442706447636,0.04871997126315031,0.6482935288446416,0.682739981070665
4.554166666666728,3,True,0.11635140284445682,0.02361700423606579,0.652833426565496,0.6515199115104487
4.558333333333395,3,True,0.26508409596787336,0.0583343593603035,0.6558465730329164,0.6572867698417433
4.562500000000061,3,True,0.12257579196390841,0.04121757256231436,0.6588490025387389,0.6668331282967643
4.566666666666728,3,True,0.05565980924178676,0.04775041130593395,0.66184075320035,0.658931400169921
4.570833333333394,3,True,0.054987404649594625,0.04291082865613277,0.6648218629995614,0.6637689228187466
4.575000000000061,3,True,0.09124110071679166,0.03559994667086646,0.6677923697830941,0.6467097319054353
4.579166666666727,3,True,0.20619608239864187,0.07322049908416547,0.6707523112630586,0.6310184986464686
4.583333333333393,3,True,0.036764293164948836,0.05530162111178006,0.673701725017433,0.6786692256549508
4.58750000000006,3,True,0.12955592444308592,0.058724361140091594,0.6766406484905408,0.6462571075461186
4.591666666666726,3,True,0.07162729811727757,0.045327079156195924,0.6795691189935263,0.648268166292218
4.595833333333393,3,True,0.21300091928650067,0.061019597981543355,0.6824871737048269,0.7038126068295885
4.600000000000059,3,True,0.1438689331015823,0.012088934138564067,0.6853948496706472,0.6810463755187774
4.604166666666726,3,True,0.08540868527889857,0.04628425070851744,0.6897369841860277,0.7062838782896766
4.608333333333392,3,True,0.09562778366227653,0.04856456487403852,0.6926188745017461,0.7319763966855887
4.612500000000058,3,True,0.09768116574748012,0.04523986995367692,0.6954905146991326,0.7034390900162528
4.616666666666725,3,True,0.1447153117538223,0.026067103330042217,0.698351941235136,0.6972691153155314
4.620833333333391,3,True,0.07973430375662542,0.02063881547208601,0.701203190437036,0.6898233373799962
4.625000000000058,3,True,0.093819588808607,0.03826837715017599,0.7040442985029073,0.693089000442614
4.629166666666724,3,True,0.26505007006400955,0.08342813837346627,0.7068753015020763,0.6994406825393352
4.633333333333391,3,True,0.1880033030366178,0.04448817423376567,0.7096962353755815,0.7100339370562313
4.637500000000057,3,True,0.047928540882493105,0.018631356748855063,0.712507135936628,0.730477226321159
4.6416666666667235,3,True,0.09042860458595339,0.022551405299981644,0.7153080388710432,0.7127263503214286
4.64583333333339,3,True,0.09718639699044403,0.04239448235910316,0.7180989797377292,0.7058396731294604
4.650000000000056,3,True,0.07589114632012144,0.046965428276185474,0.7208799939691147,0.7326349851654296
4.654166666666723,3,True,0.1620247287197964,0.04731592900730555,0.7250329800734163,0.742639493082935
4.658333333333389,3,True,0.09172444356511629,0.048516457628127965,0.7277893319074981,0.74224261895933
4.662500000000056,3,True,0.2817024503875097,0.07257300548960814,0.7305358801302805,0.7457083852185544
4.666666666666722,3,True,0.15635302486431296,0.03635476005854747,0.7332726596106045,0.7031307865118515
4.6708333333333885,3,True,0.011925549437067915,0.03727450535033151,0.7359997050932924,0.7323239783809371
4.675000000000055,3,True,0.07144246815297217,0.024523758712572417,0.7387170511995881,0.7551469755234022
4.679166666666721,3,True,0.10523889833524859,0.045753647863217305,0.7414247324275969,0.7605865739129952
4.683333333333388,3,True,0.06244177936834473,0.024968090430230037,0.7441227831527235,0.7440235355662077
4.687500000000054,3,True,0.1560088128368167,0.022517704642902814,0.7468112376281086,0.741395408985617
4.691666666666721,3,True,0.0913397375647297,0.019283651617700227,0.7494901299850636,0.753432765636784
4.695833333333387,3,True,0.125950541603675,0.05709036087227572,0.7521594942335035,0.7441275551910053
4.7000000000000535,3,True,0.22460385443237937,0.0355829095348936,0.7548193642623796,0.7364706856069119
4.70416666666672,3,True,0.20533708031591502,0.03320722508639877,0.7587914414795702,0.7380830214632724
4.708333333333386,3,True,0.12980975747974183,0.04246846075592897,0.7614277234337471,0.7516035502495175
4.712500000000053,3,True,0.09286046115289404,0.02235906322865341,0.764054628833293,0.7727026844605235
4.716666666666719,3,True,0.037086058651652716,0.05741481645414878,0.7666721910281221,0.7734084557431627
4.720833333333386,3,True,0.15406907676053255,0.013897674657861389,0.7692804432495315,0.7680127342678436
4.725000000000052,3,True,0.12881927396285367,0.038822256671176496,0.771879418610624,0.7812673338351325
4.7291666666667185,3,True,0.09181005986850632,0.05186275293509211,0.7744691501067275,0.7874349759864746
4.733333333333385,3,True,0.14733128653235175,0.018864078868909204,0.7770496706158139,0.771192476353155
4.737500000000051,3,True,0.1274944963201104,0.01718294805116757,0.7796210128989175,0.7720350735671206
4.741666666666718,3,True,0.06279101265876523,0.025708811788896606,0.7821832096005502,0.7842954409487692
4.745833333333384,3,True,0.1759649512404562,0.048442283280874306,0.7847362932491155,0.778278945370327
4.750000000000051,3,True,0.1199853828706814,0.01612112781222928,0.7872802962573231,0.7759596637040725
4.754166666666717,3,True,0.1851782112279812,0.047374202421892796,0.7910793451881597,0.809158999477621
4.7583333333333835,3,True,0.07286718045251049,0.029443395896526538,0.7936007876455358,0.8008784737304603
4.76250000000005,3,True,0.14293525942327984,0.029081515788796954,0.7961132620018658,0.7936106060948895
4.766666666666716,3,True,0.10180832345900277,0.0403218117289829,0.7986168001543033,0.7871171600330907
4.770833333333383,3,True,0.0669532697485571,0.050851815673104976,0.8011114338865514,0.808424834389293
4.775000000000049,3,True,0.13271214366772965,0.046008081773203986,0.8035971948692678,0.8309400696931543
4.779166666666716,3,True,0.10387114374595488,0.06117422750759461,0.8060741146604654,0.8280520410464328
4.783333333333382,3,True,0.13883930382068466,0.0618244746614506,0.8085422247059144,0.7807902138918484
4.7875000000000485,3,True,0.0998150250805517,0.0412441143156097,0.8110015563395399,0.8116226714522471
4.791666666666715,3,True,0.11748760170367148,0.04852456641708735,0.8134521407838211,0.8109671141642619
4.795833333333381,3,True,0.137209761248814,0.03243079047267735,0.8158940091501866,0.8111705994721133
4.800000000000048,3,True,0.06262325428090539,0.012734415370867114,0.8183271924394109,0.8158948711952181
4.804166666666714,3,True,0.07638956844369661,0.04538021151214606,0.8219607503965495,0.7898195399338364
4.808333333333381,3,True,0.04381640365017621,0.06152718916722601,0.8243723558986789,0.8388732642238987
4.812500000000047,3,True,0.1597397235360422,0.015602626758305949,0.8267753839606362,0.8134509448456636
4.8166666666667135,3,True,0.054017052022330744,0.03222392602854564,0.8291698650900976,0.8221798000492725
4.82083333333338,3,True,0.18577585768109095,0.030539461839732593,0.8315558296862317,0.8613827126336132
4.825000000000046,3,True,0.1572771351031233,0.04445324318609743,0.8339333080400849,0.8331741769903035
4.829166666666713,3,True,0.0762185830809409,0.03769833065141546,0.8363023303349671,0.839783961226459
4.833333333333379,3,True,0.07876111175135199,0.023421199056422464,0.8386629266468338,0.8549134292804673
4.837500000000046,3,True,0.1879471639153011,0.047494989405796335,0.8410151269446683,0.8428496260068413
4.841666666666712,3,True,0.12376766624382403,0.014345115687837529,0.8433589610908624,0.854981568184644
4.8458333333333785,3,True,0.09428875291406025,0.04076618718729451,0.8456944588415949,0.8480885910890634
4.850000000000045,4,True,0.11605350929950417,0.03442144931531307,0.8480216498472104,0.8443317726828086
4.854166666666711,3,True,0.05807643641469208,0.033961696306273936,0.8514969258092313,0.8528265163581368
4.858333333333378,3,True,0.09292639566307946,0.06897874546774192,0.8538034789811619,0.8555129465100778
4.862500000000044,3,True,0.1506246836635248,0.01616617025549744,0.8561018283561537,0.8507616202299841
4.866666666666711,3,True,0.21638510396798785,0.028419713109148224,0.8583920031129328,0.869629632932514
4.870833333333377,3,True,0.10095223745572897,0.06724111926730568,0.8606740323264453,0.859335194888483
4.8750000000000435,3,True,0.12291752556928712,0.030048718807011477,0.8629479449682247,0.8508628490032102
4.87916666666671,3,True,0.06969298661562134,0.05534052740140806,0.8652137699067601,0.8854096170765535
4.883333333333376,3,True,0.043811600484881676,0.046477333061599235,0.8674715359078645,0.857974686563088
4.887500000000043,3,True,0.032066452182372834,0.026026343464115562,0.869721271635037,0.8761737078788668
4.891666666666709,3,True,0.04898720473078134,0.021979548915449988,0.871963005649829,0.8771494001254831
4.895833333333376,3,True,0.10311050122258045,0.039941351669752684,0.874196766412206,0.8933745219139532
4.900000000000042,3,True,0.1233986045330129,0.040224868169755526,0.8764225822809089,0.8788909124836624
4.9041666666667085,3,True,0.10362326239122331,0.04146640335902122,0.8797464711949367,0.8848053820727357
4.908333333333375,3,True,0.04353080896035024,0.05177628931387188,0.8819525482379047,0.8765941977185651
4.912500000000041,3,True,0.06806637564997746,0.028694215971227646,0.8841507788508348,0.8892138960500493
4.916666666666708,3,True,0.17536285540072788,0.03314390046141509,0.8863411909413947,0.8946116793174058
4.920833333333374,3,True,0.13980087384846013,0.02638989000990672,0.888523812317991,0.885738350862766
4.925000000000041,3,True,0.12864033084085655,0.009424575990809543,0.8906986706901244,0.8912228752356094
4.929166666666707,3,True,0.14206314358621702,0.025470463868916247,0.8928657936687394,0.9015134804934254
4.9333333333333735,3,True,0.07053755245560701,0.021916050371341547,0.8950252087665759,0.8959680070145001
4.93750000000004,3,True,0.14495749993499465,0.035911125748120186,0.8971769433985186,0.8665160002307539
4.941666666666706,3,True,0.1127777020038234,0.08207165568077432,0.8993210248819443,0.9470713916344882
4.945833333333373,3,True,0.08294382524121523,0.043237093875126434,0.9014574804370697,0.9260261911057664
4.950000000000039,3,True,0.07775534177897865,0.04224439541329445,0.9035863371872955,0.9246823576029648
4.954166666666706,3,True,0.04552944403961922,0.05648446305313224,0.9067654336485645,0.8972250066274949
4.958333333333372,3,True,0.203450956753953,0.025438506646549404,0.9088754114191774,0.920849451795339
4.9625000000000385,3,True,0.15580184620221627,0.024167342702978045,0.9109778845593374,0.9025169682054133
4.966666666666705,3,True,0.08899210192774469,0.021133673684788426,0.9130728797610215,0.906600624343085
4.970833333333371,4,True,0.17037746481052685,0.03297982521814691,0.9151604236212701,0.933703008201947
4.975000000000038,3,True,0.06514717430390309,0.03790092512692423,0.9172405426425254,0.9008622601502986
4.979166666666704,3,True,0.12321188200774608,0.04469217846790824,0.9193132632329679,0.9388969623692351
4.983333333333371,3,True,0.12689135098541227,0.05860438299781777,0.9213786117068509,0.9289852228381937
4.987500000000037,3,True,0.08321167827542157,0.010460021898791985,0.9234366142848335,0.9243064160886166
4.9916666666667036,3,True,0.2743314515054825,0.08505839387720653,0.9254872970943174,0.9310010850005379
4.99583333333337,3,True,0.09176190918215954,0.053129905027987354,0.9275306861697744,0.9421541150847653
5.000000000000036,3,True,0.06863093449825908,0.03105560984380897,0.9295668074530788,0.9388136688792172
5.004166666666703,3,True,0.01576708693344576,0.0910645650432995,0.9326074187886144,0.9459408418600871
5.008333333333369,3,True,0.21094663297552418,0.04731627815814479,0.9346254834825346,0.950658608453843
5.012500000000036,3,True,0.05509889482274471,0.03244934303717604,0.9366363704564006,0.9431221451629326
5.016666666666702,3,True,0.21966729139248803,0.0681992785411732,0.9386401052394558,0.9239957402447947
5.020833333333369,3,True,0.06657057072812558,0.05645573311026314,0.9406367132701424,0.9545969367940628
5.025000000000035,3,True,0.16451880795082602,0.03239619872958173,0.9426262198964269,0.9157570300176519
5.029166666666701,3,True,0.09164024264089561,0.024281676540091855,0.9446086503761173,0.965528647825709
5.033333333333368,3,True,0.03428107100067264,0.06298344113971549,0.9465840298771879,0.9162883154518411
5.037500000000034,3,True,0.17953882823257328,0.019930866606303665,0.9485523834780968,0.9415382486028354
5.041666666666701,3,True,0.04383408758796544,0.03226432882494954,0.950513736168104,0.952307944761114
5.045833333333367,3,True,0.055622440616393314,0.017801728504984536,0.9524681128475904,0.9563170654642489
5.050000000000034,3,True,0.15263190747561395,0.013485191264788985,0.9544155383283722,0.9439299822988598
5.0541666666667,3,True,0.1055344956895833,0.03199564741806228,0.9573236971107243,0.9372356762408828
5.058333333333366,3,True,0.13103599511972866,0.045925222384843895,0.9592538525680815,0.9505763539832028
5.062500000000033,3,True,0.16410560706254013,0.04180721575590012,0.9611771429751852,0.9747920539260952
5.066666666666699,3,True,0.035010547834716826,0.022613700095919984,0.9630935927491977,0.948605923715839
5.070833333333366,3,True,0.10123685242303275,0.021793346656331026,0.965003226220434,0.9755299238226259
5.075000000000032,3,True,0.09893740614430581,0.06578018835211441,0.9669060676326723,0.9827523719980888
5.079166666666699,3,True,0.12221889453878217,0.06751924725552283,0.9688021411434624,0.9780867348925356
5.083333333333365,3,True,0.11855716752294815,0.05550097528128776,0.9706914708244314,0.9578926549277624
5.087500000000031,3,True,0.11964425527785928,0.02242418273821445,0.9725740806615912,0.980209043674557
5.091666666666698,3,True,0.07851138620187365,0.04817885976998656,0.9744499945556407,0.9735841986188113
5.095833333333364,3,True,0.11494682509583841,0.035998668044096856,0.9763192363222717,0.9718451002283482
5.100000000000031,3,True,0.21718985572456592,0.09183567847359136,0.9781818296924683,0.9772554485703209
5.104166666666697,3,True,0.06664514529702478,0.03137992631594153,0.9809633057083375,0.985241911902422
5.108333333333364,3,True,0.2229233999999131,0.03256193968330882,0.9828093813573401,1.0070724876274966
5.11250000000003,3,True,0.21051253263107494,0.02310557109491519,0.9846488910056355,0.9697143080167923
5.1166666666666965,3,True,0.2313243536893094,0.0461640507209859,0.9864818580067437,0.9828542340022206
5.120833333333363,3,True,0.13684385166085306,0.021020649505466383,0.988308305631123,0.9822235405187858
5.125000000000029,3,True,0.11588712152929419,0.03211554059445843,0.990128257066465,0.9905782465557149
5.129166666666696,3,True,0.03939243640641449,0.037563283899846284,0.9919417354179884,1.0112295176147035
5.133333333333362,3,True,0.09844340211055778,0.03361541789773818,0.9937487637087302,1.0025710307204354
5.137500000000029,3,True,0.05178376807292624,0.0388964500187265,0.9955493648798481,0.9814449017336915
5.141666666666695,3,True,0.09142007893561183,0.004754565708253429,0.9973435617908966,0.9962412209050917
5.1458333333333615,3,True,0.1371123970334346,0.05048367593365631,0.9991313772201285,0.9697421582824753
5.150000000000028,3,True,0.1408818526237239,0.03545913385603224,1.0009128338647788,1.0336295132635438
5.154166666666694,3,True,0.10382332582032726,0.0850595434505106,1.0035731455622716,1.0167763384682946
5.158333333333361,4,True,0.07637986869473623,0.07085570081964011,1.0053388040168034,1.0130829401049741
5.162500000000027,3,True,0.09354541702139424,0.010277422040827013,1.0070981824932275,1.001490013543019
5.166666666666694,3,True,0.15646624056418523,0.009471100508217426,1.0088513033277575,1.017361167780061
5.17083333333336,3,True,0.04458437921084338,0.014859394332268412,1.0105981887771636,1.0073966328703459
5.1750000000000265,3,True,0.09907734105583749,0.061544203883687906,1.012338861019054,1.004517492132748
5.179166666666693,3,True,0.13445061078016163,0.07733743070895698,1.01407334215216,1.0082477083870103
5.183333333333359,3,True,0.13830924048561333,0.028192173306059717,1.0158016541966066,0.9996998129032423
5.187500000000026,3,True,0.14971153351485764,0.03660621485992737,1.0175238190942055,1.0191534236454187
5.191666666666692,3,True,0.07249904397426989,0.024760236616192123,1.0192398587087252,1.0148522557085615
5.195833333333359,3,True,0.14705487476329313,0.02455140295320082,1.0209497948261708,0.9987258688237566
5.200000000000025,3,True,0.12707083536274658,0.031426741551589685,1.0226536491550595,1.0321149821585667
5.2041666666666915,3,True,0.09328210777923225,0.06676013752832535,1.0251980745922873,1.0209112577759751
5.208333333333358,3,True,0.12330832240872082,0.027281509501511876,1.0268868189185263,1.0148951329006208
5.212500000000024,3,True,0.13457369621672716,0.04734214765265769,1.0285695568297801,1.0262560871545916
5.216666666666691,3,True,0.13491781294529195,0.002181245801369397,1.0302463096892722,1.0284662352853666
5.220833333333357,3,True,0.03814475108341553,0.02489669892647309,1.0319170987842423,1.0375972431811227
5.225000000000024,3,True,0.08528530276402958,0.03640399713862073,1.0335819453262156,1.0349491773656982
5.22916666666669,3,True,0.04349439002458277,0.025767878977353113,1.0352408704512752,1.05352088122886
5.2333333333333565,3,True,0.13701528170989025,0.02044801118042982,1.0368938952203282,1.0500556793759601
5.237500000000023,3,True,0.0671151871307699,0.03638356708300806,1.0385410406193736,1.021907970623605
5.241666666666689,3,True,0.05508749489715512,0.04649935403845272,1.0401823275597681,1.054138832694607
5.245833333333356,3,True,0.14399886379948051,0.038720806220418666,1.0418177768784935,1.0393119069894323
5.250000000000022,3,True,0.025039057374461975,0.049632202813086584,1.0434474093384192,1.0599908386513126
5.254166666666689,3,True,0.06449223804644384,0.041896995004354315,1.045880996655166,1.0313533085069269
5.258333333333355,3,True,0.16408307333865066,0.055853968987114706,1.0474961773216662,1.0389865737071977
5.2625000000000215,3,True,0.02573742639421388,0.0661922415894264,1.0491056132195793,1.0689392566802203
5.266666666666688,3,True,0.0891180059264352,0.054794723574247826,1.0507093247815202,1.054790899540048
5.270833333333354,3,True,0.11253389279482533,0.046073488650622184,1.0523073323674323,1.0373641044743735
5.275000000000021,3,True,0.07770770110792018,0.029275257661506682,1.0538996562648426,1.0435860962779515
5.279166666666687,3,True,0.11154142651312744,0.029045176192886407,1.0554863166891215,1.0428193525131149
5.283333333333354,3,True,0.11553983792540813,0.05819565244695085,1.0570673337837384,1.0683636192673491
5.28750000000002,3,True,0.10724756532993107,0.01340178422303309,1.0586427276205181,1.061694243476254
5.2916666666666865,3,True,0.11989510881438181,0.03241538994466985,1.060212518199895,1.0750891042139747
5.295833333333353,4,True,0.1346338428490668,0.02748944107570642,1.061776725451167,1.0729177145422804
5.300000000000019,4,True,0.17600877279517796,0.05101654793445904,1.0633353692327492,1.0496417839079923
5.304166666666686,4,True,0.0900219670460668,0.03829300416247547,1.0656629466659804,1.058395248070556
5.308333333333352,4,True,0.12209042443577425,0.042068914927510186,1.067207768191005,1.084143741330107
5.312500000000019,4,True,0.13768627566581138,0.013952314392678815,1.0687470951962186,1.0607821730436595
5.316666666666685,4,True,0.09698824983668135,0.040714732147426644,1.070280947224169,1.0696593416537408
5.3208333333333515,4,True,0.051449601230481354,0.0401710433126087,1.0718093437478955,1.0806987949348257
5.325000000000018,4,True,0.08750298942373673,0.02076306082985517,1.0733323041711778,1.0768509807315791
5.329166666666684,4,True,0.11074945299779743,0.04427102721698739,1.0748498478287813,1.076351551668169
5.333333333333351,4,True,0.06997780290364286,0.05276943851403228,1.0763619939867017,1.0669844742012666
5.337500000000017,4,True,0.031191453563568703,0.04912291756186786,1.0778687618424125,1.0887092444048758
5.341666666666684,4,True,0.1587446791732451,0.014239274763085057,1.079370170525106,1.0763756410114413
5.34583333333335,4,True,0.09420521040565313,0.027282105217576874,1.0808662390959372,1.0722354558202176
5.3500000000000165,4,True,0.07208673546486583,0.03531394748369078,1.0823569865482645,1.0889341765428584
5.354166666666683,4,True,0.17897159303359061,0.02615883867084458,1.0845831720113481,1.0761413555852695
5.358333333333349,4,True,0.10202694804935572,0.04705497559639121,1.086060699320631,1.078949891322886
5.362500000000016,4,True,0.060720774328157714,0.03921474083932556,1.0875329714577522,1.0885093703556197
5.366666666666682,4,True,0.13928748330115562,0.025547641304399224,1.089000007113964,1.0784344400062371
5.370833333333349,4,True,0.19494658780638618,0.05107219984329471,1.0904618249140376,1.1115708825685793
5.375000000000015,4,True,0.026572257243259872,0.0293651188702799,1.0919184434165021,1.0800332585413053
5.3791666666666815,4,True,0.06682443522323475,0.02015751502897682,1.0933698811138766,1.089330148406855
5.383333333333348,4,True,0.1573151897157597,0.03628373171411011,1.0948161564329097,1.1018085746333148
5.387500000000014,4,True,0.07671927546020486,0.032496858413942134,1.09625728773481,1.1066612832541116
5.391666666666681,4,True,0.06517774969429027,0.053423318317190466,1.097693293315479,1.0997608113845514
5.395833333333347,4,True,0.08429110840723637,0.02690603357799771,1.0991241914057466,1.0944486397560222
5.400000000000014,4,True,0.030833543881116903,0.03315002367811066,1.1005500001715989,1.1036497495060265
5.40416666666668,4,True,0.03673390829223102,0.03536511418387237,1.1026792104162462,1.098690208781419
5.4083333333333465,4,True,0.17446659826287636,0.03927216647228376,1.1040923749238039,1.0873041258895169
5.412500000000013,4,True,0.04272516254692549,0.012373550681637339,1.1055005131805893,1.096105553607899
5.416666666666679,4,True,0.07868289142502566,0.016727800017227,1.1069036430636419,1.1059176038535785
5.420833333333346,4,True,0.07271090916885324,0.01724638202538125,1.1083017823864156,1.0955686946276402
5.425000000000012,4,True,0.06845973736485741,0.038248627456736406,1.1096949488990089,1.1148090443730685
5.429166666666679,4,True,0.05549400895103844,0.07438114072321161,1.1110831602883857,1.118071071509661
5.433333333333345,4,True,0.03588967325322765,0.03603677092298221,1.1124664341786037,1.1008605678577295
5.4375000000000115,4,True,0.04713667695369536,0.05033009684369029,1.1138447881310356,1.101960246716325
5.441666666666678,4,True,0.04564646954890224,0.07384159783108943,1.1152182396445929,1.1212251306454772
5.445833333333344,4,True,0.021017644669284116,0.03382142266524321,1.1165868061559487,1.1164421310721824
5.450000000000011,4,True,0.0246689013509766,0.08406200823045777,1.1179505050397585,1.0942285509230083
5.454166666666677,4,True,0.08012943171925375,0.034889076505668415,1.1199869644188578,1.1162957871360333
5.458333333333344,4,True,0.07971002378060302,0.02659236494891207,1.1213385698429161,1.1236359786736165
5.46250000000001,4,True,0.14235661611545825,0.01302951870020425,1.1226853679655102,1.115730687738082
5.4666666666666766,4,True,0.06264128802626132,0.02903124198774645,1.1240273758849344,1.1130137694412547
5.470833333333343,4,True,0.12654182287912788,0.0328165852582983,1.1253646106386688,1.1356553453577256
5.475000000000009,4,True,0.10807719614568789,0.026292640105937536,1.1266970892035963,1.129513779315995
5.479166666666676,4,True,0.04659514221228141,0.02991682691869698,1.128024828496217,1.1255872873202073
5.483333333333342,4,True,0.2602072102871308,0.07408249007019904,1.1293478453728636,1.124380272954236
5.487500000000009,4,True,0.08139497111325336,0.057437468605349616,1.1306661566299148,1.1371911807105675
5.491666666666675,4,True,0.05357829424957051,0.0562128015606486,1.13197977900401,1.1237200486408476
5.495833333333342,4,True,0.09180862922764073,0.035033335549599164,1.13328872917226,1.1379303322685796
5.500000000000008,4,True,0.1791906071616949,0.022722288229900973,1.1345930237524606,1.1424236011254074
5.504166666666674,4,True,0.11085171741089833,0.041033405856506215,1.136540772601195,1.146730863068189
5.508333333333341,4,True,0.1266160651702821,0.034241669761929674,1.1378335005267646,1.1324707865741768
5.512500000000007,4,True,0.048003588988436034,0.021867184874201452,1.1391216305624927,1.1392360258380745
5.516666666666674,4,True,0.09809993510752679,0.019974834244327295,1.1404051790618517,1.1486480921851934
5.52083333333334,4,True,0.10762213312267775,0.03973434226522818,1.1416841623201495,1.153943887079116
5.525000000000007,4,True,0.210397948727835,0.06490603393201086,1.142958596574736,1.115512533931345
5.529166666666673,4,True,0.14643927655737649,0.03818774816616081,1.1442284980052089,1.1279170188586387
5.533333333333339,4,True,0.18702779967780753,0.04263192081743996,1.14549388273362,1.144939469278055
5.537500000000006,4,True,0.12755913093393859,0.03176090903157069,1.1467547668246785,1.1240490598615924
5.541666666666672,4,True,0.09786513450548438,0.020462848956916392,1.1480111662859558,1.1528041860173728
5.545833333333339,4,True,0.06990129126595047,0.03383455339830482,1.1492630970680886,1.1601042482457165
5.550000000000005,4,True,0.13617999892699492,0.02429990236484554,1.1505105750649824,1.1564590030128805
5.554166666666672,4,True,0.06178282852322947,0.051342032159105655,1.1523734777168464,1.1564923998620071
5.558333333333338,4,True,0.14268604348394903,0.052675484473444716,1.1536098929159881,1.1524935970830084
5.562500000000004,4,True,0.07746703670491802,0.026967317806753523,1.1548419105146972,1.1576976477419074
5.566666666666671,4,True,0.028001964625523432,0.04604484747253573,1.156069546154071,1.1808136455378249
5.570833333333337,4,True,0.11144244061111203,0.03809101081189136,1.1572928154195743,1.1782099439237506
5.575000000000004,4,True,0.13659902507166194,0.020541615536011887,1.1585117338412392,1.173280220745698
5.57916666666667,4,True,0.023351999031339003,0.037497802821397766,1.1597263168938614,1.1507433416202466
5.583333333333337,4,True,0.10083571533513447,0.048394303006806715,1.160936579997197,1.1648290299807196
5.587500000000003,4,True,0.080724550659846,0.038214481922989325,1.1621425385161586,1.1679976192447141
5.5916666666666694,4,True,0.03973858048281665,0.021002774322977945,1.1633442077610092,1.1746545735793044
5.595833333333336,4,True,0.16409604654537943,0.00813776947615048,1.164541602987557,1.169955376006848
5.600000000000002,4,True,0.05490570644483634,0.03412372267017147,1.16573473939735,1.1563329945673435
5.604166666666669,4,True,0.10349368492987854,0.02230716337612322,1.167516491851,1.1813823972440551
5.608333333333335,4,True,0.0918472671038143,0.01135006493123371,1.1686990473713308,1.1669188190999895
5.612500000000002,4,True,0.0704963859779625,0.0490680083630358,1.1698773968557994,1.1419135466650092
5.616666666666668,3,True,0.03390506587318574,0.021773647773543865,1.171051555264159,1.1727336380294617
5.6208333333333345,3,True,0.10995686737779231,0.036195834565828915,1.1722215375029539,1.1705772426999796
5.625000000000001,3,True,0.1212586174972684,0.08265978283314074,1.1733873584257097,1.1683411247764803
5.629166666666667,3,True,0.12708370921287077,0.035571619438586534,1.1745490328331225,1.1783334587863572
5.633333333333334,3,True,0.06793868065378827,0.009203942531795276,1.1757065754732454,1.1811268832492903
5.6375,3,True,0.09991231167863023,0.0415033281261793,1.1768600010416779,1.1709262299797127
5.641666666666667,3,True,0.10642929406230969,0.05704941030661923,1.1780093241817495,1.2085866184712912
5.645833333333333,3,True,0.05491494094738773,0.027954072594867835,1.1791545594847088,1.1903115654786989
5.6499999999999995,3,True,0.2807975099825308,0.05505465490929217,1.1802957214899057,1.1675229483011695
5.654166666666666,3,True,0.06467472404694022,0.02264623236539475,1.181999858742011,1.171612918090486
5.658333333333332,3,True,0.10736736837045253,0.03663114407124338,1.1831309007735515,1.1747548299774204
5.662499999999999,3,True,0.06157547527188122,0.046329400492510296,1.184257919989027,1.1751874064889885
5.666666666666665,3,True,0.10770741221101152,0.07923241729482337,1.1853809306965246,1.175554747644823
5.670833333333332,3,True,0.10992999055850601,0.02729152881824428,1.1864999471532425,1.1720325030872083
5.674999999999998,3,True,0.13018195344131184,0.015778782740855785,1.1876149835656706,1.191575461736829
5.6791666666666645,3,True,0.17310651943892533,0.018149517941888797,1.1887260540897686,1.176145140775832
5.683333333333331,3,True,0.1347349365660019,0.03002909037983083,1.1898331728311478,1.2004052280521142
5.687499999999997,3,True,0.08780776509527277,0.04501501913226028,1.19093635384525,1.1933599170401379
5.691666666666664,3,True,0.11100529175556023,0.03122738030534809,1.1920356111375248,1.2041863815749245
5.69583333333333,3,True,0.10829645243288515,0.03827948080378059,1.1931309586636085,1.1717507457533505
5.699999999999997,3,True,0.16425904380420017,0.046146337722813464,1.1942224103295012,1.1939226013175648
5.704166666666663,3,True,0.1462129386205381,0.019824657770960413,1.1958523133881809,1.1867656336280847
5.7083333333333295,3,True,0.08688637466992416,0.042799058032411574,1.1969340859181956,1.1694999669167014
5.712499999999996,3,True,0.08366474654314891,0.08495186755156539,1.1980120108706747,1.1876705930670517
5.716666666666662,3,True,0.23400590516242206,0.01535939550087945,1.1990861019304282,1.185815732488602
5.720833333333329,3,True,0.04964018402413179,0.055594248198396305,1.2001563727335949,1.1916835778100399
5.724999999999995,3,True,0.1147738748927002,0.062305105382250627,1.2012228368678128,1.2078621459868781
5.729166666666662,3,True,0.170448350169313,0.04116451396496055,1.2022855078723917,1.1954513124977224
5.733333333333328,3,True,0.0586610757247361,0.07652497911285691,1.2033443992384871,1.1830265779739764
5.7374999999999945,3,True,0.06318075098744375,0.03668870670925701,1.2043995244092673,1.227588120312574
5.741666666666661,3,True,0.11515252576010751,0.0437883939075163,1.2054508967800903,1.1957140632704109
5.745833333333327,3,True,0.16242777331166444,0.036568864186610525,1.2064985296986683,1.2405062046966158
5.749999999999994,3,True,0.06277989082015129,0.0639783260018872,1.2075424364652398,1.211158039266881
5.75416666666666,3,True,0.19109343602050433,0.06287539326154114,1.2091013390579803,1.2297841025653855
5.758333333333327,3,True,0.11959151499341901,0.028301374814232103,1.2101359883230491,1.2258737237635986
5.762499999999993,3,True,0.09814548536180724,0.03240589947653285,1.2111669576155175,1.2344683666149512
5.7666666666666595,3,True,0.09930487296366305,0.02140338934593584,1.2121942600240705,1.202682841889009
5.770833333333326,3,True,0.12639717723820465,0.021819246732153314,1.2132179085908403,1.2264395686558573
5.774999999999992,3,True,0.10766027085144705,0.017043742331185788,1.2142379163115717,1.1974048919972748
5.779166666666659,3,True,0.18288125307259445,0.008993881120697484,1.2152542961357868,1.2141273643232222
5.783333333333325,3,True,0.06582925817274904,0.029224449604332767,1.21626706096695,1.2210671136504445
5.787499999999992,3,True,0.07466193115209506,0.041728200074127995,1.217276223662631,1.234216557755444
5.791666666666658,3,True,0.06710691956962393,0.04173397535760763,1.2182817970346698,1.2229968824155777
5.7958333333333245,3,True,6.231383561385244,2.362855323640927,1.2192837938493357,2.005011038062751
5.799999999999991,3,True,0.06449193456492898,0.03211743279545491,1.2202822268274944,1.2132575231660607
5.804166666666657,3,True,0.1502748241865389,0.05493000930642149,1.2217732218168664,1.232130995865091
5.808333333333324,3,True,0.0987613875820026,0.0682644749228978,1.2227628005610152,1.213460046683168
5.81249999999999,3,True,0.18435217683929486,0.053628423570071,1.2237488596364345,1.2270284610797526
5.816666666666657,3,True,0.28040307075286475,0.05889534024264462,1.2247314115616512,1.2177391999899156
5.820833333333323,3,True,0.11648406637121059,0.05031247171538299,1.2257104688106668,1.2316391243763756
5.8249999999999895,3,True,0.15171551066871147,0.11356288226851731,1.2266860438131162,1.2154642726637719
5.829166666666656,3,True,0.18324309555999183,0.017551022433525933,1.2276581489544258,1.243517176625405
5.833333333333322,3,True,0.14639170981864014,0.02159879577113311,1.2286267965759696,1.2297727838354648
5.837499999999989,3,True,0.06862706454391178,0.06307144219276677,1.2295919989752269,1.235549382026768
5.841666666666655,3,True,0.05985745200588335,0.10423968179084542,1.2305537684059384,1.2402465732239707
5.845833333333322,3,True,0.16885193344801314,0.05361761739843506,1.2315121170782615,1.2061844127320154
5.849999999999988,3,True,0.20121424244559583,0.054869638962143495,1.2324670571589247,1.2339840934381094
5.8541666666666545,3,True,0.39911489640095477,0.08745060769413619,1.233893102678821,1.2050871523920872
5.858333333333321,3,True,0.17057457457420083,0.06880831260341438,1.234839574226168,1.2388977731152204
5.862499999999987,3,True,0.09235065302237835,0.030391957183508466,1.2357826794256341,1.229217511001538
5.866666666666654,3,True,0.17156639546623337,0.037660011256049675,1.236722430250424,1.2416341280007466
5.87083333333332,3,True,0.06375234141753518,0.057246785517684126,1.237658838631158,1.2425643154605093
5.874999999999987,3,True,0.14439853387292723,0.05723605106196795,1.2385919164560217,1.2345102664825842
5.879166666666653,3,True,0.2536742862510698,0.08229608642308582,1.239521675570917,1.245525075938947
5.8833333333333195,3,True,0.04962001572572807,0.01907135532235891,1.2404481277796142,1.2405982846389476
5.887499999999986,3,True,0.11601624040147326,0.031257660121187865,1.2413712848439005,1.2325432055425671
5.891666666666652,3,True,0.11778075897204601,0.024001879068599137,1.2422911584837288,1.2459042433611487
5.895833333333319,3,True,0.1897965075725876,0.07466332386288621,1.2432077603773677,1.235249150536823
5.899999999999985,3,True,3.6863713654467407,1.3770549446524134,1.2441211021615521,1.3942249486012848
5.904166666666652,3,True,0.14068391551335513,0.019528988708161867,1.2454850274861253,1.2494360003112948
5.908333333333318,3,True,3.604450504175843,1.3026634085531164,1.2463902696361153,0.5773966647300058
5.9124999999999845,3,True,0.06042874401188386,0.04272952275266726,1.2472922920802394,1.2517072785054801
5.916666666666651,3,True,0.15329959923597283,0.07616300204280035,1.2481911062701347,1.2505293921363119
5.920833333333317,3,True,0.2511777483122235,0.049996035784543785,1.2490867236167105,1.261597778194154
5.924999999999984,3,True,0.16189713421990623,0.01831562954534852,1.2499791554902888,1.2382506193002742
5.92916666666665,3,True,0.0673705233162945,0.04449720628521843,1.2508684132207513,1.2597626345618793
5.933333333333317,3,True,0.1353822251708876,0.11818797982771052,1.2517545080976813,1.2502053595171316
5.937499999999983,3,True,0.14561701518917475,0.057436339490610916,1.252637451370509,1.249777902296042
5.9416666666666496,3,True,0.08103034866341341,0.042544681202829435,1.2535172542486526,1.2372934243127862
5.945833333333316,3,True,0.16768361633789827,0.09859068143453477,1.2543939279016627,1.2606769541578553
5.949999999999982,3,True,0.13171426777581202,0.06714039888448228,1.2552674834593613,1.276571029558913
5.954166666666649,3,True,0.1309431416659375,0.05279522415947811,1.2565719946163032,1.2559175498605848
5.958333333333315,3,True,0.23021391601325308,0.03295795805874534,1.2574378033692613,1.243311652299964
5.962499999999982,3,True,0.039145409736895405,0.04750711569966008,1.2583005326704715,1.2372558229637445
5.966666666666648,3,True,0.025442079306419008,0.05717822152098088,1.2591601934727252,1.2738326817644847
5.970833333333315,3,True,0.12916871821140782,0.060756553918942184,1.2600167966898588,1.2550446851839292
5.974999999999981,3,True,0.0888596702367977,0.02385916046384611,1.2608703531968894,1.2589438587683583
5.979166666666647,3,True,0.10380970703588767,0.02449895322702803,1.2617208738301564,1.2457237925127473
5.983333333333314,3,True,0.13633056362921991,0.028804121628881154,1.2625683693874559,1.2736165156163928
5.98749999999998,3,True,0.06741236119882342,0.05584512614615752,1.2634128506281803,1.2548806435109165
5.991666666666647,3,True,0.17662425726459421,0.08680478657038412,1.2642543282734515,1.2678300711923167
5.995833333333313,3,True,0.11219150455622087,0.04511118202605852,1.2650928130062626,1.2914677586234584
5.99999999999998,3,True,0.1618743616674223,0.04693305269594846,1.265928315471607,1.2621198503347635
6.004166666666646,3,True,0.11748654434228478,0.0505522600467032,1.267176000610908,1.2870544568651447
6.008333333333312,3,True,0.08530739376241296,0.07147368518177066,1.2680040937313035,1.2725753688361803
6.012499999999979,3,True,0.20095220734346778,0.05257773977876816,1.2688292415444375,1.2596684291093827
6.016666666666645,3,True,0.06534567726850751,0.0728707733675523,1.2696514545259854,1.2626865532208602
6.020833333333312,3,True,0.20108178011283864,0.0585475250607281,1.2704707431143638,1.2549085297729288
6.024999999999978,3,True,0.09795288350734224,0.04131978488511159,1.2712871177108624,1.268345138168144
6.029166666666645,3,True,0.2268348993004623,0.03236935607771068,1.2721005886797754,1.286011992466723
6.033333333333311,3,True,0.0791754466174395,0.03993379903489603,1.2729111663485364,1.2634365534605954
6.037499999999977,3,True,0.12414513961711511,0.030005800291821785,1.273718861007845,1.2989419714315613
6.041666666666644,3,True,0.10376018274377614,0.043007492665016855,1.274523682911799,1.267525767363968
6.04583333333331,3,True,0.14421088179945202,0.02346782452473328,1.2753256422780272,1.2962026724728768
6.049999999999977,3,True,0.1333846739591139,0.08557318763441639,1.2761247492878152,1.2791956001222744
6.054166666666643,3,True,0.06016633644391085,0.03918319956799682,1.2773180838166522,1.2579899439832565
6.05833333333331,3,True,0.14424324426693633,0.050155785569721674,1.2781101042411434,1.2541584822754
6.062499999999976,3,True,0.11187393581580603,0.04609637547184111,1.27889930765937,1.2784355453533418
6.0666666666666424,3,True,0.059056555559012715,0.06635149164108622,1.2796857040906755,1.302314214737215
6.070833333333309,3,True,0.0703325319658121,0.0490483890396364,1.2804693035187664,1.266460025007699
6.074999999999975,3,True,0.15474032903522708,0.0678222176176464,1.2812501158918412,1.2801307682949135
6.079166666666642,3,True,0.055915411227728216,0.012748089521026072,1.2820281511227125,1.2913154664188555
6.083333333333308,4,True,0.05482729318175484,0.09189306701460022,1.282803419088939,1.287899862390887
6.087499999999975,4,True,0.05844359028626429,0.023078003721996324,1.2835759296329454,1.2769548649895106
6.091666666666641,4,True,0.059962213099931966,0.016850121514602655,1.2843456925621497,1.29649366918738
6.0958333333333075,4,True,0.07284300588159336,0.02768080648595583,1.2851127176490884,1.276701489105006
6.099999999999974,4,True,0.10954166730384025,0.015098345019938132,1.2858770146315393,1.283524851465413
6.10416666666664,4,True,0.10478948403268623,0.034364079103254175,1.2870183661254853,1.3002695048271982
6.108333333333307,4,True,0.06924743096617121,0.022565257793290747,1.2877758852225059,1.286833742940317
6.112499999999973,4,True,0.06362594338331869,0.017642907823246734,1.2885307100253194,1.2962971210109253
6.11666666666664,4,True,0.15495891954186983,0.020240852569234594,1.289282850116815,1.2759332713944678
6.120833333333306,4,True,0.17906836248056485,0.03514567332825181,1.2900323150457975,1.2854092481560058
6.1249999999999725,4,True,0.10524197689931891,0.05139955471725171,1.290779114327109,1.2681675729351751
6.129166666666639,4,True,0.07957508541698691,0.03562618304816586,1.2915232574417508,1.2933692318910672
6.133333333333305,4,True,0.13024407336615504,0.037874632529652216,1.2922647538370011,1.3148208110954864
6.137499999999972,3,True,0.18791668933656794,0.007391973216637417,1.2930036129265392,1.298178708077413
6.141666666666638,4,True,0.14680123677397247,0.01735326994311022,1.2937398440905596,1.2913588847123874
6.145833333333305,4,True,0.08674894874096299,0.03276566642727545,1.2944734566758962,1.2925996397054773
6.149999999999971,4,True,0.054495691624941806,0.04120044363445685,1.2952044599961379,1.2996106860200907
6.1541666666666375,4,True,0.09189701650087208,0.04287210378836356,1.2962960928964296,1.2930352940520633
6.158333333333304,4,True,0.11089573622970438,0.03481678721793231,1.2970206135837845,1.3012172192044993
6.16249999999997,4,True,0.06866094338902969,0.03639590877478174,1.2977425573435104,1.3066225483371483
6.166666666666637,4,True,0.15023142072631895,0.04243586500054913,1.2984619333410539,1.2992532120454232
6.170833333333303,4,True,0.07471844318695016,0.029234966592696233,1.2991787507092631,1.3071428257335511
6.17499999999997,4,True,0.07932165397104673,0.053542025964081745,1.299893018548503,1.3191733952865146
6.179166666666636,4,True,0.10543681552149682,0.01760356353175121,1.3006047459267707,1.3153524094249829
6.1833333333333025,4,True,0.06448539948114934,0.02785172894834199,1.3013139418798112,1.3168586538965508
6.187499999999969,4,True,0.16149871774293217,0.05836947886411347,1.3020206154112317,1.2990837974608949
6.191666666666635,4,True,0.06753261035079898,0.02953953920484741,1.3027247754926163,1.31130990867974
6.195833333333302,4,True,0.05627264118397971,0.03164972321267061,1.3034264310636383,1.3146560027611844
6.199999999999968,4,True,0.11146382359973844,0.03321286889314193,1.304125591032176,1.2957425176690929
6.204166666666635,4,True,0.13860164960168816,0.06969989975421263,1.3051696711383667,1.2845867034489358
6.208333333333301,4,True,0.12233435716217544,0.025703025421678932,1.3058626308650187,1.3155347552965753
6.2124999999999675,4,True,0.12191017246624408,0.026399087871933073,1.306553125917995,1.3040380223583727
6.216666666666634,4,True,0.09243683575419014,0.059954215669108676,1.3072411650634848,1.3078638481751108
6.2208333333333,4,True,0.11727412676087964,0.045308110382037796,1.3079267570364996,1.3128457141180985
6.224999999999967,4,True,0.09579725499871984,0.04383144604734796,1.3086099105409812,1.3108731310557837
6.229166666666633,4,True,0.21016750548279364,0.055653565156123595,1.3092906342499149,1.2782653471771994
6.2333333333333,4,True,0.09825655930491295,0.0480584374229524,1.3099689368054372,1.3284933001374726
6.237499999999966,4,True,0.17646152266828996,0.07535631766841258,1.3106448268189483,1.3383822346934726
6.2416666666666325,4,True,0.18935254419966902,0.05676326996352851,1.3113183128712191,1.2900529376898837
6.245833333333299,4,True,0.050565216224103204,0.014759684511965243,1.3119894035125015,1.3112903975565913
6.249999999999965,4,True,0.051252934038745306,0.021338858436508994,1.3126581072626355,1.3195273866269395
6.254166666666632,4,True,0.11136070502828724,0.03998946526414448,1.3136567060295383,1.3031911133543752
6.258333333333298,4,True,0.17082433777204267,0.05854038888278026,1.3143194796275073,1.3328436998456432
6.262499999999965,4,True,0.10282921969252747,0.007672279814661977,1.314979895915842,1.313630405997642
6.266666666666631,4,True,0.03270647238738258,0.051293099609983524,1.3156379632788666,1.2865208260936916
6.2708333333332975,4,True,0.2379336730003786,0.08792627146689598,1.3162936900710849,1.3204748267185722
6.274999999999964,4,True,0.06460046850699426,0.04654588513419279,1.3169470846172848,1.3281014285170922
6.27916666666663,4,True,0.12225119284758684,0.024728821265307618,1.3175981552126463,1.3121774386816176
6.283333333333297,4,True,0.04630232884975154,0.04979904350444732,1.318246910122845,1.305549055189456
6.287499999999963,4,True,0.16007287756848515,0.015087855711480264,1.3188933575841582,1.3201521326535948
6.29166666666663,4,True,0.06841882489394151,0.0254877075025146,1.3195375058035683,1.3287667508856347
6.295833333333296,4,True,0.0572198253176981,0.08562704741236289,1.320179362958868,1.3281083420741167
6.2999999999999625,4,True,0.039112341417281364,0.040148638045042595,1.320818937198764,1.3224582238631204
6.304166666666629,4,True,0.14850361141118604,0.05181609117075539,1.321774035846222,1.294260879869151
6.308333333333295,4,True,0.13235828808310932,0.039739359252886866,1.3224079382582532,1.3427539532033004
6.312499999999962,4,True,0.05494547993904731,0.010571748399548338,1.3230395860477897,1.3288506974599814
6.316666666666628,3,True,0.09707287406047047,0.026414127830677155,1.3236689872339242,1.3221258493415469
6.320833333333295,3,True,0.12835244574314972,0.0560527292634625,1.3242961498072288,1.3206199663671012
6.324999999999961,3,True,0.13458821943490362,0.05759379177710312,1.3249210817298547,1.3342315261164321
6.3291666666666275,3,True,0.10243407546616949,0.04045533199834947,1.3255437909356331,1.340080066769611
6.333333333333294,3,True,0.07773279587777208,0.0360888127800128,1.3261642853301803,1.320795340466676
6.33749999999996,3,True,0.13136107709875514,0.027180343640262946,1.3267825727909865,1.3218782679131342
6.341666666666627,3,True,0.21961682400010785,0.03493099093170924,1.3273986611675315,1.3369672574035016
6.345833333333293,3,True,0.09473552097141216,0.05107488023957522,1.3280125582813735,1.312409518188231
6.34999999999996,3,True,0.12691533903687335,0.05257485696339068,1.3286242719262524,1.3248484708665156
6.354166666666626,3,True,0.09929535913924968,0.05918026239446603,1.3295377653698754,1.3639341069938127
6.3583333333332925,3,True,0.1666453564421557,0.08733660228324382,1.3301440542582836,1.3307627122125776
6.362499999999959,3,True,0.2382056798426094,0.09534463491091529,1.3307481867381652,1.3091770191375833
6.366666666666625,3,True,0.13232247388652807,0.037374893249093336,1.331350170479293,1.3001389909499361
6.370833333333292,3,True,0.2799527235187215,0.05741126912615694,1.331950013124159,1.3372325508828478
6.374999999999958,3,True,0.19136150322646064,0.07121784629598724,1.332547722288075,1.3510546701309223
6.379166666666625,3,True,0.22661552559111348,0.06341021308142748,1.3331433055592652,1.3389495411594878
6.383333333333291,3,True,0.041304211550455834,0.04839090175992521,1.3337367704989656,1.3482311933191782
6.3874999999999575,3,True,0.1381885675709158,0.017732341549933174,1.3343281246415186,1.3271047229904167
6.391666666666624,3,True,0.06000725113009866,0.09699576564310863,1.334917375494469,1.3339651676201203
6.39583333333329,3,True,0.15259196680593498,0.03634889137833285,1.335504530538659,1.3131064725320991
6.399999999999957,3,True,0.04137448830222675,0.06967981403959525,1.3360895972283238,1.315274135252626
6.404166666666623,3,True,0.06572490219160029,0.024239984164371328,1.3369632978390025,1.333500424909077
6.40833333333329,3,True,0.04342077796338886,0.013094805903591319,1.3375431760808751,1.3453857811264145
6.412499999999956,3,True,0.0747182925423475,0.04744303397281968,1.3381209918498749,1.3461022385749137
6.4166666666666226,3,True,0.06666589235906721,0.06019866183116934,1.3386967524816709,1.336067111694614
6.420833333333289,3,True,0.06272913966928596,0.026861194717502142,1.3392704652858398,1.3505727185581586
6.424999999999955,3,True,0.15919761662875492,0.03829226462314414,1.3398421375459608,1.3671290269289447
6.429166666666622,3,True,0.18859666010153522,0.04530266529905236,1.3404117765197066,1.3269057598830754
6.433333333333288,3,True,0.07722766069812094,0.05587478801322554,1.3409793894389368,1.3541953010922956
6.437499999999955,3,True,0.14555196383463642,0.028054432395353605,1.3415449835097892,1.3407618543160322
6.441666666666621,3,True,0.06095381904229341,0.011353030852120133,1.3421085659127718,1.3519938211432685
6.445833333333288,3,True,0.25999499358023803,0.04722783894883175,1.342670143802852,1.3325119753705592
6.449999999999954,3,True,0.045751161619134686,0.08684067088910508,1.3432297243095506,1.3463600065686452
6.45416666666662,3,True,0.039516983128700875,0.006288975495592416,1.3440653655091992,1.3461772571408168
6.458333333333287,3,True,0.1374935828615697,0.03003806943864794,1.3446199835829034,1.3559421459783336
6.462499999999953,3,True,0.06575574837338775,0.04317159329178787,1.3451726290274428,1.3319758819010112
6.46666666666662,3,True,0.14174844128993017,0.015898096773539736,1.3457233088589362,1.335693734719176
6.470833333333286,3,True,0.05110570867646663,0.04520811142035149,1.3462720300685471,1.3666522547902549
6.474999999999953,3,True,0.20710028394714647,0.0231387648542674,1.346818799622573,1.3358526255049652
6.479166666666619,3,True,0.13429642666336983,0.06129669782818828,1.3473636244625344,1.3474787822733063
6.483333333333285,3,True,0.05524809235930859,0.03442394488779621,1.3479065115052635,1.3456215725516731
6.487499999999952,3,True,0.10585115349276789,0.030659859118482586,1.3484474676429896,1.343479685837183
6.491666666666618,3,True,0.06687968326461645,0.05757368589615714,1.348986499743429,1.3702496549867558
6.495833333333285,3,True,0.08540455187842552,0.023442972850623543,1.3495236146498706,1.3417339768552805
6.499999999999951,3,True,0.04240044232421576,0.050734632092526905,1.3500588191812648,1.3715175637737334
6.504166666666618,3,True,0.11031413284930719,0.07286058721701523,1.3508580588819306,1.3426471639049495
6.508333333333284,3,True,0.14247806254447737,0.023520824043955352,1.351388517149662,1.3674882507249386
6.51249999999995,3,True,0.06788181548674452,0.007369237421495421,1.3519170887182417,1.3558399645641608
6.516666666666617,3,True,0.15290611140946614,0.04561571104026968,1.352443780298157,1.34177943163514
6.520833333333283,3,True,7.833238605675255,3.169038818686126,1.3529685985760294,0.5614800451428972
6.52499999999995,3,True,0.11231140533979808,0.0385167663010021,1.3534915502146951,1.3722395268079657
6.529166666666616,3,True,0.07605283113148326,0.011655194616015161,1.354012641853294,1.3497640748082513
6.533333333333283,3,True,2.10829005297755,0.5108699521425208,1.3545318801073538,1.3410853514629293
6.537499999999949,3,True,0.06352938918317158,0.06436075522292667,1.3550492715688698,1.3751808431843078
6.5416666666666154,3,True,0.031396141986713075,0.0669242785622043,1.3555648228063928,1.3788619204023973
6.545833333333282,3,True,0.2493013944910569,0.033924952969773145,1.356078540365111,1.3610757402025955
6.549999999999948,3,True,0.08255395859393545,0.10040861952073057,1.356590430766932,1.330544720429945
6.554166666666615,3,True,0.06989190883679992,0.03303634214976356,1.3573548546600893,1.3823365904823168
6.558333333333281,4,True,0.12906438792144023,0.04838072870644156,1.3578622055509928,1.372344296705264
6.562499999999948,4,True,0.0778478959785798,0.01695611856509392,1.3583677519295456,1.3559750970475524
6.566666666666614,4,True,0.026373468481336152,0.028438355055481264,1.3588715002139196,1.3483392703420713
6.5708333333332805,4,True,0.1840718240007884,0.06265528418041974,1.359373456799457,1.3661136719584364
6.574999999999947,4,True,0.15831234948519324,0.02152873144345553,1.3598736280587558,1.35199121320216
6.579166666666613,4,True,0.1298224393089851,0.046349746274476106,1.3603720203417464,1.365107413424241
6.58333333333328,4,True,0.25449080760747683,0.04264059023212846,1.360868639975775,1.3536799892436786
6.587499999999946,4,True,0.1160525280000397,0.0282350671985071,1.361363493265683,1.3638020824616628
6.591666666666613,4,True,0.09439863650438159,0.03564305851217478,1.3618565864938876,1.376122285939988
6.595833333333279,4,True,0.03823118276823725,0.08398305961655518,1.3623479259204603,1.352334800899215
6.5999999999999455,4,True,0.07403215339825828,0.024773193503061834,1.3628375177832084,1.3616778414392972
6.604166666666612,4,True,0.16072061434424717,0.023909187109914312,1.363568642485781,1.3448659986861007
6.608333333333278,4,True,0.11960250684961529,0.03357350974151354,1.3640538925839671,1.3548480277672796
6.612499999999945,4,True,0.06796064000335458,0.03122805513373397,1.364537416776452,1.3839976746888754
6.616666666666611,4,True,0.12047641484937462,0.01804931138861725,1.3650192212018235,1.356684739852617
6.620833333333278,4,True,0.1030838230282975,0.06862318422530511,1.3654993119768364,1.356390225436411
6.624999999999944,4,True,0.06588929084148934,0.01666271738494802,1.3659776951964904,1.3506492599840965
6.6291666666666105,4,True,0.08047627575954049,0.03912427812841563,1.366454376934105,1.3477489251178214
6.633333333333277,4,True,0.1310973570133686,0.04538073316191878,1.3669293632414012,1.3846044088242762
6.637499999999943,4,True,0.12458728618647104,0.007009173605989128,1.3674026601485738,1.3669392303606451
6.64166666666661,4,True,0.06622963088914637,0.054392513549320044,1.3678742736643694,1.3749784317471125
6.645833333333276,4,True,0.11971864534206605,0.02274900159003883,1.3683442097761656,1.3717705204217014
6.649999999999943,4,True,0.09789934838074618,0.05258968835948651,1.3688124744500425,1.3888829615445195
6.654166666666609,4,True,0.17741914397823363,0.035087807231179304,1.369511750513356,1.3544646828095148
6.6583333333332755,4,True,0.12080209875980884,0.015475507152791243,1.3699758625549694,1.383363273656177
6.662499999999942,4,True,0.08891266634402913,0.06206593815557624,1.3704383238733304,1.3539078130152384
6.666666666666608,4,True,0.10257642432114497,0.043911201749151633,1.370899140339626,1.3791669972085738
6.670833333333275,4,True,0.0544660419716166,0.026518196207607682,1.3713583178041586,1.3863249250423524
6.674999999999941,4,True,0.07914724545678345,0.04408941553425628,1.371815862096422,1.3528071495871103
6.679166666666608,4,True,0.10731590363746338,0.04181319242522843,1.3722717790251762,1.3709068946776506
6.683333333333274,4,True,0.09835265695375309,0.05325383457748245,1.372726074378521,1.3637654607968255
6.6874999999999405,4,True,0.06001519971492807,0.01535945672185036,1.3731787539239688,1.3664488984918937
6.691666666666607,4,True,0.11740388353219193,0.051915759776506254,1.3736298234085194,1.4023656181203528
6.695833333333273,4,True,0.030987507434040194,0.06221099775901793,1.374079288558732,1.3940295621710186
6.69999999999994,4,True,0.05232737517740836,0.03435356671490599,1.3745271550807976,1.355976752320043
6.704166666666606,4,True,0.1146372916117689,0.013227142221556689,1.375195969868485,1.3766904114543954
6.708333333333273,4,True,0.23500629442880047,0.015603834661975647,1.3756398646517576,1.3691230042574374
6.712499999999939,4,True,0.10399984523470526,0.037188015816469515,1.3760821806191983,1.384357898939291
6.7166666666666055,4,True,0.09122020516468901,0.07251405408066164,1.3765229233862362,1.376993062485676
6.720833333333272,4,True,0.09366735602459314,0.019751778892105956,1.3769620985483275,1.3791433890224616
6.724999999999938,4,True,0.06928691965808266,0.06371286850220326,1.3773997116810255,1.3704401646316213
6.729166666666605,4,True,0.11743950646136353,0.027654477586776912,1.377835768340055,1.3930562467403975
6.733333333333271,4,True,0.03368153119349748,0.02406285033722745,1.3782702740613781,1.3794091477692507
6.737499999999938,4,True,0.05830138856728333,0.015015218554952681,1.3787032343612693,1.3749435885962606
6.741666666666604,4,True,0.09763497530589182,0.043287578326278796,1.3791346547363816,1.3807743033068005
6.7458333333332705,4,True,0.057170922400224825,0.035537074867349666,1.3795645406638184,1.3710409196047297
6.749999999999937,4,True,0.21330386099750653,0.007118060557338129,1.379992897601203,1.3797510046579602
6.754166666666603,4,True,0.08468287816320434,0.011499822674179096,1.3806325780417277,1.3737604891407174
6.75833333333327,4,True,0.203032274193592,0.026980552769456816,1.3810571362538635,1.3778368376897827
6.762499999999936,4,True,0.322932001545226,0.03898654949207473,1.3814801844252145,1.372191395488158
6.766666666666603,4,True,0.0966610579820347,0.017525640640879702,1.3819017279265957,1.3764715847633362
6.770833333333269,4,True,0.05321740684232433,0.05172301160514467,1.3823217721097179,1.4054789465471438
6.7749999999999355,4,True,0.05976988947665208,0.05368500326409064,1.3827403223072576,1.4013839464180007
6.779166666666602,4,True,0.13404119496710112,0.06750566813159166,1.3831573838329245,1.3771361596006821
6.783333333333268,4,True,0.08265998350290611,0.019949019487093628,1.3835729619815291,1.3984669150527298
6.787499999999935,4,True,0.11529821674387992,0.04572619895379007,1.3839870620290502,1.3768299345152801
6.791666666666601,4,True,0.08983407531986914,0.02838107761435071,1.384399689232703,1.390811770397041
6.795833333333268,4,True,0.20281656265653114,0.011201056536693677,1.3848108488309965,1.3924222346684845
6.799999999999934,4,True,0.08489998151519006,0.08187325864934489,1.3852205460438163,1.398467752719182
6.8041666666666005,4,True,0.1510608646897542,0.028650951411457428,1.3858323612631012,1.3967031095653786
6.808333333333267,4,True,0.13314002706814881,0.02395357011167752,1.3862384252275457,1.3873176615954748
6.812499999999933,4,True,0.10799569238348197,0.05590223700088884,1.3866430449303326,1.423654886490038
6.8166666666666,4,True,0.11427322298162834,0.07356826451471495,1.387046225508316,1.3878201505844425
6.820833333333266,4,True,0.14909826070588683,0.02995549274751573,1.3874479720800816,1.3922273769438671
6.824999999999933,4,True,0.16338414839712825,0.062191800860482566,1.3878482897460078,1.3954752182775356
6.829166666666599,4,True,0.2182805476561991,0.07284340416313594,1.3882471835883332,1.3957622090034727
6.8333333333332655,4,True,0.05966501092708543,0.06024297491178253,1.3886446586712202,1.4029969401355131
6.837499999999932,4,True,0.10880067997701114,0.049873679074261726,1.3890407200408197,1.3929763096921162
6.841666666666598,4,True,0.09613971647056464,0.04566240945250702,1.3894353727253335,1.385007233292879
6.845833333333265,4,True,0.04450259779411687,0.014912763769108767,1.3898286217350813,1.3907691946885459
6.849999999999931,4,True,0.07188086852041807,0.02238698673715291,1.3902204720625606,1.3856212576195999
6.854166666666598,4,True,0.161198688229136,0.037512925030885116,1.3908056359019334,1.3936854156783982
6.858333333333264,4,True,0.1819640934703803,0.07237496256389565,1.391194011249547,1.3375595692120315
6.8624999999999305,4,True,0.14560630748230113,0.05932062105446393,1.3915810052492137,1.3760715107087924
6.866666666666597,4,True,0.09082550822043367,0.03469575336266589,1.391966622814022,1.3910607804224664
6.870833333333263,4,True,0.10502340094957067,0.07221375786946183,1.392350868839584,1.4220218174484882
6.87499999999993,4,True,0.09260825210962824,0.04314809803467183,1.3927337482041013,1.4070967640082348
6.879166666666596,4,True,0.1629537089675466,0.02014706318725595,1.393115265768424,1.403411395294957
6.883333333333263,4,True,0.07289885600573563,0.04884764039549354,1.3934954263761128,1.4161701077358828
6.887499999999929,4,True,0.13173070432181633,0.022091887192295573,1.3938742348535034,1.3907261383969565
6.8916666666665956,4,True,0.10726339565318227,0.028823123171741606,1.3942516960097633,1.3912754803658063
6.895833333333262,4,True,0.1079922292661101,0.036219391873414664,1.394627814636956,1.3872022092506593
6.899999999999928,4,True,0.11184081791520643,0.03755101851805209,1.3950025955101006,1.4057325126099103
6.904166666666595,4,True,0.1134441047650112,0.05344152192964938,1.3955622689345524,1.3775529220463456
6.908333333333261,4,True,0.1817777645516893,0.015009828297053985,1.395933726201981,1.390308985666823
6.912499999999928,4,True,0.04613844048001756,0.026759703119406977,1.3963038622945807,1.3898412425737539
6.916666666666594,4,True,0.06764418508461321,0.017476342562198547,1.3966726819114188,1.3906862590310194
6.920833333333261,4,True,0.11916112745406698,0.04270987574733059,1.39704018973485,1.4019367841260997
6.924999999999927,4,True,0.1254121595232971,0.04154255530490227,1.3974063904305745,1.3979862498003333
6.929166666666593,4,True,0.16798351519079455,0.0179920064428044,1.3977712886476994,1.3962867486932413
6.93333333333326,4,True,0.16529213824291442,0.045081838712515275,1.3981348890187948,1.4019844098885983
6.937499999999926,4,True,0.04785968097648582,0.01960662760716913,1.3984971961599535,1.4149790290545183
6.941666666666593,4,True,0.15531391944681555,0.04352758536374378,1.3988582146708515,1.4077706556248142
6.945833333333259,4,True,0.05349663381597599,0.0276429612335678,1.3992179491348045,1.3767508341768029
6.949999999999926,4,True,0.12512239186964152,0.014582142167127382,1.3995764041188257,1.3853750601458437
6.954166666666592,4,True,0.10536719093058321,0.04885210085873688,1.400111697520369,1.4103824103555382
6.958333333333258,4,True,0.16664177458881485,0.032814346678109244,1.4004669736787907,1.4058490331317048
6.962499999999925,4,True,0.10144420283074772,0.016518141862720864,1.40082098621429,1.3990771277397434
6.966666666666591,4,True,0.07444430064164405,0.06649904662745101,1.4011737396212371,1.387861087679307
6.970833333333258,4,True,0.06707726206560567,0.030260059014395695,1.4015252383780186,1.3832382401277614
6.974999999999924,4,True,0.1141847495640459,0.020818819972551566,1.4018754869470906,1.3850614836704507
6.979166666666591,4,True,0.07243522068305285,0.06743397328085375,1.4022244897750404,1.3903708910578099
6.983333333333257,4,True,0.09332986555451081,0.05674682765094543,1.4025722512926369,1.3917136475568122
6.987499999999923,4,True,0.09384798154413102,0.013388177411818188,1.4029187759148887,1.3980067639916602
6.99166666666659,4,True,0.14691911272712765,0.04998445926381997,1.4032640680411101,1.4156232966283535
6.995833333333256,4,True,0.06473804743149691,0.02587301661590556,1.403608132054959,1.4012630648525186
6.999999999999923,4,True,0.12994597968899174,0.018773690211361525,1.4039509723245047,1.4122953282522783
7.004166666666589,4,True,0.029131786453466393,0.035698093411458465,1.4044629477251882,1.4171183107058074
7.008333333333256,4,True,0.1526533904850704,0.06477450776848122,1.4048027476424616,1.400544896076406
7.012499999999922,4,True,0.10525912227265072,0.03563664591076817,1.4051413389816905,1.3971677601580084
7.0166666666665884,4,True,0.42639840748330615,0.032673713155066675,1.4054787260414663,1.4366921751524837
7.020833333333255,4,True,0.07989110301487867,0.017303289191782,1.4058149131050917,1.420372166230789
7.024999999999921,4,True,0.09358665527918102,0.041698544567491495,1.4061499044406334,1.4260522753673153
7.029166666666588,4,True,1.0140606542780952,0.2659546609026021,1.4064837043009786,1.150475981621819
7.033333333333254,4,True,0.08961864240879751,0.07571057648195853,1.4068163169238888,1.4186824665479767
7.037499999999921,4,True,0.1384776838747924,0.04861991421688157,1.4071477465320514,1.4117496453814267
7.041666666666587,4,True,0.1276077572620271,0.0367733139799295,1.4074779973331366,1.4166947739900486
7.0458333333332535,4,True,0.06829324103970325,0.058610409538525164,1.4078070735198467,1.3986268543127822
7.04999999999992,4,True,0.10908454402000058,0.04219805607850334,1.4081349792699736,1.4338488123851132
7.054166666666586,4,True,0.15953273961697498,0.0372237314433791,1.4086246524289352,1.4205617339302126
7.058333333333253,4,True,0.08928216558688856,0.027533397784241905,1.4089496502680579,1.4076587264458498
7.062499999999919,4,True,0.1304231650339083,0.05697445263429393,1.4092734921761965,1.4235885998362694
7.066666666666586,4,True,0.06138324768387679,0.05068862778686487,1.4095961822646905,1.3942216891373305
7.070833333333252,4,True,0.11672904987379618,0.03855487562712418,1.4099177246302563,1.4200484919201672
7.0749999999999185,4,True,0.0946514944814758,0.018775741028629826,1.4102381233550396,1.4277435999773767
7.079166666666585,4,True,0.10847126239569385,0.07586905191271942,1.4105573825066668,1.404201731378118
7.083333333333251,4,True,0.1873319078167621,0.04474871472826367,1.4108755061382943,1.3903510266934158
7.087499999999918,4,True,0.1441576215573703,0.07762110984100391,1.411192498288671,1.3887253671152482
7.091666666666584,4,True,0.2396133335358405,0.029936323932875847,1.4115083629821719,1.409364223032762
7.095833333333251,4,True,0.10226200073249853,0.02039363244813908,1.4118231042288614,1.4260379627671362
7.099999999999917,4,True,0.10259549369257642,0.04729415529277169,1.412136726024542,1.4010841678027248
7.1041666666665835,4,True,0.06632998197738048,0.01821477724393177,1.4126050684532743,1.4072671880907022
7.10833333333325,4,True,0.17198824690074385,0.03709400417690266,1.4129159090099228,1.3982235633144702
7.112499999999916,4,True,0.10203718265044419,0.03255783008275139,1.4132256439892812,1.410027458538162
7.116666666666583,4,True,0.021867174540621658,0.060092026234207174,1.4135342773235926,1.4033067224355276
7.120833333333249,4,True,0.0724660383932974,0.04697883947235152,1.413841812931117,1.3974528272431472
7.124999999999916,4,True,0.11437979170999639,0.02176602874683592,1.4141482547161734,1.4249956913258928
7.129166666666582,4,True,0.07365048206313735,0.09321231254563812,1.4144536065692044,1.4189485353031732
7.1333333333332485,4,True,0.16848365184899816,0.009018072801533196,1.4147578723668053,1.4124084124426135
7.137499999999915,4,True,0.08131139262635084,0.021345282776259612,1.4150610559717867,1.4169797941054159
7.141666666666581,4,True,0.06871312815328469,0.011507645286842956,1.41536316123322,1.4267088294861072
7.145833333333248,4,True,0.10116425912442913,0.03772127169576174,1.4156641919864874,1.4141341458301588
7.149999999999914,4,True,0.0925320864719488,0.04473974726750545,1.4159641520533286,1.4230794317128428
7.154166666666581,4,True,0.11154732739806038,0.06016788775946646,1.416412092943159,1.385126949739463
7.158333333333247,4,True,0.07483760132140717,0.04726963893145551,1.4167093929249635,1.4190377264898377
7.1624999999999135,4,True,0.038611464009268986,0.0265996429504036,1.417005635489705,1.4219592196472735
7.16666666666658,4,True,0.038369955568940184,0.05346356185383184,1.417300824398335,1.4431077199075497
7.170833333333246,4,True,0.01851997975704971,0.02453237026857027,1.4175949633984288,1.399109026198448
7.174999999999913,4,True,0.07763040032976892,0.032506772556632646,1.4178880562242289,1.421565586053927
7.179166666666579,4,True,0.05872520392805616,0.020667820509095644,1.4181801065967055,1.409404327513644
7.183333333333246,4,True,0.046959156708136635,0.05233939372988719,1.4184711182235847,1.4267367611816413
7.187499999999912,4,True,0.05983655931015827,0.01517186654015193,1.4187610947994096,1.4139038840956373
7.1916666666665785,4,True,0.09912540364899124,0.049287607543552714,1.4190500400055808,1.4347660715515729
7.195833333333245,4,True,0.12323204218720485,0.01720311756198586,1.4193379575104066,1.4085448080475789
7.199999999999911,4,True,0.18892272544262587,0.0604424547015593,1.4196248509691476,1.4120407491984632
7.204166666666578,4,True,0.0794809247746052,0.005249554440246737,1.4200532790347504,1.4222037406877195
7.208333333333244,4,True,0.13345704769446404,0.03393388391576565,1.4203376282848381,1.4162051805545752
7.212499999999911,4,True,0.15917202113424916,0.03285394153285667,1.420620966180179,1.432594120226832
7.216666666666577,4,True,0.08052994286701044,0.026455391651120916,1.4209032963178896,1.4248740718918451
7.2208333333332435,4,True,0.24818529425121108,0.04173142495078206,1.4211846222822964,1.4336433773300525
7.22499999999991,4,True,0.19005653131398914,0.04994469011527053,1.4214649476449763,1.3877601189571718
7.229166666666576,4,True,0.07079880218148961,0.029270939927628477,1.421744275964805,1.4137469406197845
7.233333333333243,4,True,0.1288953117511115,0.02869568892174441,1.422022610787998,1.4489764573841617
7.237499999999909,4,True,0.14150476167412138,0.0306316567519156,1.42229995564816,1.4146345665863465
7.241666666666576,4,True,0.12387763690388429,0.049278196417326274,1.4225763140663252,1.4090047837435924
7.245833333333242,4,True,0.058282635497604096,0.03188941722600162,1.4233946077916608,1.4267864766100196
7.2499999999999085,4,True,0.11982773905396721,0.031445691314378056,1.4243067429088947,1.4052747692687875
7.254166666666575,4,True,0.059628274996129584,0.03936389549198341,1.4254066438289628,1.4265177654290278
7.258333333333241,4,True,0.09749975415342729,0.02325963714405698,1.4260072662088383,1.4345252965466306
7.262499999999908,4,True,0.05292716257668573,0.01286161800585049,1.4265294033747753,1.4391134395429905
7.266666666666574,4,True,0.09313071112398173,0.03410942520183374,1.426990715391163,1.4267432381539127
7.270833333333241,4,True,0.09788663682430462,0.027621255618992542,1.427404842818591,1.4414051546657856
7.274999999999907,4,True,0.16051678841352568,0.026386897764391914,1.4278521863794182,1.4350334709988468
7.2791666666665735,4,True,0.09659318171493887,0.011324272258757267,1.4282908102881657,1.4180925903133708
7.28333333333324,4,True,0.1091585020207484,0.03816536197904823,1.4287179562796442,1.4586204169299415
7.287499999999906,4,True,0.09410009215497223,0.04734965835421998,1.4291043896347888,1.4480458608651987
7.291666666666573,4,True,0.048043093746183846,0.05598793674510074,1.4294591778577832,1.4301179487960942
7.295833333333239,4,True,0.04503986992291398,0.027431304033938602,1.4297893250289706,1.4281870017224212
7.299999999999906,4,True,0.15721413636773934,0.040438867536171735,1.4301520623482982,1.44639665910746
7.304166666666572,4,True,0.09855399842358671,0.030140204177834425,1.4306473992360886,1.4177449844542462
7.3083333333332385,4,True,0.07190860485249471,0.01996003240962355,1.430953285957034,1.4322938100839477
7.312499999999905,4,True,0.13563265434829536,0.004284343345396032,1.431244589891602,1.4316105785430397
7.316666666666571,4,True,0.07556668875504914,0.0275103926918317,1.4315650971545038,1.438828125269474
7.320833333333238,4,True,0.060378036441947724,0.024063689976487116,1.4318671581171216,1.4481487015995071
7.324999999999904,4,True,0.1362952697806684,0.035493577872171306,1.432154778561575,1.4232847956311296
7.329166666666571,4,True,0.08272365802010893,0.059658882328637655,1.4324310531035613,1.4611937849081118
7.333333333333237,4,True,0.08795126611856335,0.037063724447939546,1.4326983726025708,1.4413789388772285
7.3374999999999035,4,True,0.05624748400012928,0.05182338702901365,1.4329585843562391,1.4115570555883736
7.34166666666657,4,True,0.14593207183446869,0.04045018320611076,1.4332420797073757,1.3963659067259735
7.345833333333236,4,True,0.11422101555415062,0.024933255027904163,1.4335143007398978,1.4457187474143764
7.349999999999903,4,True,0.07097018018367524,0.03839446688424254,1.4337776249423824,1.4068351193659059
7.354166666666569,4,True,0.0736426929680344,0.024922599784160906,1.4341598311630015,1.4234713254394036
7.358333333333236,4,True,0.14184417929273044,0.04736456270040211,1.434408063439708,1.3980697674303837
7.362499999999902,4,True,0.13485617446057652,0.0057722102547959125,1.4346522036416576,1.4382335425865198
7.3666666666665686,4,True,0.09350352112209154,0.05051136500762389,1.434892997362914,1.456238183290911
7.370833333333235,4,True,0.11885465940248092,0.023046856998266366,1.435131021128533,1.4203240967215038
7.374999999999901,4,True,0.13688952885759806,0.03158321856721178,1.4353667208744407,1.4388782528311717
7.379166666666568,4,True,0.12824548781426706,0.0460409733085402,1.4356081435902635,1.4225654404022352
7.383333333333234,4,True,0.07449343833057268,0.05550716276899964,1.4358528301699414,1.454722457754499
7.387499999999901,4,True,0.04651403324303041,0.046557913435794344,1.4360930739536468,1.4334761547199317
7.391666666666567,4,True,0.0587932901868026,0.03941636865086904,1.4363297042170926,1.453542104653389
7.395833333333234,4,True,0.0791820198494879,0.04465332616392698,1.4365633621396898,1.444596974677496
7.3999999999999,4,True,0.14709504646658605,0.024122745465098534,1.4367945436114544,1.4223727872546637
7.404166666666566,4,True,0.10881559922658746,0.07302350174903552,1.4371374874627634,1.4099660588306018
7.408333333333233,4,True,0.18593124226161806,0.023650206271519248,1.4373639722334073,1.4590424054683087
7.412499999999899,4,True,0.18175553297143807,0.03222504419817281,1.437588986012762,1.4182218135242024
7.416666666666566,4,True,0.08122064487006272,0.0352449181185777,1.4378126858246671,1.4554292082277291
7.420833333333232,4,True,0.041225686258500954,0.009807337381252924,1.43803519357494,1.445577022715467
7.424999999999899,4,True,0.12074638452233617,0.040141227918688495,1.4382566040409885,1.456279201622362
7.429166666666565,4,True,0.15795137020906896,0.0378936439655566,1.438476991043261,1.4468712330791957
7.433333333333231,4,True,0.055368009982812966,0.01950951621064991,1.438696412212359,1.452651079083
7.437499999999898,4,True,0.12158582782364911,0.022416658389757732,1.4389149126713914,1.4598421060368882
7.441666666666564,4,True,0.0993374387535277,0.034966585071560856,1.4391325278804323,1.4508566878017712
7.445833333333231,4,True,0.07538527994830482,0.013015782688318225,1.4393492858337549,1.4496467203977537
7.449999999999897,4,True,0.10245343328619544,0.04135905738221836,1.4395652087571165,1.415779865837917
7.454166666666564,4,True,0.17684474808877562,0.07809034370918581,1.4398875653646295,1.4243975684466639
7.45833333333323,4,True,0.088353411584206,0.05121945683034212,1.4401014711335718,1.4517797300825215
7.462499999999896,4,True,0.06731889531821164,0.015461867240120747,1.4403145906530532,1.4430157256007343
7.466666666666563,4,True,0.07097115464114427,0.022256882540962787,1.4405269326799377,1.432219165517142
7.470833333333229,4,True,0.09361115630564051,0.06469453883593042,1.440738504571898,1.4659154830161476
7.474999999999896,4,True,0.03897101546478846,0.028678476407912722,1.4409493126043411,1.4448567497062932
7.479166666666562,4,True,0.13306511185040618,0.023931702626903036,1.4411593622152157,1.4384299975282535
7.483333333333229,4,True,0.0704624754004602,0.0297227530487362,1.4413686581940974,1.4432451659448455
7.487499999999895,4,True,0.07030504033402393,0.032277079729616444,1.4415772048282398,1.440347459038095
7.4916666666665614,4,True,0.21948958839061986,0.04077401902012003,1.4417850060153707,1.4369095953021667
7.495833333333228,4,True,0.17281273538671144,0.03495100512712207,1.4419920653508043,1.441392265201491
7.499999999999894,4,True,0.1130828832255719,0.022264637679376552,1.4421983861947145,1.4370592963482451
7.504166666666561,4,True,0.12403098524080243,0.05934383245272691,1.4425064896985773,1.4498762993822532
7.508333333333227,4,True,0.03644231891425133,0.023661443256952165,1.4427109779085912,1.45975008868332
7.512499999999894,4,True,0.23055811542140692,0.04752674443652358,1.4429147381861827,1.4117109901720422
7.51666666666656,4,True,0.04308723159399439,0.07951190735055103,1.443117773327927,1.4697376354458849
7.5208333333332265,4,True,0.10045766657340112,0.020375567516391135,1.4433200860681559,1.4380400698111186
7.524999999999893,4,True,0.09865563436170333,0.011695271262343283,1.4435216790914525,1.4406477570418124
7.529166666666559,4,True,0.11389985925136802,0.013139437066884493,1.4437225550422812,1.4427711160347294
7.533333333333226,4,True,0.07977869465948192,0.022647721060555303,1.4439227165324102,1.4512315276201149
7.537499999999892,4,True,0.10747776928073685,0.04148362401513073,1.4441221661466288,1.4352590511694059
7.541666666666559,4,True,0.030804042957911525,0.04016098359589023,1.4443209064471483,1.4395406187449444
7.545833333333225,4,True,0.13893129438150173,0.022693642427466347,1.4445189399769922,1.4543336582252153
7.5499999999998915,4,True,0.0911607095763821,0.037178958884308,1.4447162692625979,1.4330698514391116
7.554166666666558,4,True,0.12293104382166242,0.019040514417272784,1.4450109482241373,1.4382221140467455
7.558333333333224,4,True,0.09665229642572036,0.03800064200007592,1.4452065278602924,1.4296546331111772
7.562499999999891,4,True,0.14284833446676917,0.031530837698021875,1.4454014119891054,1.4518029675530488
7.566666666666557,4,True,0.21157086338988554,0.02601242612946754,1.4455956030813237,1.455517132526118
7.570833333333224,4,True,0.05973452175407625,0.03601415386279868,1.4457891035976966,1.462797711164537
7.57499999999989,4,True,0.233565891238747,0.04402580546184603,1.4459819159894238,1.4549228311826965
7.5791666666665565,4,True,0.09913891320216153,0.02827979456835722,1.4461740426985235,1.4539381472685395
7.583333333333223,4,True,0.020566142139867204,0.051928864676370645,1.4463654861580895,1.4646417578128168
7.587499999999889,4,True,0.07786211435893403,0.030200542649902306,1.4465562487924923,1.4416756310236012
7.591666666666556,4,True,0.19132063407763333,0.06550315358497638,1.4467463330175376,1.4548600063978807
7.595833333333222,4,True,0.06958349568123268,0.04914449251395521,1.4469357412405823,1.4555866841248901
7.599999999999889,4,True,0.10993933830164104,0.05479219279614949,1.4471244758606219,1.4370971692696606
7.604166666666555,4,True,0.06558372208156268,0.007001142764315914,1.4474063200124576,1.443955242637352
7.6083333333332215,4,True,0.05954656880722061,0.05152388448332843,1.4475933810663055,1.455512967790424
7.612499999999888,4,True,0.11492957115464109,0.0298519265263597,1.447779776848658,1.4477606620906918
7.616666666666554,4,True,0.13309082526492494,0.056350510443701804,1.4479655097215456,1.4623089229160593
7.620833333333221,4,True,0.08714874588158085,0.039851517025706336,1.4481505820388716,1.456613173210864
7.624999999999887,4,True,0.16589090426659925,0.029151900481729488,1.4483349961464345,1.447770947810832
7.629166666666554,4,True,0.047338602579890365,0.059272703450816686,1.4485187543819427,1.448997577697051
7.63333333333322,4,True,0.20508224671151165,0.04718961042190776,1.448701859075033,1.430462648845213
7.6374999999998865,4,True,0.14508829087643407,0.027559125103005802,1.4488843125472872,1.451891033851994
7.641666666666553,4,True,0.11539310237806404,0.040831989262580755,1.4490661171122445,1.440087411115289
7.645833333333219,4,True,0.1264484638048526,0.017096461166256727,1.4492472750754186,1.4496086705461382
7.649999999999886,4,True,0.05204140154308071,0.012446456760968378,1.449427788734312,1.450841147985924
7.654166666666552,4,True,0.14462984727841202,0.04839382055896567,1.4496973561582416,1.4501150626161745
7.658333333333219,4,True,0.12929802911924573,0.033016125525347405,1.4498762690555786,1.468142749524502
7.662499999999885,4,True,0.07596265241553465,0.03955572880273442,1.4500545456270424,1.445397395301776
7.6666666666665515,4,True,0.07748524772315425,0.021861775032254938,1.4502321881342808,1.4457068700412565
7.670833333333218,4,True,0.06761578396948976,0.030314282376173226,1.4504091988310335,1.432608588989609
7.674999999999884,4,True,0.18056189511217136,0.01284704262700961,1.4505855799631355,1.4497424414836
7.679166666666551,4,True,0.2183839861487437,0.027832004298460472,1.4507613337685425,1.4596839948435658
7.683333333333217,4,True,0.1173768139424812,0.06059520374358565,1.4509364624773489,1.4403019311051113
7.687499999999884,4,True,0.2119611388222681,0.029014509314608902,1.4511109683118077,1.446186532993302
7.69166666666655,4,True,0.12289757919747545,0.020517222658200364,1.451284853486353,1.4411815179127871
7.6958333333332165,4,True,0.12636590345274587,0.050841761574188765,1.45145812020762,1.4434882618672167
7.699999999999883,4,True,0.1710570106585375,0.02975731593124387,1.4516307706744667,1.452703061067776
7.704166666666549,4,True,0.11182631082517505,0.023205746288947983,1.4518885956886203,1.461641348076767
7.708333333333216,4,True,0.10353283772297195,0.042029341402296076,1.4520597150885808,1.4669224635033413
7.712499999999882,4,True,0.04314969378135155,0.04707226550766469,1.4522302258691995,1.436000455032032
7.716666666666549,4,True,0.09368666476453871,0.03919532253136581,1.452400130194614,1.4331887657952311
7.720833333333215,4,True,0.14491354206037615,0.025524951240880934,1.4525694302213137,1.4737302893310917
7.7249999999998815,4,True,0.03292395249452533,0.0295342242200534,1.4527381280981504,1.466593218140694
7.729166666666548,4,True,0.04919264074194235,0.03849325277105931,1.452906225966379,1.4600628829722488
7.733333333333214,4,True,0.16078991900506934,0.08146685743754603,1.4530737259596724,1.4684649411280564
7.737499999999881,4,True,0.22128791558315142,0.06674754364011344,1.4532406302041454,1.4077249295978185
7.741666666666547,4,True,0.16856780683423128,0.027067407915806512,1.4534069408183814,1.4447958078296033
7.745833333333214,4,True,0.26213508059028273,0.0311912433858688,1.4535726599134549,1.4399532087939564
7.74999999999988,4,True,0.15890308601514436,0.0464547572913986,1.4537377895929577,1.462269539131778
7.7541666666665465,4,True,0.19212713400406334,0.019286657345612836,1.4539843835412751,1.441042915600969
7.758333333333213,4,True,0.1342116727196009,0.06266358939785277,1.4541480488361775,1.4339322390487277
7.762499999999879,4,True,0.059151448519314094,0.03184088038200211,1.4543111320195035,1.4298738134652191
7.766666666666546,4,True,0.030755874716526032,0.0678235979458311,1.4544736351614749,1.452584233616693
7.770833333333212,4,True,0.21500348372582093,0.012356696987805237,1.4546355603249657,1.45715169673688
7.774999999999879,4,True,0.08050913173423553,0.08944884514811839,1.4547969095655273,1.4851219270363787
7.779166666666545,4,True,0.04436800877049011,0.011865667139857749,1.4549576849314132,1.4462140243097097
7.7833333333332115,4,True,0.0667161329182149,0.01778764933179917,1.455117888463604,1.447142528899517
7.787499999999878,3,True,0.13014620479637945,0.030926626916333973,1.4552775221958332,1.4440974565617837
7.791666666666544,3,True,0.17512621391350205,0.04354151712659156,1.4554365881546099,1.4644913675156377
7.795833333333211,3,True,0.06034793225023504,0.0875657448387352,1.455595088359246,1.4502402358779283
7.799999999999877,3,True,0.11624480279662067,0.047088448826550715,1.4557530248218828,1.4432275366675607
7.804166666666544,3,True,0.09995582165702861,0.07681511031852965,1.4559888768835447,1.4592187431684123
7.80833333333321,3,True,0.1579120642856133,0.03515000399539328,1.4561454127474247,1.4417265303893214
7.8124999999998765,4,True,0.1464849214534217,0.06531675771031589,1.4563013918556529,1.4580511015077604
7.816666666666543,4,True,0.07913450008274675,0.02018806765312038,1.4564568161883933,1.4708796200649912
7.820833333333209,4,True,0.09307824407872511,0.04330062039902471,1.4566116877187736,1.4735787099234696
7.824999999999876,4,True,0.08465471595268072,0.04590463077339604,1.4567660084129062,1.4649487525583418
7.829166666666542,4,True,0.13660776021499785,0.051801512919724124,1.4569197802299179,1.4679529752158091
7.833333333333209,4,True,0.08495376058732572,0.01862989979989067,1.4570730051219702,1.4610449677767754
7.837499999999875,4,True,0.07422022783801129,0.03554379533412056,1.4572256850342857,1.457719719397424
7.8416666666665416,4,True,0.06973935420377891,0.044975866277362817,1.4573778219051718,1.4564034593053572
7.845833333333208,4,True,0.1078023706749044,0.03204643339225889,1.4575294176660447,1.466758978412886
7.849999999999874,4,True,0.1644403381053302,0.046224782617739595,1.457680474241455,1.4679195503894507
7.854166666666541,4,True,0.059671274572472836,0.018332681353264824,1.4579060523249492,1.4493592180066248
7.858333333333207,4,True,0.21318678335190244,0.05231969162367258,1.4580557693117666,1.4476792406076928
7.862499999999874,4,True,0.05898192646724001,0.024752673390820167,1.4582049537953214,1.4816013495594347
7.86666666666654,4,True,0.08945361109309007,0.0498539947860862,1.4583536076695627,1.4608646385434718
7.870833333333207,4,True,0.07098466673412815,0.03223138467510488,1.4585017328217051,1.4568660988559674
7.874999999999873,4,True,0.1299150217846943,0.040231991808025426,1.4586493311322535,1.480488449322278
7.879166666666539,4,True,0.03906315120834731,0.04732746317858619,1.4587964044750248,1.4511418381884946
7.883333333333206,4,True,0.04454478798140191,0.020905451181902613,1.4589429547171735,1.456278761084142
7.887499999999872,4,True,0.05836135367450309,0.055213150083435136,1.4590889837192136,1.4444184181367226
7.891666666666539,4,True,0.0580226023201665,0.022168931073849242,1.4592344933350474,1.472111666708935
7.895833333333205,4,True,0.1223184057733827,0.07859469876932587,1.4593794854119735,1.4712168006166846
7.899999999999872,4,True,0.09469049829162798,0.050964399326903706,1.4595239617907323,1.4682849947457592
7.904166666666538,4,True,0.10203437339108275,0.0611263414148647,1.4597397134353132,1.450314092069575
7.908333333333204,4,True,0.046826407472015025,0.03093910518304422,1.4598829085789733,1.4740849644409273
7.912499999999871,4,True,0.028266587625071324,0.024195200812609608,1.4600255944156453,1.448611095193204
7.916666666666537,4,True,0.15780764737329214,0.03214596040343948,1.4601677727567908,1.4665017697923277
7.920833333333204,4,True,0.17493022374098835,0.007198831456518262,1.4603094454074292,1.4536572623417283
7.92499999999987,4,True,0.07631486796732984,0.052005964143005706,1.4604506141661602,1.4611396381556514
7.929166666666537,4,True,0.2616056080487464,0.019718358101026727,1.4605912808251864,1.4770982724713702
7.933333333333203,4,True,0.06494831942774092,0.07807812169540268,1.4607314471703388,1.4459722801618349
7.937499999999869,4,True,0.09129197451086805,0.057042180352224324,1.4608711149810947,1.4655904081575604
7.941666666666536,4,True,0.16398523128494807,0.06333162287730337,1.4610102860306067,1.4622469450194049
7.945833333333202,4,True,0.17701549542233466,0.05032843625647777,1.4611489620857123,1.471941854150031
7.949999999999869,4,True,0.11913313656894471,0.04885618520324292,1.4612871449069735,1.4518590380862135
7.954166666666535,4,True,0.14559436088546107,0.030465489439603012,1.4614934981612275,1.467709133587061
7.958333333333202,4,True,0.1379111640706575,0.03301727788762346,1.4616304555592898,1.452126657682169
7.962499999999868,4,True,0.0703752613019426,0.03923889765822314,1.461766925836302,1.4624630693349219
7.9666666666665344,4,True,0.1159594864315319,0.03170085992155046,1.4619029107248218,1.4550240839636552
7.970833333333201,4,True,0.02747923265889403,0.05531409252257895,1.4620384119512446,1.472141386297976
7.974999999999867,4,True,0.06893781512925862,0.0072020612236382234,1.4621734312358254,1.4668457574709977
7.979166666666534,4,True,0.03227210728618024,0.01328167802943255,1.4623079702927015,1.471401496094014
7.9833333333332,4,True,0.11753906401234984,0.0690187269257693,1.462442030829913,1.4512335585256706
7.987499999999867,4,True,0.01620377370088256,0.024740519891447973,1.4625756145494258,1.4748825419018372
7.991666666666533,4,True,0.14186542389637352,0.05024015301335676,1.4627087231471516,1.4512525719051292
7.9958333333331995,4,True,0.0697409815164863,0.07459065700579086,1.462841358312971,1.465006342459975
7.999999999999866,4,True,0.21372592702308327,0.02683299504649998,1.4629735217307542,1.4568557037986898
8.004166666666533,4,True,0.058594951987991764,0.03531567735609296,1.4631708859985924,1.4668408170271692
8.0083333333332,4,True,0.11335267168011291,0.02748568992554161,1.4633018773739654,1.4659673231620678
8.012499999999866,4,True,0.3051784049650042,0.05924625820896986,1.4634324028478245,1.4821549296518464
8.016666666666532,4,True,0.13867852085052654,0.023269870462996393,1.463562464077255,1.474149923942327
8.020833333333199,4,True,0.053871387128460145,0.016145902940758048,1.4636920627134515,1.4719399718979942
8.024999999999865,4,True,0.13014682338160952,0.014060407585568396,1.4638212004017341,1.4664725791079312
8.029166666666532,4,True,0.11543939924470992,0.05570528993644733,1.4639498787815715,1.4542233873609374
8.033333333333198,4,True,0.1374362392694604,0.0560307704416169,1.464078099486601,1.458258309628319
8.037499999999865,4,True,0.14578090180691142,0.039845065695990965,1.4642058641446491,1.4506765529627328
8.041666666666531,4,True,0.18026843113772337,0.02843319642140123,1.4643331743777541,1.461109309619637
8.045833333333198,4,True,0.07943051865776572,0.045949248577653284,1.4644600318021836,1.4557650428579556
8.049999999999864,4,True,0.01771101462507505,0.03301839961171905,1.4645864380284574,1.4585994798234836
8.05416666666653,4,True,0.0653963457961139,0.05822978431222687,1.4647752048802456,1.4574130655775748
8.058333333333197,4,True,0.13942241331378255,0.052448235329625094,1.464900490119613,1.453099477041265
8.062499999999863,4,True,0.07560528770269573,0.048113765607979773,1.4650253297526676,1.4625001346856021
8.06666666666653,4,True,0.07904487555137536,0.04053907956781577,1.4651497253643129,1.4814708505015801
8.070833333333196,4,True,0.0662615529778607,0.06258833730808465,1.4652736785338143,1.4725871199919707
8.074999999999863,4,True,0.09902208549144242,0.024508676167478264,1.4653971908348213,1.47703914387096
8.079166666666529,3,True,0.05067731406890729,0.04209478157150256,1.465520263835385,1.455012683105779
8.083333333333195,3,True,0.22139653325780867,0.025156573869375996,1.4656428990979806,1.47433181241313
8.087499999999862,3,True,0.17124016210421175,0.035218382605338446,1.4657650981795256,1.4695804537508559
8.091666666666528,3,True,4.496861609092289,1.7406154118306136,1.4658868626313994,2.0292275340431747
8.095833333333195,3,True,0.10616895928806555,0.01804725751042459,1.466008193999465,1.454717369070949
8.099999999999861,3,True,0.16888753207991467,0.030287793313763436,1.466129093824089,1.4531504277758587
8.104166666666528,3,True,0.10965819359356899,0.027481251868117215,1.4663096377731288,1.459223200726954
8.108333333333194,3,True,0.13045998846940934,0.015823199899234863,1.4664294654423242,1.4666912362989395
8.11249999999986,3,True,0.07529276928941918,0.027838304717429287,1.4665488669163314,1.4661576583057763
8.116666666666527,3,True,0.2719420861778328,0.10923315449087602,1.4666678437110139,1.496227494897021
8.120833333333193,3,True,0.2710015112907505,0.059969923168097045,1.466786397336843,1.4885724140685348
8.12499999999986,3,True,0.14440892046609946,0.032565539321698034,1.4669045292989173,1.4599268230721378
8.129166666666526,3,True,0.13832816684038143,0.03359995815136635,1.4670222410969833,1.469851583757475
8.133333333333193,3,True,0.05952407625991287,0.052464511979618995,1.4671395342254525,1.4563192841607824
8.137499999999859,3,True,0.1362586569839549,0.02064426141223688,1.4672564101734218,1.4582683851873823
8.141666666666525,3,True,0.03411967014832084,0.03495120271394589,1.4673728704246907,1.4559866482719377
8.145833333333192,3,True,0.12291817467921932,0.033159403215717496,1.467488916457782,1.4596599721239167
8.149999999999858,3,True,0.09059334323451569,0.03710898702232471,1.4676045497459596,1.441213219830416
8.154166666666525,3,True,0.18979155617334756,0.018455542349217414,1.467777228991388,1.4826381989801232
8.158333333333191,3,True,0.08282671924448773,0.05080384943812977,1.4678918368284704,1.4496457514468148
8.162499999999858,3,True,0.09855733049102715,0.03923102640153753,1.4680060370359205,1.4616006093409115
8.166666666666524,3,True,0.11269766769392564,0.0662505238212299,1.4681198310635684,1.4812506830039631
8.17083333333319,3,True,0.09853920062372713,0.029310866509913523,1.4682332203560877,1.4465559732499127
8.174999999999857,3,True,0.047025147181819764,0.05250040826736744,1.4683462063530128,1.4863395113288307
8.179166666666523,3,True,0.11062623446400131,0.05703599692774075,1.46845879048876,1.4388859550293442
8.18333333333319,2,False,nan,nan,1.4685709741926432,nan
8.187499999999856,3,True,0.24529135893877113,0.06850509331665677,1.468682758888891,1.4832299136131673
8.191666666666523,3,True,0.2077041544737284,0.0522342877672439,1.4687941459966685,1.4613099832910215
8.195833333333189,3,True,0.09994035069543693,0.02035069537151062,1.4689051369300918,1.470551539762095
8.199999999999855,3,True,0.029413503080554838,0.028643407915583,1.4690157330982476,1.4772390621565181
8.204166666666522,3,True,0.10010314101417293,0.03938097985921004,1.4691808902356545,1.479714052907548
8.208333333333188,3,True,0.1615768826808384,0.09232876319176486,1.4692905056225514,1.4597568936109746
8.212499999999855,3,True,0.061672416845596156,0.031267167649072294,1.4693997311366351,1.4838841963435592
8.216666666666521,3,True,0.1119711446556969,0.05527783558737984,1.4695085681645792,1.4609365021532263
8.220833333333188,3,True,0.09675529611239152,0.07354210697751801,1.4696170180881256,1.460763042625171
8.224999999999854,3,True,0.0895891226029151,0.0430472171376542,1.4697250822841017,1.465554665343141
8.22916666666652,3,True,0.10452199214467489,0.06771857759717902,1.4698327621244383,1.4566299899747959
8.233333333333187,3,True,0.080116728016129,0.04978642696877465,1.469940058976186,1.4842195165158263
8.237499999999853,3,True,0.402755948645306,0.08661390578875916,1.4700469742015332,1.4906105309376467
8.24166666666652,3,True,0.0592227825834475,0.06533917141129977,1.4701535091578248,1.4680476589559834
8.245833333333186,3,True,0.07140021667894568,0.020653701037690878,1.4702596651975754,1.4876819076613979
8.249999999999853,3,True,0.06373429249646935,0.05446146519836787,1.4703654436684916,1.48423501506429
8.254166666666519,3,True,0.041093381343800146,0.019628877959042605,1.470523406369614,1.4664199623771892
8.258333333333185,3,True,0.10596357907410837,0.0410728799133448,1.4706282467832394,1.4756358206441793
8.262499999999852,3,True,8.169486627026183,3.158909536267685,1.4707327143073623,1.1148492607760043
8.266666666666518,3,True,0.10537259900739337,0.04610505582754304,1.470836810268252,1.452225167900252
8.270833333333185,3,True,0.13700554605778564,0.048703222476761246,1.4709405359874597,1.4757702562685
8.274999999999851,3,True,0.10524401596103418,0.043649130826883945,1.4710438927818372,1.4672540808693857
8.279166666666518,3,True,0.19501625956911325,0.038057196189300195,1.4711468819635525,1.4881764160205588
8.283333333333184,3,True,0.07757785013614983,0.011744698091817026,1.471249504840105,1.4696462055077197
8.28749999999985,3,True,0.11438657016024567,0.07205241098715935,1.4713517627143458,1.486799228949004
8.291666666666517,3,True,0.10263367703138766,0.022301168838886314,1.471453656884491,1.4701616094869945
8.295833333333183,3,True,0.10023689266970953,0.03761158863117279,1.4715551886441394,1.4484919593771073
8.29999999999985,3,True,0.08019779396451597,0.018881943326615008,1.4716563592822887,1.4668590149677139
8.304166666666516,3,True,0.18452133116810668,0.04157491759955766,1.471807440945106,1.4820825776880862
8.308333333333183,3,True,0.10055659084418002,0.052844635982433136,1.4719077143888266,1.4780051748497853
8.312499999999849,3,True,0.11773208138334144,0.1044890851320596,1.4720076311865442,1.498959783324896
8.316666666666515,3,True,0.11126452078056782,0.04882968516533209,1.4721071926067535,1.4685096267707247
8.320833333333182,3,True,0.15885854508987043,0.03834277174856163,1.4722063999134376,1.462767642706585
8.324999999999848,3,True,0.08815564431063387,0.006787716559791223,1.4723052543660844,1.4677432928107725
8.329166666666515,3,True,0.0722809241937569,0.07362016930370985,1.4724037572197022,1.4942858809920228
8.333333333333181,3,True,0.08000641978256004,0.06479909763297848,1.4725019097248349,1.4781138741770292
8.337499999999848,3,True,0.06900731669965203,0.032133285046980146,1.472599713127579,1.4725933526642832
8.341666666666514,3,True,0.18670518322335283,0.06623833483134636,1.4726971686695995,1.4787169903303352
8.34583333333318,3,True,0.11004928069653698,0.04512605574410828,1.4727942775881442,1.4806366987882362
8.349999999999847,3,True,0.17553096723255637,0.06016354229378866,1.4728910411160616,1.4707887060317246
8.354166666666513,4,True,0.07424025102609427,0.04242794608654125,1.4730355414865761,1.5039004706031314
8.35833333333318,3,True,0.10840860943540674,0.0572313414093298,1.473131446902894,1.4620335067070611
8.362499999999846,3,True,0.13159269629632211,0.03359973274625276,1.4732270112091213,1.4612964326103204
8.366666666666513,3,True,0.08959987671045863,0.037496762495651745,1.473322235618496,1.467847383528652
8.370833333333179,3,True,0.03433841512716918,0.04190115204700044,1.4734171213399412,1.4855234899366074
8.374999999999845,3,True,0.17626907088101276,0.05276737996179863,1.47351166957808,1.4598546764789386
8.379166666666512,3,True,0.06109110044414637,0.06712371174230411,1.4736058815332511,1.4593909259903566
8.383333333333178,3,True,0.21123944975074518,0.007169016872471455,1.4736997584015232,1.4679154482594636
8.387499999999845,3,True,0.2070758288778649,0.05963637324007204,1.4737933013747142,1.479228409239078
8.391666666666511,3,True,0.051846900067646154,0.040325322247835645,1.473886511640395,1.4814889141373575
8.395833333333178,3,True,0.37442797202132705,0.0340244470647833,1.4739793903819203,1.475779337383669
8.399999999999844,3,True,0.1579650306912357,0.015102565732031172,1.4740719387784331,1.4759676326909996
8.40416666666651,3,True,0.1116128304773232,0.07492654637289356,1.4742101445453641,1.4592818981210314
8.408333333333177,3,True,0.15934817417346697,0.05336985005017619,1.4743018722106134,1.4502832412492892
8.412499999999843,3,True,0.017648148245727316,0.02988027589401967,1.4743932736249232,1.490172193067992
8.41666666666651,3,True,0.11860843123293817,0.05043486081616509,1.4744843499486815,1.477885561201276
8.420833333333176,3,True,0.16623648137424155,0.019511132979891398,1.474575102338149,1.4822873309275273
8.424999999999843,3,True,0.29232237574151,0.06946711473069252,1.474665531945474,1.4461192761433865
8.429166666666509,3,True,0.06338465383684865,0.03664851598896801,1.4747556399187067,1.4519324934064128
8.433333333333175,3,True,0.12000308409791448,0.046055554885060516,1.474845427401814,1.4728114857159762
8.437499999999842,3,True,0.15513984425310298,0.02202171229920842,1.4749348955346944,1.4598934302240647
8.441666666666508,3,True,0.11379974655442027,0.052781736435843475,1.4750240454531913,1.4625504403808298
8.445833333333175,3,True,0.1013709649689577,0.07893310708355147,1.4751128782891092,1.4526318558065086
8.449999999999841,3,True,0.07736484666636138,0.026776686006366214,1.4752013951702265,1.4874291506618
8.454166666666508,3,True,0.10377642387203363,0.026028491708821187,1.4753335805337997,1.4771985916993626
8.458333333333174,3,True,0.13817244792450734,0.046945346501234025,1.4754213124356583,1.4804887432152358
8.46249999999984,3,True,0.2524556979312691,0.0735096187459164,1.4755087322984468,1.4792257185115276
8.466666666666507,3,True,0.3003875646264578,0.055583475661755546,1.4755958412320045,1.4945553388253134
8.470833333333173,3,True,0.08299632664717638,0.019209441466282007,1.4756826403422243,1.4682526904893791
8.47499999999984,3,True,0.12938891712976072,0.043088415739940655,1.4757691307310654,1.5116386634338432
8.479166666666506,3,True,0.1477570902900414,0.077875295953075,1.475855313496568,1.4700251458319173
8.483333333333173,3,True,0.10555961794131227,0.021954707721178916,1.475941189732867,1.4842567431063296
8.487499999999839,4,True,0.04758905582643809,0.0567603812560446,1.4760267605302047,1.4771541896073528
8.491666666666505,3,True,0.04955450482610725,0.03548121728814059,1.4761120269749468,1.464300307947987
8.495833333333172,3,True,0.17502039722913493,0.022833794710899455,1.4761969901495944,1.4821785974228967
8.499999999999838,3,True,0.07790331830155053,0.005760348216890279,1.4762816511327985,1.479528517813841
8.504166666666505,3,True,0.11003707269945483,0.06058078273352643,1.4764080783487605,1.4735055859084918
8.508333333333171,3,True,0.10926662097528128,0.030443429591823903,1.4764919885473116,1.500128792424754
8.512499999999838,3,True,0.13237475948341265,0.018675641241994643,1.4765756002995767,1.4745249080713387
8.516666666666504,3,True,0.07156628027018898,0.02668345188935437,1.4766589146670484,1.4803088489734506
8.52083333333317,3,True,0.1462255680192915,0.03701660984099701,1.4767419327074456,1.4787170570067119
8.524999999999837,3,True,0.26888421065878154,0.0615569595196884,1.4768246554747253,1.4674157081015973
8.529166666666503,3,True,0.07252799480574428,0.037832736741785666,1.4769070840190959,1.4714318775047126
8.53333333333317,3,True,0.10357883340749985,0.037721965926824065,1.4769892193870298,1.482443000939869
8.537499999999836,3,True,0.1709658635271272,0.06428408762497473,1.4770710626212777,1.4605597976480116
8.541666666666503,2,False,nan,nan,1.4771526147608816,nan
8.545833333333169,3,True,0.11820394905610158,0.049883803499440216,1.4772338768411877,1.4834686922127154
8.549999999999836,3,True,0.1289868903472525,0.04347685684325296,1.4773148498938602,1.4550774938260436
8.554166666666502,3,True,0.10766740161967475,0.019094263256255586,1.4774357697937932,1.4920986645331298
8.558333333333168,3,True,0.05372251492099148,0.025311550231819697,1.4775160247668624,1.4881258860085371
8.562499999999835,3,True,0.1440547044055588,0.031116910313749024,1.4775959942943104,1.4777211387060272
8.566666666666501,3,True,0.0693812651019863,0.05909310241308407,1.4776756793913919,1.457008801465607
8.570833333333168,3,True,0.07750283655628507,0.0348078249319958,1.4777550810697497,1.4819870071944612
8.574999999999834,3,True,0.07359450069166801,0.07003515726853284,1.4778342003374294,1.459912945947611
8.5791666666665,3,True,0.15975579127635914,0.033514058364865276,1.4779130381988903,1.4845285200279896
8.583333333333167,3,True,0.20158079194097117,0.006537816169510772,1.4779915956550198,1.481914473949282
8.587499999999833,3,True,0.16842196538842402,0.09442220556273757,1.4780698737031452,1.48674469429896
8.5916666666665,3,True,0.129022199846233,0.017969835312304814,1.4781478733370468,1.4624170515613915
8.595833333333166,3,True,0.15219827576558606,0.05820850301475029,1.4782255955469696,1.4678897490401743
8.599999999999833,3,True,0.07949197947363064,0.05957165761567342,1.4783030413196372,1.4674947989417804
8.604166666666499,3,True,0.09390067853628224,0.05185318463724487,1.4784186938086088,1.4973088599312652
8.608333333333166,3,True,0.09140122277136228,0.034786511981837354,1.4784954527820529,1.4977129160049854
8.612499999999832,3,True,0.24530154951073355,0.056990150669396424,1.4785719387442178,1.4990813563895167
8.616666666666498,3,True,0.17999308217343962,0.04114765914507022,1.4786481526661328,1.492465511131635
8.620833333333165,3,True,0.0775881514830882,0.09216502939866314,1.4787240955153718,1.4968196476521043
8.624999999999831,3,True,0.2556281290654464,0.03390063465389555,1.4787997682560696,1.4805673587507049
8.629166666666498,3,True,0.09557995563494687,0.04378670354217147,1.4788751718489292,1.4827435061218126
8.633333333333164,3,True,0.09013834970644619,0.027969681951554175,1.4789503072512384,1.4544102015969773
8.63749999999983,3,True,0.10799088282583104,0.03008558130789302,1.4790251754168808,1.500872990728754
8.641666666666497,3,True,0.1121089352854532,0.03224413178820435,1.4790997772963448,1.4847472470396608
8.645833333333163,3,True,0.25147643739485687,0.029343303987283888,1.4791741138367405,1.5006997956842152
8.64999999999983,3,True,0.08791337983411195,0.014266671678482877,1.479248185981808,1.4910311159161926
8.654166666666496,3,True,0.08267611466172066,0.022567865994626034,1.4793588005143439,1.4657931946647542
8.658333333333163,3,True,0.06800381218443331,0.03688972911957151,1.4794322157779576,1.4992185806947103
8.66249999999983,3,True,0.05843936986167834,0.08823511729341235,1.4795053699229803,1.4866396525818335
8.666666666666496,3,True,0.11396095713937882,0.07036495402925924,1.479578263878141,1.4722962409251596
8.670833333333162,3,True,0.23910085771771025,0.06670080085743606,1.479650898568866,1.4594088284271731
8.674999999999828,3,True,0.14693559784978016,0.032426654270079236,1.4797232749172906,1.4811185662201531
8.679166666666495,3,True,0.14397031663452628,0.04108518917369796,1.4797953938422688,1.4715332062274886
8.683333333333161,3,True,0.19258610686719252,0.03545618789046184,1.4798672562593886,1.474080484326294
8.687499999999828,3,True,0.16536755912450432,0.03254252985983684,1.4799388630809795,1.4611445833183747
8.691666666666494,3,True,0.05984748925139603,0.03358430011607204,1.480010215216127,1.4969493595774424
8.69583333333316,3,True,0.19460172353141858,0.09324589216481155,1.480081313570683,1.493765167348889
8.699999999999827,3,True,0.29727888081001586,0.015731639983133466,1.4801521590472775,1.4726519418265942
8.704166666666493,3,True,0.08337848025546027,0.01521944594820629,1.480257955082598,1.485399250640041
8.70833333333316,3,True,0.09900681997864628,0.015398552903471597,1.4803281722922565,1.4920235496369618
8.712499999999826,3,True,0.12220132090090541,0.0331382610981035,1.4803981397579522,1.4824482135449233
8.716666666666493,3,True,0.06898568600575318,0.10016837305714875,1.480467858367958,1.4669322782435914
8.72083333333316,3,True,0.05030601845360501,0.08801519964303181,1.4805373290073873,1.458338035710114
8.724999999999826,3,True,0.1899809645395968,0.04340467933674937,1.4806065525582057,1.4771141352511021
8.729166666666492,3,True,0.06977190262884271,0.05783136611526901,1.4806755298992422,1.4652473841472267
8.733333333333158,3,True,0.08607384064748493,0.036780573277708575,1.480744261906199,1.4741471736494558
8.737499999999825,3,True,0.03488688663614752,0.03301764723731714,1.4808127494516643,1.4929252977799856
8.741666666666491,3,True,0.1234753408182652,0.03828611251094594,1.480880993405123,1.4768797652888568
8.745833333333158,3,True,0.10991735347208678,0.04153696237957124,1.480948994632967,1.4911499599328215
8.749999999999824,3,True,0.2073584266145295,0.04564382121549384,1.481016753998507,1.4845525969319797
8.75416666666649,3,True,0.1956320021175694,0.07123873982121405,1.4811179414359343,1.4719421963047687
8.758333333333157,3,True,0.12828532000140985,0.04345362521131134,1.481185099902574,1.4930939031714694
8.762499999999823,3,True,0.059349813089697695,0.02546987523440421,1.481252019504387,1.4775251902184383
8.76666666666649,3,True,0.05778199863747722,0.013602791275315487,1.481318701090952,1.4810085701906721
8.770833333333156,3,True,0.0830788588291121,0.030017818328921128,1.4813851455088267,1.4833842752456805
8.774999999999823,3,True,0.17566254340128484,0.06142119038549601,1.4814513536015563,1.512110132723311
8.77916666666649,3,True,0.0367278039950629,0.04129978352809843,1.481517326209687,1.4962467350595599
8.783333333333156,3,True,0.10445289633685494,0.0397402554699415,1.4815830641707755,1.466911683923943
8.787499999999822,3,True,0.10562162767376566,0.013371500307780957,1.481648568319398,1.4901302296915175
8.791666666666488,3,True,0.23106040631706065,0.08124238899376443,1.4817138394871643,1.4868155039143744
8.795833333333155,3,True,0.1935735903975909,0.06891306276772441,1.4817788785027248,1.4510376315374949
8.799999999999821,3,True,0.1561110283976695,0.03304759227652937,1.4818436861917834,1.4693222730402205
8.804166666666488,4,True,0.11410423110948453,0.05477537623246935,1.4810096927613499,1.4825326338557856
8.808333333333154,3,True,0.16528216182714442,0.10979447724794378,1.4791437790825719,1.503543088335453
8.81249999999982,3,True,0.12281354321312742,0.07764852479030061,1.4765100876942636,1.4617792364774806
8.816666666666487,3,True,4.246739094269495,1.4751947749293535,1.473287651598158,1.8896064440237241
8.820833333333153,3,True,0.1013715818630678,0.054042616990452444,1.4696147302718656,1.4505827225820607
8.82499999999982,3,True,0.04376337634822804,0.05468081778046427,1.4655980921739575,1.4826544975390652
8.829166666666486,3,True,0.06538813949229116,0.029154164603624137,1.4613201840049281,1.4459604499595526
8.833333333333153,3,True,0.06556798737973324,0.03395970316746278,1.456844667822642,1.4661515229890565
8.83749999999982,3,True,0.09738726931424804,0.09936905372399091,1.4522206975845529,1.4545821782394694
8.841666666666486,3,True,0.10783220128346109,0.04030931894109552,1.4474862220972808,1.4584155895591817
8.845833333333152,3,True,0.21132826365810817,0.04915674813283604,1.4426705360204766,1.4390475005996861
8.849999999999818,3,True,0.04817616326154807,0.048771537218798074,1.4377962501120272,1.4192139498778071
8.854166666666485,3,True,0.12441238454020652,0.017200871617884972,1.430411998748275,1.4246826117380573
8.858333333333151,3,True,0.16315229734484288,0.02771118797143289,1.425459083498432,1.4145022563641465
8.862499999999818,3,True,0.06779865266895377,0.05975704365461046,1.4204931233050067,1.4067820766795396
8.866666666666484,3,True,0.03569737877841427,0.06075514704656355,1.415521144845329,1.4103561132404971
8.87083333333315,3,True,0.051778913715199576,0.044435839329798145,1.4105485606825765,1.4124227097255133
8.874999999999817,3,True,0.14300980889206238,0.053046302963154025,1.4055795367843806,1.3815533982400034
8.879166666666483,3,True,0.13241057240250415,0.0708990337493869,1.4006172763724065,1.3865567800399397
8.88333333333315,3,True,0.1100911324565387,0.01158928512517042,1.3956642391508975,1.3908215513361393
8.887499999999816,3,True,3.3810142196286845,1.2010335438801134,1.390722310625733,1.9946735656421535
8.891666666666483,3,True,0.13270853699768997,0.06156935255625754,1.3857929328763294,1.383378474791088
8.89583333333315,3,True,0.15415222793363015,0.10779804642146719,1.3808772055559921,1.3825753748857315
8.899999999999816,3,True,0.03870618356261444,0.03917346093081453,1.3759759638984657,1.3832862307307714
8.904166666666482,3,True,0.12828033936171965,0.029047429662072202,1.368652598328847,1.3677362564756617
8.908333333333148,3,True,0.10211393149122495,0.07333595517690408,1.3637899969487393,1.3798713392049347
8.912499999999815,3,True,0.05006474171506356,0.02007610497626584,1.3589434765926385,1.372999009444104
8.916666666666481,3,True,5.513393273484826,2.054902392326466,1.3541132564327039,1.9793267867063726
8.920833333333148,3,True,0.17824403104519868,0.0800526689023012,1.3492994919439298,1.3380592225388699
8.924999999999814,3,True,0.10103647643794243,0.06243583976881842,1.3445022894544536,1.3506008850245144
8.92916666666648,3,True,0.20753583292583502,0.07969548510465468,1.3397217173831788,1.3222853776996837
8.933333333333147,3,True,0.07277132732991128,0.03290040325275632,1.334957814918882,1.308296458405818
8.937499999999813,3,True,0.0594749177994977,0.02443084080766468,1.3302105987232737,1.307648382646418
8.94166666666648,2,False,nan,nan,1.3254800681078724,nan
8.945833333333146,3,True,0.18852435210329946,0.07630837194424335,1.3207662090321475,1.3197272014579151
8.949999999999813,3,True,0.11022512435072562,0.05572752685824434,1.3160689971912787,1.3129374776058533
8.95416666666648,3,True,0.16310514334901915,0.029248755095907054,1.3090543208994432,1.3048427661404036
8.958333333333146,3,True,0.13415180367668036,0.0460299107879804,1.3043985735286003,1.318744009111035
8.962499999999812,3,True,0.07481626539074059,0.0296669697901819,1.2997593373505951,1.2817109901095314
8.966666666666478,3,True,0.1664944149729304,0.059739525176944586,1.2951365645816582,1.300104208437363
8.970833333333145,3,True,0.16032635253333688,0.08193862042634412,1.2905302051168959,1.2797322245626488
8.974999999999811,3,True,0.07411901183649705,0.05433676064523419,1.285940207105662,1.3148343426478515
8.979166666666478,3,True,0.14917274014531737,0.04679480855555845,1.2813665173957725,1.2832648646376061
8.983333333333144,3,True,0.04384985386916972,0.02174332769529794,1.2768090818764286,1.2891191075244903
8.98749999999981,3,True,0.07041807740009493,0.07615942299471748,1.2722678457428993,1.309689588898608
8.991666666666477,3,True,0.07770364292569948,0.02511231517223035,1.267742753700786,1.2696751696739244
8.995833333333143,3,True,0.17001895391114927,0.023291958599730215,1.263233750123616,1.2783935829079238
8.99999999999981,3,True,5.96226513861093,2.236525760221418,1.2587407791743979,0.24976851274419737
9.004166666666476,3,True,0.07944245510741021,0.03415727010344464,1.2520312615152491,1.2487132714278417
9.008333333333143,3,True,0.0776490867334964,0.02876951135093447,1.2475781272561164,1.2484479816930971
9.01249999999981,3,True,0.19307699493111952,0.06821433751194014,1.2431408297096724,1.239592519656694
9.016666666666476,3,True,0.14557015177584934,0.02477654021192425,1.2387193129821665,1.241328274174259
9.020833333333142,3,True,0.09762803227986658,0.07272646205362586,1.234313521280019,1.2370732415427588
9.024999999999809,4,True,0.08716860762491888,0.03305384090804732,1.2299233989319178,1.2170988125480096
9.029166666666475,4,True,0.030897278849015594,0.02975648218030029,1.2255488904057252,1.2338533508915284
9.033333333333141,4,True,0.047171119138640125,0.0555094086397138,1.221189940321379,1.2131050202158973
9.037499999999808,4,True,0.054010501697622,0.013638355219937394,1.2168464934606937,1.2111143583150672
9.041666666666474,4,True,0.04178992125677097,0.04471380655845053,1.2125184947747756,1.2280335162122253
9.04583333333314,4,True,0.10643675900009929,0.04167018417151395,1.2082058893895904,1.234196784116093
9.049999999999807,4,True,0.09154607569990537,0.021227278236204298,1.2039086226101086,1.2208010902529982
9.054166666666474,4,True,0.11911560060551954,0.03707830094769687,1.1974913631297655,1.2008510856619166
9.05833333333314,4,True,0.03792982862321005,0.02408108274360738,1.193232204773716,1.1909188892670657
9.062499999999806,4,True,0.1940204114588857,0.04791780290557272,1.1889881950372274,1.2029896948508454
9.066666666666473,4,True,0.11402898630972132,0.018251519178903393,1.1847592800578368,1.194823819883838
9.07083333333314,4,True,0.06595351493648234,0.06545973880053638,1.1805454061607503,1.1758574383684792
9.074999999999806,4,True,0.03655872134370688,0.023347012928938194,1.176346519859066,1.186151581874212
9.079166666666472,4,True,0.045604610224050504,0.05315095975245029,1.17216256785379,1.1658435164150442
9.083333333333139,4,True,0.06561591156672873,0.02897804971924754,1.1679934970337005,1.1810169360782201
9.087499999999805,4,True,0.1571205815126622,0.023284579745527497,1.1638392544750882,1.1864748862237762
9.091666666666471,4,True,0.1432344623568553,0.019228322443974235,1.1596997874414077,1.1535433434907132
9.095833333333138,4,True,0.1561417687654054,0.020623377687207123,1.1555750433828524,1.1729638421220452
9.099999999999804,4,True,0.004263409611611122,0.023523356910634268,1.1514649699358834,1.159941015712096
9.10416666666647,4,True,0.13116634183624662,0.042611166029667545,1.1453272530738918,1.1503693345385253
9.108333333333137,4,True,0.047789743370128035,0.026648007616039773,1.1412536282830221,1.166741341825802
9.112499999999804,4,True,0.10741541647803761,0.03349490387780381,1.1371944922904667,1.1297332221667526
9.11666666666647,4,True,0.07153893937677502,0.013305984685724586,1.1331497935640977,1.1423620395969052
9.120833333333136,4,True,0.09309415431670388,0.03362212251604643,1.1291194807549183,1.1430349086518468
9.124999999999803,4,True,0.08967962505431583,0.06038423148138942,1.1251035026964487,1.1346750225613371
9.12916666666647,4,True,0.06270892926237494,0.012637872675701996,1.1211018084041002,1.1318588080151932
9.133333333333136,4,True,0.15117398875983187,0.02835941711358175,1.1171143470745533,1.1190523236720171
9.137499999999802,4,True,0.08972400015514459,0.03943899951455495,1.1131410680851261,1.1066796685841562
9.141666666666469,4,True,0.16488172187038816,0.024567599702552925,1.1091819209931468,1.0963338536836862
9.145833333333135,4,True,0.12361670156248383,0.029023264289025134,1.105236855535321,1.090360014991069
9.149999999999801,4,True,0.10007325324641399,0.0357353013128845,1.1013058216271023,1.0890740924499527
9.154166666666468,4,True,0.15215374245318758,0.025375738455232805,1.0954354707985259,1.1025005809087682
9.158333333333134,4,True,0.03523822123555774,0.018217175239250174,1.0915392978117866,1.1030813057834503
9.1624999999998,4,True,0.061841297707835086,0.025205168333741458,1.0876569824772964,1.1007488063576245
9.166666666666467,4,True,0.034504553470819425,0.024186748404148507,1.0837884755070941,1.099330617940468
9.170833333333134,4,True,0.031255852234983415,0.027332981489206817,1.0799337277885157,1.0802137224613229
9.1749999999998,4,True,0.015340898794591364,0.032530324215604436,1.0760926903835752,1.0841092240925623
9.179166666666466,4,True,0.1003576168716146,0.015364930978356547,1.0722653145283405,1.0714934661553361
9.183333333333133,4,True,0.14064942395640606,0.029081433625469583,1.0684515516323185,1.0813313301710443
9.1874999999998,4,True,0.1296421498541375,0.04116284186236479,1.0646513532778359,1.0756608940797492
9.191666666666466,4,True,0.04938166622161675,0.06455270907058897,1.060864671219428,1.0801843067140238
9.195833333333132,4,True,0.09018621745482783,0.025359297979556085,1.057091457383224,1.0584469139640351
9.199999999999799,4,True,0.09221843264739117,0.04722642042114719,1.053331663866339,1.0358205532800058
9.204166666666465,4,True,0.162300597204089,0.030612584498258055,1.0477170323213099,1.0403312484939715
9.208333333333131,4,True,0.06956809151368305,0.03189957097775328,1.043990581144207,1.0684742906479077
9.212499999999798,4,True,0.21531366542575342,0.0721222099698025,1.0402773839640724,1.008642163035051
9.216666666666464,4,True,0.041107682354775625,0.02532880080908368,1.0365773936399614,1.0313183744872436
9.22083333333313,4,True,0.0627018016281558,0.018582015694740234,1.032890563198596,1.022702519905574
9.224999999999797,4,True,0.07862440691717205,0.06233170483052666,1.029216845833769,1.0417826104501695
9.229166666666464,4,True,0.15639852330190432,0.002461527590876037,1.0255561949057515,1.0279382108423971
9.23333333333313,4,True,0.06234806206370583,0.06586225478637446,1.0219085639406988,1.0404699494989664
9.237499999999796,4,True,0.0561880423293522,0.038138990720327885,1.0182739066300617,1.0367647566316023
9.241666666666463,4,True,0.15929273703521452,0.056149554696841526,1.0146521768299972,1.0048265346424863
9.24583333333313,4,True,0.16979337313013354,0.010488398078359351,1.0110433285607852,1.0166969080827126
9.249999999999796,4,True,0.11993564061331867,0.03651261698877939,1.0074473160062412,1.0294389146907108
9.254166666666462,4,True,0.05989727979609535,0.024147245291283443,1.00207726431741,1.000895360680416
9.258333333333129,4,True,0.03467796286160544,0.0776458103700033,0.9985131416717082,1.033280417324227
9.262499999999795,4,True,0.11167245183047453,0.01898837314214057,0.9949616956635133,0.9961420961800632
9.266666666666461,4,True,0.05420298384625312,0.02583389104977842,0.9914228812053929,0.9762898697738365
9.270833333333128,4,True,0.16784196929468057,0.04475565809773437,0.9878966533702784,0.9784072393661172
9.274999999999794,4,True,0.10617576444462146,0.0288065142017224,0.9843829673908956,1.0015610918696078
9.27916666666646,4,True,0.07048564148269085,0.04971121601812605,0.9808817786591949,0.9853587349736459
9.283333333333127,4,True,0.24931627237599163,0.02975706866954774,0.9773930427257861,0.9813758046777368
9.287499999999794,4,True,0.0766740985645399,0.06736094243426693,0.9739167152993737,0.9840517800187403
9.29166666666646,4,True,0.019720347205397,0.050121581422973384,0.9704527522461944,0.9743387274591748
9.295833333333126,4,True,0.2262710782855639,0.037021602596648204,0.9670011095894571,0.9643529600333776
9.299999999999793,4,True,0.02898245041544466,0.03733902052044776,0.9635617435087839,0.9590974229367253
9.30416666666646,4,True,0.07243044003936339,0.03558253354422846,0.958425617494238,0.9810703331603778
9.308333333333126,4,True,0.05085811562258707,0.06406289752271452,0.9550167521610252,0.9264786016460729
9.312499999999792,4,True,0.05743630649390539,0.0633098199609689,0.9516200112562992,0.9466824360008621
9.316666666666459,4,True,0.0391921542839789,0.021182005470267665,0.9482353516566902,0.9466708499914857
9.320833333333125,4,True,0.0176694763726285,0.022267514626309888,0.9448627303922039,0.9450412228329598
9.324999999999791,4,True,0.04368216297423821,0.03194495978263525,0.9415021046456802,0.925675292063037
9.329166666666458,4,True,0.09782179828697116,0.009042236842139999,0.9381534317522483,0.9325681472395532
9.333333333333124,4,True,0.09782819343225951,0.014558594088647245,0.9348166691987847,0.9381783813027921
9.33749999999979,4,True,0.17031587368639306,0.02077795294766566,0.931491774623374,0.9437587479605205
9.341666666666457,4,True,0.06630778814685377,0.01404982561977488,0.9281787058147704,0.9317189279596408
9.345833333333124,4,True,0.015709259247929097,0.02397271751285463,0.9248774207118629,0.9124563202278461
9.34999999999979,4,True,0.10292450770395233,0.010265128294935776,0.9215878774031401,0.9185914617500556
9.354166666666456,4,True,0.19453566642601067,0.03195267508486226,0.9166754869894391,0.9191149411789821
9.358333333333123,4,True,0.09775629716280243,0.03510992075899466,0.9134151157802733,0.9078700084606173
9.36249999999979,4,True,0.03154722082966894,0.012728909895500603,0.9101663408454407,0.9011863725222866
9.366666666666456,4,True,0.08683474645383689,0.015235031495382311,0.9069291209400736,0.9136491096340901
9.370833333333122,4,True,0.21392100573866263,0.02177081685767248,0.9037034149660017,0.8957870540648463
9.374999999999789,4,True,0.13254114709339754,0.020602468618451372,0.9004891819712294,0.9073254045512267
9.379166666666455,4,True,0.06268766820636083,0.052849513776685446,0.8972863811494176,0.898613306921875
9.383333333333121,4,True,0.0986590280067414,0.06782064616398652,0.8940949718393639,0.8950369294633513
9.387499999999788,4,True,0.11613893440693532,0.0922436075932645,0.8909149135244869,0.876380728920767
9.391666666666454,4,True,0.03676365457223937,0.02529466966703081,0.8877461658323117,0.8984649926052434
9.39583333333312,4,True,0.04161121209723869,0.03192758490589595,0.884588688533958,0.8932220216885842
9.399999999999787,4,True,0.07006369452983867,0.023535171203526353,0.8814424415436285,0.8860121121173934
9.404166666666454,4,True,0.08159700957672922,0.054039129866592574,0.8767440405487408,0.8885413459543727
9.40833333333312,4,True,0.14564304777918546,0.032244466318595705,0.873625694887507,0.8804982113155166
9.412499999999786,4,True,0.1147541621359095,0.034956682685826176,0.8705184403534585,0.8765654169269782
9.416666666666453,4,True,0.07755520857686879,0.02595508456122012,0.8674222374984026,0.8619766077146997
9.42083333333312,3,True,0.18707513972186815,0.02592258943041338,0.8643370470144526,0.8741948728185069
9.424999999999786,3,True,0.04552904031922956,0.03448497206168688,0.8612628297335296,0.8440872318588509
9.429166666666452,3,True,0.15359841509463268,0.052717288636773454,0.858199546626865,0.8428458088742098
9.433333333333119,3,True,0.027287799277102655,0.015911312525764366,0.8551471588045053,0.8435084071189167
9.437499999999785,3,True,0.1111595569291951,0.0499447427730427,0.8521056275148189,0.8632071059630918
9.441666666666451,3,True,0.18302758439572478,0.017569408249416062,0.8490749141440032,0.8505635850401813
9.445833333333118,3,True,0.07094085123020961,0.04624979758818054,0.8460549802155943,0.8701813115715699
9.449999999999784,3,True,0.1333146871889899,0.042554054364162645,0.8430457873899792,0.8378752309841652
9.45416666666645,3,True,0.12295987870214083,0.05226152015778535,0.8385520541868532,0.8241838543808735
9.458333333333117,3,True,0.18301640062491514,0.046015844596159074,0.8355695472761072,0.8142635442463667
9.462499999999784,3,True,0.039682863298422015,0.051900207038830394,0.832597648350195,0.8330216094179371
9.46666666666645,3,True,0.17939921442442072,0.05558211523670601,0.8296363196793316,0.8625257418925893
9.470833333333116,3,True,0.23703679385928272,0.06514722497449751,0.8266855236679274,0.8151675529271425
9.474999999999783,3,True,0.051402581655886334,0.04703819722709378,0.823745222854111,0.8264051779876014
9.47916666666645,3,True,0.14496740307748662,0.04541840260394253,0.8208153799092527,0.8227599949882773
9.483333333333116,3,True,0.08746112004971936,0.03519147048629781,0.8178959576374899,0.8142459586661716
9.487499999999782,3,True,0.1302213440041542,0.05292433223022544,0.8149869189752565,0.81112323642394
9.491666666666449,3,True,0.09294908402363929,0.09038099276535945,0.8120882269908122,0.8065009069767936
9.495833333333115,3,True,0.1773566279646457,0.04085846329117828,0.8091998448837721,0.8201100926008239
9.499999999999782,3,True,0.14594249266348297,0.04079926010770134,0.8063217359846405,0.787719008775791
9.504166666666448,3,True,0.08881827954756616,0.029259195834175557,0.8020237550071024,0.8230185428860919
9.508333333333114,3,True,0.13249352715357834,0.03916085234602944,0.7991711695534653,0.793696917723343
9.51249999999978,3,True,0.09796704508823266,0.0253647923882675,0.79632872998855,0.8050675187773683
9.516666666666447,3,True,0.09178474067115899,0.029754137920589854,0.7934964002261251,0.7900795349835579
9.520833333333114,3,True,0.11110193152034649,0.05872468483829765,0.7906741443083084,0.795805149921588
9.52499999999978,3,True,0.1212806613561854,0.022742754990842523,0.7878619264051109,0.7869869630347708
9.529166666666447,3,True,0.09735134866398391,0.0416272110975498,0.7850597108139808,0.7578593841615111
9.533333333333113,3,True,0.0519808746719971,0.04150700740929442,0.7822674619593512,0.7919861782941587
9.53749999999978,3,True,0.05385063423031862,0.03535688386288357,0.7794851443921876,0.7869171143399326
9.541666666666446,3,True,0.14485772117219708,0.056615196682400004,0.7767127227895388,0.7732819539396852
9.545833333333112,3,True,0.04896859802987527,0.07970001615585842,0.7739501619540876,0.7455557491264063
9.549999999999779,3,True,0.07985289781940806,0.025405187758617054,0.7711974268137043,0.7908636029447466
9.554166666666445,3,True,0.22514397273528433,0.10252674923113889,0.7670866708679722,0.7716223366250676
9.558333333333112,3,True,0.1910375922058758,0.011321147625211784,0.7643583473422215,0.7563397205811684
9.562499999999778,3,True,0.10739094061153334,0.02057876527956594,0.7616397277385227,0.7658697144390333
9.566666666666444,3,True,0.1673253094721776,0.04093607294247149,0.7589307775426031,0.771330903612798
9.57083333333311,3,True,0.09319697816337394,0.03520753900953444,0.7562314623629472,0.7437888155950143
9.574999999999777,3,True,0.03306342807292198,0.026182828292329055,0.7535417479303614,0.7466179737517736
9.579166666666444,3,True,0.12338556195950126,0.034225930338465674,0.7508616000975391,0.7436589036714185
9.58333333333311,3,True,0.06471431682148199,0.024515869567117,0.748190984838626,0.7634343870337218
9.587499999999777,3,True,0.1355532249494856,0.03918246217090155,0.7455298682487888,0.7614014664180135
9.591666666666443,3,True,0.05475693504328862,0.01194838035607101,0.7428782165437847,0.7424229553738567
9.59583333333311,3,True,0.01415926301782728,0.020937418608145405,0.7402359960595329,0.732540459372907
9.599999999999776,3,True,0.06194589518245913,0.0756534652640106,0.7376031732516859,0.7311219997872925
9.604166666666442,3,True,0.05498900936344414,0.03661358604713988,0.7336714865984214,0.7529043125719413
9.608333333333109,3,True,0.20825341977811868,0.0426302259409648,0.7310620120069857,0.7316626242062085
9.612499999999775,3,True,0.07353645311059488,0.048807136531877154,0.7284618186235128,0.718163497240841
9.616666666666442,3,True,0.19821051789695632,0.029419901510708037,0.7258708734372109,0.7149431490925282
9.620833333333108,3,True,0.152384165369496,0.04371435923027068,0.7232891435546998,0.7136791045309481
9.624999999999774,3,True,0.18325009867873696,0.011259250533685749,0.7207165961995914,0.7175540496557711
9.62916666666644,3,True,0.03347324479278647,0.01993979424426779,0.7181531987120751,0.6996229766920775
9.633333333333107,3,True,0.12948019324891635,0.03915713351887738,0.715598918548502,0.711953442927515
9.637499999999774,3,True,0.06624026357021964,0.05338525981693388,0.7130537232809734,0.7202648629682733
9.64166666666644,3,True,0.07139205856444289,0.026622079718901764,0.7105175805969268,0.722897846865256
9.645833333333107,3,True,0.11784138356970991,0.007187095562067805,0.7079904582987273,0.7089648879248561
9.649999999999773,3,True,0.09621302476888102,0.04210993566799748,0.7054723243032589,0.7045128269222917
9.65416666666644,3,True,0.11063053423901852,0.04120387582764773,0.7017119064765801,0.726395974063455
9.658333333333106,3,True,0.20752741522460746,0.05148644900640168,0.6992161036221606,0.683526112428145
9.662499999999772,3,True,0.12724009721329477,0.023457705653721024,0.69672917767553,0.699160124135542
9.666666666666439,3,True,0.1689109811139193,0.038888411604508025,0.6942510970638855,0.7038472815743427
9.670833333333105,3,True,0.12785771044532293,0.033248817210953276,0.6917818303267197,0.7024361531406325
9.674999999999772,3,True,0.025723920683244538,0.018951128931461107,0.6893213461154224,0.688375547835949
9.679166666666438,3,True,0.10287704809975946,0.038605216213647923,0.6868696131928822,0.7120306840407071
9.683333333333104,3,True,0.18840710945082273,0.03806201196181147,0.6844266004330893,0.683490146094495
9.68749999999977,3,True,0.0437286813897609,0.05746660696190825,0.6819922768207417,0.7080444002805024
9.691666666666437,3,True,0.16082634981693797,0.03923383317280777,0.6795666114508495,0.6642756929971935
9.695833333333104,3,True,0.12638694914844384,0.03288053547707288,0.6771495735283446,0.704083703173775
9.69999999999977,3,True,0.05813230070495789,0.06865901588740077,0.6747411323676882,0.6562307627388525
9.704166666666437,3,True,0.0932250749604578,0.03749595488002678,0.6711445226990456,0.6830205308610274
9.708333333333103,3,True,0.0898054912564277,0.054729999825058745,0.6687574399090571,0.6901212356533092
9.71249999999977,3,True,0.20998979538554097,0.07768111115456404,0.6663788473384676,0.6819353084953361
9.716666666666436,3,True,0.11865792595616814,0.04635969609956756,0.6639653120211273,0.6859073809525876
9.720833333333102,3,True,0.09807396268465667,0.019944541932033565,0.6615702471092139,0.6538711635248655
9.724999999999769,3,True,0.07593133504831243,0.01646571608741616,0.6591209885073586,0.6473684871555152
9.729166666666435,3,True,0.1723608995691922,0.03318386090267258,0.6566406505715138,0.6495167987667113
9.733333333333102,3,True,0.07717854030276167,0.033989995399919724,0.6542001324517122,0.6434631860664173
9.737499999999768,3,True,0.09209789307243187,0.06789916248520839,0.6517922451140421,0.6403121952326571
9.741666666666434,3,True,0.04337545398019188,0.021723202605741773,0.6494114268650613,0.6708238586023917
9.7458333333331,3,True,0.11728852677308078,0.045968902725534694,0.6470533733892209,0.6481885594766278
9.749999999999767,3,True,0.06660840040902258,0.06416388912545354,0.6446412184070481,0.6540990631506717
9.754166666666434,3,True,0.05507900585159384,0.012022640536845212,0.6410845850929794,0.6422044813287576
9.7583333333331,3,True,0.13166356467015444,0.050058543582781334,0.638746504878748,0.6560647364821343
9.762499999999767,3,True,0.21633205745573772,0.03208326999469925,0.63638995448841,0.6399226441671095
9.766666666666433,3,True,0.19584873081972037,0.026805629431027288,0.6337799331677305,0.6257308813508354
9.7708333333331,3,True,0.0618923102465952,0.029732362761135406,0.6311786014995143,0.6285868339646197
9.774999999999766,3,True,0.13311884068863508,0.04829474306116751,0.6286656779130358,0.6413078036371144
9.779166666666432,3,True,0.16720303918133067,0.05680931422930167,0.6262228401636741,0.6139506123113915
9.783333333333099,3,True,0.06324960930245078,0.04887850254616872,0.6235927804511957,0.6048048101697727
9.787499999999765,3,True,0.1097228010688989,0.020239918232012735,0.6204487811479612,0.6247223570693898
9.791666666666432,3,True,0.036265713276893735,0.026202485850778164,0.6175269952822665,0.632506548943275
9.795833333333098,3,True,0.14988102926178093,0.036373775628008524,0.6147786170180825,0.6142636536082612
9.799999999999764,3,True,0.06073757871754846,0.03976685903256903,0.6121659363149473,0.6199031697275335
9.80416666666643,3,True,0.13285255945784558,0.0518979599582063,0.6084394616704694,0.6170162400158458
9.808333333333097,3,True,0.10138841434122298,0.04205949905741048,0.6058862308692062,0.6298700913789879
9.812499999999764,3,True,0.06544519287795478,0.046208269405307034,0.603199046468891,0.6164499654838781
9.81666666666643,3,True,0.09745897370841565,0.018164713075372284,0.6004085368574898,0.5956780339204844
9.820833333333097,3,True,0.04671061984682208,0.017586282256152094,0.5977205958381719,0.5917409223293006
9.824999999999763,3,True,0.06619319789517535,0.020696632256026068,0.5950479685631297,0.6026521627277734
9.82916666666643,3,True,0.0743206950848047,0.02250944913678706,0.5920863483710103,0.5835472233931888
9.833333333333096,3,True,0.1525355990188723,0.019774238082687124,0.589056403516436,0.5700261224728695
9.837499999999762,3,True,0.07598809606804367,0.04235908565880589,0.5862480156212724,0.5871172280816631
9.841666666666429,3,True,0.159782343633414,0.041211704995763446,0.5835865968502293,0.5743706900217881
9.845833333333095,3,True,0.16376190472441082,0.05680915263342762,0.580267287315012,0.5670825975620872
9.849999999999762,3,True,0.025732002506472212,0.02848944518875884,0.5770242764413703,0.5762179029414338
9.854166666666428,3,True,0.12894725670944032,0.04718393569105308,0.5726656516657308,0.5577684989729376
9.858333333333094,3,True,0.1041335729014283,0.06819359590766753,0.5699105324670575,0.5516614456893505
9.862499999999761,3,True,0.16723250866548742,0.06590677503113959,0.5668862907156493,0.5928152369093201
9.866666666666427,3,True,0.20409210357233196,0.028720750161359884,0.5633259630703009,0.5577842781276671
9.870833333333094,3,True,0.16475916696955636,0.08974753496357638,0.5601304356802094,0.5545813033662202
9.87499999999976,3,True,0.06154000557288842,0.029160344087417415,0.5571824140307841,0.5608515856967897
9.879166666666427,3,True,0.08711278625304641,0.01938033652884797,0.5542799051597097,0.5467803615254945
9.883333333333093,3,True,0.1900584543916316,0.04244679358482834,0.5511020982172511,0.5429108290075743
9.88749999999976,3,True,0.07559503263240258,0.029885752363272962,0.5471659441757809,0.5677464119541432
9.891666666666426,3,True,0.057952619273084885,0.022234128466219152,0.5434886640214486,0.5447316121639426
9.895833333333092,3,True,0.08186689907733938,0.022991139475356675,0.5402193625377469,0.5372465963890349
9.899999999999759,3,True,0.06252829883182368,0.04074826281492197,0.537266701963667,0.534365587578749
9.904166666666425,3,True,0.08406637042343473,0.04433310074730354,0.5324848352712075,0.5258296681741337
9.908333333333092,3,True,0.1409507106250041,0.015009945140323238,0.5286083187690005,0.5290895099102232
9.912499999999758,3,True,0.09693150801032156,0.006957338739031076,0.5247267059070997,0.531666443778576
9.916666666666424,3,True,0.07465993811716706,0.05694230303694917,0.5213154830178204,0.5223113457227595
9.920833333333091,3,True,0.05945157875661574,0.009188480959554383,0.5182690443553203,0.5120162753078715
9.924999999999757,3,True,0.22014416320124072,0.028813210365339938,0.5146941607521489,0.520044304106752
9.929166666666424,3,True,0.15446023981072335,0.036933765275280625,0.5106812438688767,0.5058473789138519
9.93333333333309,3,True,0.0638680963760751,0.04821923497266473,0.5070116763617631,0.4927141464221614
9.937499999999757,3,True,0.13550803442015844,0.03056559534063153,0.5037335137760752,0.5151458212149221
9.941666666666423,3,True,0.1384885229502274,0.06084141337437266,0.5005818803564835,0.4883383142922447
9.94583333333309,3,True,0.06967414775831382,0.04507246756113523,0.4967579501436345,0.5201782653998044
9.949999999999756,3,True,0.145291411324743,0.009777055257970128,0.4924772451389054,0.48501287780625046
9.954166666666422,3,True,0.04195761745051659,0.044811857489117604,0.48607770376450443,0.49185759031396226
9.958333333333089,3,True,0.13444758163245715,0.04186752058682787,0.4824456110895921,0.48561327821012296
9.962499999999755,3,True,0.10213596638871039,0.023145352102010477,0.47926093000052505,0.4887016217970929
9.966666666666422,3,True,0.0986851392458137,0.011846098240261444,0.4760074538192336,0.47387838447351366
9.970833333333088,3,True,0.06801212419839761,0.03817080334694306,0.47260760669793994,0.499496812593874
9.974999999999755,3,True,0.13156300344285357,0.0168190887861146,0.4691434314723458,0.46204916194000073
9.979166666666421,3,True,0.0831259665076006,0.03794406449353286,0.4656651331466154,0.48188000683301824
9.983333333333087,3,True,0.08534396929927542,0.014533253008580025,0.4619338440050884,0.4604783458908316
9.987499999999754,3,True,0.08307499446574833,0.027944835743929083,0.4574820430375747,0.4365111519819108
9.99166666666642,3,True,0.14098214049135543,0.021136420882137325,0.45283374072196864,0.44410485571770975
9.995833333333087,3,True,0.0756986316571916,0.06605085520333856,0.44824654342519177,0.4265665764881943
9.999999999999753,3,True,0.031901360015671044,0.0794118869429625,0.4438250395656373,0.46788646910809345
10.00416666666642,3,True,0.055662317671447296,0.01026713996053817,0.4368258471839933,0.4464590813486899
10.008333333333086,3,True,0.1488583338409546,0.0371475200887752,0.43168864827076175,0.4193648733021094
10.012499999999752,3,True,0.05767188076844796,0.0708860201742003,0.4271837723270703,0.42586630221488647
10.016666666666419,3,True,0.21406559890662546,0.01329201690981666,0.4233724999989445,0.4315868152552574
10.020833333333085,3,True,0.07186284832635818,0.02910253826289147,0.42009808818447864,0.4426084759205178
10.024999999999752,3,True,0.1382219930975819,0.025821035851748164,0.416380033455518,0.41739266251209506
10.029166666666418,3,True,0.07198857040777343,0.046949813524265624,0.41227902178695724,0.39850711421691176
10.033333333333085,3,True,0.04956090051071001,0.04505654733485031,0.40810277191047584,0.4215601207987239
10.037499999999751,3,True,0.039660527758238535,0.05565263335716032,0.4039960402873174,0.42415883695161655
10.041666666666417,3,True,0.07189008540454166,0.056524540453107154,0.40001693050028625,0.40832017419468575
10.045833333333084,3,True,0.09393902404784613,0.0489860334430539,0.3954372361487025,0.3978732532528794
10.04999999999975,3,True,0.15708284249810817,0.04744944644862178,0.390535921421842,0.37997423651950446
10.054166666666417,3,True,0.07412617089214592,0.06910253485386522,0.3833264908657501,0.36355919559644945
10.058333333333083,3,True,0.08616637873031628,0.0188157177763211,0.3787950793015728,0.38222488974105506
10.06249999999975,3,True,0.10928766565850807,0.01022942658641075,0.37423265483459334,0.36901832957145647
10.066666666666416,3,True,0.11843252657966982,0.0463514695134587,0.3691372299239296,0.3660884098049241
10.070833333333082,3,True,0.10841253200725405,0.033974431560480106,0.3642223387640112,0.3638224980133994
10.074999999999749,3,True,0.08725418669499423,0.04667635193146486,0.3600826638522648,0.3523240556519424
10.079166666666415,3,True,0.15863320261413566,0.029962142082507345,0.3563097829241291,0.3735990431875268
10.083333333333082,3,True,0.024891210263193877,0.03351184070900892,0.3524849478227285,0.35246006031981153
10.087499999999748,3,True,0.10382429565279828,0.014813830950364894,0.34804623603066487,0.3396429350158766
10.091666666666415,3,True,0.14439751392378591,0.0747395715325072,0.3434753463544452,0.34821337635558886
10.095833333333081,3,True,0.06826535915754402,0.011537150157937805,0.3390093175535221,0.335732067841808
10.099999999999747,3,True,0.06143923387382789,0.08342171145064113,0.33473960909121414,0.3404691786222604
10.104166666666414,3,True,0.0646853610815343,0.08906708477262311,0.3279843870748471,0.3555988808887623
10.10833333333308,3,True,0.05775324602228695,0.03271509699086078,0.3230190443965931,0.3527333035417185
10.112499999999747,3,True,0.08280357020696075,0.035144993913135254,0.3181516256558565,0.3165451594485435
10.116666666666413,3,True,0.11171036704066169,0.051410017142627405,0.31352575335444693,0.3205851525101487
10.12083333333308,3,True,0.09633404479055993,0.04394037251032663,0.309179870193398,0.3233395578230731
10.124999999999746,3,True,0.0722595144384632,0.026000201138428235,0.3043426902214842,0.28584672753761897
10.129166666666412,3,True,0.14945311789578178,0.06139048519194573,0.2992860547533186,0.2998844016380332
10.133333333333079,3,True,0.17926310126570508,0.08735776351816274,0.29436225137494637,0.2750443741111278
10.137499999999745,3,True,0.09414724059598385,0.03698654226965463,0.28970775408276017,0.2869525590567155
10.141666666666412,4,True,0.06855789875601268,0.012410464652705172,0.2853551341615343,0.2957803770800725
10.145833333333078,3,True,0.20759154250702613,0.04375499051191906,0.28052669132023456,0.2653314530490487
10.149999999999745,3,True,0.02009164270563648,0.014259315533709618,0.27549150973594994,0.2631023987615113
10.154166666666411,3,True,0.18749228633824017,0.06216703458731227,0.2682541222126047,0.2495840340425086
10.158333333333077,3,True,0.1061426053813245,0.01727999103941809,0.2637940303844752,0.2566267545848647
10.162499999999744,3,True,0.09708016471984636,0.05759521818517769,0.2593508290478056,0.23579845960715534
10.16666666666641,3,True,0.09944745896084792,0.011013266118347692,0.2544099364722732,0.24986292521698952
10.170833333333077,3,True,0.11082561385995529,0.03941849451926623,0.24947608980306132,0.24794617025182852
10.174999999999743,3,True,0.13846244638009642,0.023151515011343066,0.24477395754037493,0.24073860160854058
10.17916666666641,3,True,0.11740308645565344,0.007498335183432012,0.24037579046925261,0.23805172035655262
10.183333333333076,3,True,0.15418990029890683,0.021992662686242143,0.23634220806350903,0.22995325779354525
10.187499999999742,3,True,0.09926306562315745,0.01683375477689733,0.23283116869340353,0.22456206026212597
10.191666666666409,3,True,0.11929221708303311,0.02482204287491435,0.22994213349526038,0.2352206091645424
10.195833333333075,3,True,0.14812890914945773,0.04042352315040313,0.22737349702363716,0.22351597086629696
10.199999999999742,3,True,0.08559621509874492,0.00916667258980288,0.22492898923679291,0.22684162888264028
10.204166666666408,3,True,0.16938167478744495,0.01963125983810822,0.22151106174789648,0.2180418525568692
10.208333333333075,3,True,0.06461319739088578,0.06498338659647639,0.21958373310460738,0.22011066181514288
10.212499999999741,3,True,0.1460749731107024,0.005435176141675632,0.2178808670490199,0.22240271872040482
10.216666666666407,3,True,0.10538275277195305,0.05542323221151768,0.21618850534572082,0.23654361607028557
10.220833333333074,3,True,0.02206822535112337,0.07637327736332197,0.21445394805372905,0.20574354155966176
10.22499999999974,3,True,0.06437458400242298,0.027538447149064366,0.21281207354823087,0.20034429498565215
10.229166666666407,3,True,0.06420153892765534,0.03011987987259725,0.21134740606435043,0.23033777539902994
10.233333333333073,3,True,0.0644630041618488,0.026606089061345626,0.21001275932832197,0.18720228864403526
10.23749999999974,3,True,0.03837488762702431,0.025895145542363367,0.20864096179156272,0.22755165606841285
10.241666666666406,3,True,0.15512520609727992,0.026706081039111044,0.2072015457612662,0.1823048602271607
10.245833333333072,3,True,0.07843020004761325,0.01378948886716076,0.20582967291068313,0.21865745446356383
10.249999999999739,3,True,0.1062726795988628,0.031804467803662806,0.20458759785263544,0.19735383288952488
10.254166666666405,3,True,0.12678323894695043,0.03373089110991736,0.20294316791794198,0.19652940227195811
10.258333333333072,3,True,0.022586812929402997,0.050472657088822113,0.2018634192415685,0.19321579337669312
10.262499999999738,3,True,0.05236367194621864,0.02381145707648007,0.20075843287768214,0.22330586360504898
10.266666666666405,3,True,0.062234445155838855,0.055695757853404644,0.19972555139891704,0.21802401993386514
10.270833333333071,3,True,0.14353856406799914,0.06713504616309424,0.19876954513599968,0.19977062046790633
10.274999999999737,3,True,0.11314233508804285,0.05111606115785823,0.19778524691486438,0.21074030451395448
10.279166666666404,3,True,0.07749796997450947,0.01731171103802162,0.19672417011832213,0.1818754144554764
10.28333333333307,3,True,0.0983608899343779,0.01760065594881201,0.19563436592460484,0.193709171452387
10.287499999999737,3,True,0.19013560205787652,0.06604617611034119,0.19463804222410586,0.21638157802389912
10.291666666666403,3,True,0.06575147623425867,0.023941193636809254,0.19371418532518625,0.19748696526104728
10.29583333333307,3,True,0.1260149901961667,0.033371388016213886,0.19277082434271384,0.192510385336629
10.299999999999736,3,True,0.21466473668053643,0.022658992597689828,0.19176590275653296,0.1982917198131754
10.304166666666402,3,True,0.1374404112390313,0.034700395619459756,0.19026734873101236,0.19710139273484614
10.308333333333069,3,True,0.10435721689209844,0.014721302964556527,0.18936413328710341,0.18259134758224274
10.312499999999735,3,True,0.20906099881897086,0.04326445326837017,0.18849417897775342,0.16639947714689354
10.316666666666402,3,True,0.1649808094572102,0.03880918230602602,0.18757539111744723,0.17366525092241708
10.320833333333068,3,True,0.11272134520019826,0.029110190098133277,0.1866050844835397,0.17878960270659816
10.324999999999735,3,True,0.08889529108771664,0.03311007365052452,0.18568986600287682,0.1906051128542483
10.329166666666401,3,True,0.12695340813782796,0.03608667255452156,0.18483554112766082,0.19354314719657167
10.333333333333067,3,True,0.07327401399602279,0.02653129161679458,0.18400900351168464,0.17105295478911425
10.337499999999734,3,True,0.09099071532183994,0.025179711397690065,0.18313865533700777,0.1789814126207145
10.3416666666664,3,True,0.21297084084063192,0.03941280236092148,0.18222453698508065,0.19720213995499422
10.345833333333067,3,True,0.08883229056879036,0.03580455476308694,0.1813347913855607,0.1815612934730272
10.349999999999733,3,True,0.11305752357866156,0.02601345324059805,0.18048935628285498,0.17918227280636903
10.3541666666664,3,True,0.08160064362641543,0.04999729233867204,0.17919069102692592,0.16751179237228722
10.358333333333066,3,True,0.057629397767365,0.05600696941243401,0.17835230549747952,0.16444523771202474
10.362499999999732,3,True,0.13345140315620968,0.034722681602263744,0.17753836438492068,0.18537726287572767
10.366666666666399,3,True,0.16888921925369899,0.03932592975301682,0.1767741955533493,0.18345484409323004
10.370833333333065,3,True,0.09323886184296586,0.016233917404432398,0.1760251983633112,0.16454920659554917
10.374999999999732,3,True,0.14975200434910868,0.0068000242649407395,0.1752328939348171,0.16986649086487338
10.379166666666398,3,True,0.11243949087094679,0.02413975380395586,0.17442477705655754,0.1814657224190293
10.383333333333065,3,True,0.05592699645829831,0.04164733468465571,0.17363443351729255,0.16884566391108438
10.387499999999731,3,True,0.150508065031018,0.046765357769761325,0.17288971718544013,0.17820458402321043
10.391666666666397,3,True,0.08047173379567121,0.015220157645483328,0.17217686700754165,0.17715780562505354
10.395833333333064,3,True,0.0724929749015052,0.05458901594220101,0.17147526162911345,0.17381692399365364
10.39999999999973,3,True,0.15401879902305374,0.05876838740056161,0.1707383803129939,0.15181424997575613
10.404166666666397,3,True,0.07784192956898806,0.07784044745215216,0.16963022651059378,0.1688493999164815
10.408333333333063,3,True,0.07748090768117992,0.03961886116876696,0.16893334676908964,0.1873847366560349
10.41249999999973,3,True,0.10150617032368593,0.023059272826461388,0.16824645858649367,0.16285975693695634
10.416666666666396,3,True,0.10122997213079031,0.013786700683634781,0.1675252646575209,0.1768775284844697
10.420833333333062,3,True,0.09071368945819835,0.047017740782034446,0.16679179011740813,0.14366029636371103
10.424999999999729,3,True,0.11096024349435651,0.023406133594215266,0.16608252710924074,0.16663864201515152
10.429166666666395,3,True,0.16532895325793695,0.01397757475583903,0.16536935779321835,0.15834988673761366
10.433333333333062,3,True,0.07113259175901876,0.00814666071218278,0.16468683142918608,0.16850563908189323
10.437499999999728,3,True,0.06561663231599495,0.06284876824856095,0.16399161054050193,0.16759450476062976
10.441666666666395,3,True,0.1474493800451521,0.019028945279295224,0.16327321524205243,0.16997440255491572
10.445833333333061,3,True,0.06980934023359849,0.034815929118348674,0.16257652184644056,0.16431110909553467
10.449999999999728,3,True,0.1701611863678505,0.04970836272596074,0.16186268048990773,0.14285052916415214
10.454166666666394,3,True,0.1847484676940469,0.053029752845367546,0.16082006466346943,0.19537624112216567
10.45833333333306,3,True,0.1878003308907225,0.039503323033102535,0.16011095316025525,0.1641333037227723
10.462499999999727,3,True,0.09573529732162817,0.020575701380529148,0.15943003427359012,0.17970495064255362
10.466666666666393,3,True,0.0604451047476022,0.03427819286013637,0.15878177322310683,0.17798099024394462
10.47083333333306,3,True,0.08985189057999586,0.04390374157074027,0.1581545119171437,0.1582762860248882
10.474999999999726,3,True,0.10719045119856917,0.045509150630820824,0.1575105635650304,0.16777648689042454
10.479166666666393,3,True,0.10567771253095005,0.03751705701165697,0.156843049999973,0.15318338643942964
10.483333333333059,3,True,0.11066903724657358,0.02322499549616587,0.15619233140210456,0.15809471365046818
10.487499999999725,3,True,0.17619879535996522,0.023351893592652852,0.15554929191678055,0.14905772455811028
10.491666666666392,3,True,0.19363615820486652,0.06585061543476746,0.1549162941551651,0.13587292970407544
10.495833333333058,4,True,0.04792569835528806,0.0161631784505488,0.1542578785925618,0.15744220496522443
10.499999999999725,3,True,0.09486106751236777,0.011093468509676642,0.1536159803663838,0.1571610788709104
10.504166666666391,3,True,0.08685431986534846,0.026627867246509274,0.15267994625323153,0.14449559610726334
10.508333333333058,3,True,0.14070970245107356,0.041756130000641524,0.15208344530519757,0.14352963659579582
10.512499999999724,3,True,0.15512549272886497,0.051176704625198924,0.15149123155538682,0.14107872599654203
10.51666666666639,3,True,0.07830726726150115,0.012206873670819131,0.1508740411354889,0.15582724689324687
10.520833333333057,3,True,0.09939497642329144,0.04489334366455054,0.15024951065771427,0.151815753454539
10.524999999999723,3,True,0.33330830857356875,0.076440015089821,0.14963956779730034,0.16031319663788052
10.52916666666639,3,True,0.11490236228955568,0.04424522202078839,0.14904230426641987,0.14918100040106824
10.533333333333056,3,True,0.1300607376636502,0.034612231457809485,0.14843033189827137,0.136242475365388
10.537499999999723,3,True,0.19056653669153575,0.07173405083708723,0.14781028644552838,0.13791129231597882
10.541666666666389,3,True,0.08099687895734177,0.04406377388967546,0.14720505669838344,0.1391469980890355
10.545833333333055,3,True,0.04011232539225051,0.04376607133787222,0.14662242341293547,0.1494830480753216
10.549999999999722,3,True,0.13286136951972582,0.06528216305650444,0.14605548015137798,0.16593710215155916
10.554166666666388,3,True,0.09425710952475007,0.03602211081757402,0.1452194858478394,0.15106872493026496
10.558333333333055,3,True,0.1371862318624014,0.07595248227861501,0.14464108159840244,0.15600852729139694
10.562499999999721,3,True,0.15771455622991215,0.03378048136083164,0.1440583351912663,0.14369560022122674
10.566666666666388,3,True,0.15646176468929363,0.06413648100166716,0.14349525413554284,0.13952565409467352
10.570833333333054,3,True,0.03169610951593948,0.044080015532661665,0.14294588335567782,0.12860240850841387
10.57499999999972,3,True,0.07370894750118712,0.020158415434494776,0.14240750699668595,0.14389410937398597
10.579166666666387,3,True,0.11849684605716622,0.03757196831299987,0.14185658912399893,0.13324872801144322
10.583333333333053,3,True,0.11326581218306979,0.02844876529456821,0.14130041833149193,0.14866268667329507
10.58749999999972,3,True,0.058643318181828365,0.03959512788355313,0.1407612600479824,0.15073113232182805
10.591666666666386,3,True,0.11070132508473875,0.04864840816901375,0.14023250578241728,0.14824493917446005
10.595833333333053,3,True,0.12211429980129451,0.04053592178163786,0.13970470400050114,0.15197411390400156
10.599999999999719,3,True,0.07052477078798053,0.026116719701898,0.13915708885382586,0.15315312073758428
10.604166666666385,3,True,0.06890416191261088,0.01650613687756352,0.13833247648294483,0.12892445864509053
10.608333333333052,3,True,0.1661469034312927,0.09874403532172847,0.13778037422064213,0.14129384523766889
10.612499999999718,3,True,3.383007091115398,1.1205493719852133,0.13722613279739948,-0.566299181208646
10.616666666666385,3,True,0.12757188316238638,0.009463140210237671,0.13666583809467772,0.14570373551374932
10.620833333333051,3,True,0.10717621445509218,0.028690013338335874,0.1361174011693801,0.15698619137163256
10.624999999999718,3,True,0.14047100224064563,0.028323742043765227,0.1355945024967654,0.1421681089281849
10.629166666666384,3,True,0.2220337048380719,0.05865285895486998,0.13508243280217871,0.13182947434991701
10.63333333333305,3,True,0.3086207349081776,0.0757006213702252,0.13457166054568565,0.1501485613242801
10.637499999999717,3,True,0.07197946323638878,0.04044002547556462,0.13404211133152905,0.13011738675780493
10.641666666666383,3,True,0.12249526148689144,0.04816848010286965,0.13350765312914065,0.13189313515133813
10.64583333333305,3,True,0.1341483246161119,0.04268477421450079,0.13298837226766852,0.14996444507954165
10.649999999999716,3,True,0.06379872979466186,0.04966279760374218,0.13245361451069457,0.12350201996494169
10.654166666666383,4,True,0.08875075847072098,0.0520539219541824,0.13166185416554124,0.1318607297055418
10.658333333333049,3,True,0.13335306062977606,0.046950088763347705,0.13113154730096657,0.15772989859906325
10.662499999999715,3,True,0.10243099838760794,0.060731708786454945,0.1306109161092824,0.12922552758985514
10.666666666666382,3,True,0.10912418822278863,0.023981851139468987,0.13010932394104738,0.1375971301255136
10.670833333333048,3,True,0.11852812978340095,0.04797984014301319,0.1296180857009812,0.13143486933427032
10.674999999999715,3,True,0.05209513732803403,0.04903002890699699,0.1291352121739991,0.12888229625320183
10.679166666666381,3,True,0.19301529732836264,0.010894445729550891,0.12864264442906753,0.12999926730815325
10.683333333333048,3,True,0.07537738393837524,0.027002464854316285,0.12814819891536977,0.13875269971773757
10.687499999999714,3,True,0.09230362814513896,0.047774163806011245,0.1276679788147814,0.14590415716761862
10.69166666666638,3,True,0.2299841157417525,0.021332026423475092,0.1271951599527516,0.11196867742830942
10.695833333333047,3,True,0.08449634689754697,0.047322984546271894,0.12672841845407926,0.14267132547115938
10.699999999999713,3,True,0.06242269670649562,0.060935192112685714,0.12625106057264054,0.1455376978968369
10.70416666666638,3,True,0.09243453748776198,0.05347619421528745,0.12553708263795518,0.08442378616130004
10.708333333333046,3,True,0.16885978245292654,0.03963347056388513,0.1250735394468297,0.13693244745653094
10.712499999999713,3,True,0.04758626452468043,0.04448840443949011,0.1246156502686649,0.14255153836452775
10.716666666666379,3,True,0.20017974248252246,0.03426291430324922,0.12415737642502304,0.12609742387413933
10.720833333333045,3,True,0.1544159022845036,0.06450480140561365,0.12368493291892814,0.1240161151794891
10.724999999999712,3,True,0.1343093347796529,0.037584795812392796,0.12322606511633187,0.12306881306195991
10.729166666666378,3,True,0.03508835195346236,0.060589784841012156,0.12277326602946978,0.13755673545130476
10.733333333333045,3,True,0.026075103303604113,0.0310863505057307,0.1223255037559018,0.1492234272364118
10.737499999999711,3,True,0.057229726529347116,0.018246920615825966,0.12188197847778769,0.12970896541028235
10.741666666666378,3,True,0.18028924831950832,0.03253353122550092,0.12142867655031564,0.14811459718969958
10.745833333333044,3,True,0.10427958554046952,0.04178006018638998,0.12098758805526516,0.13135365978076458
10.74999999999971,3,True,0.0728941323431618,0.05062237660530432,0.1205502775809533,0.14582263501516327
10.754166666666377,3,True,0.10917498912779065,0.03656488445374843,0.1198953692337586,0.09733289022760307
10.758333333333043,3,True,0.09765277600372116,0.03122169179314586,0.11944336568179909,0.1069271645989394
10.76249999999971,3,True,0.209395920911612,0.021802127288922356,0.11898683186858178,0.11689693365908356
10.766666666666376,3,True,0.06350544306047827,0.02755887377720526,0.11853925011714611,0.09890298636026516
10.770833333333043,3,True,0.08614302377092667,0.02837346575986173,0.11807980897664172,0.12775090334802172
10.774999999999709,3,True,0.15387843774081772,0.033808153199041596,0.11762507098263303,0.11401887383815347
10.779166666666375,3,True,0.14017373082065243,0.06996215662072353,0.1171667396953931,0.11475137465788066
10.783333333333042,3,True,0.06805509260692723,0.07748362170908372,0.11670762858221581,0.11558899604798938
10.787499999999708,3,True,0.19687828199989985,0.064115824585845,0.11625990641318913,0.12157141188306392
10.791666666666375,3,True,0.15135977796722308,0.0214889527983685,0.11580328891830864,0.11901370545873513
10.795833333333041,3,True,0.08462497548136103,0.037960580159914145,0.11535288199782973,0.13464547305443433
10.799999999999708,3,True,0.14495559319264084,0.017984723860960183,0.11490053937476753,0.12473241027567514
10.804166666666374,3,True,0.0615674019917048,0.03833936648436353,0.11424716781161187,0.11999748434685387
10.80833333333304,3,True,0.06097199777986541,0.039854317299997666,0.11382412862090731,0.10785628772141719
10.812499999999707,3,True,0.16904469662798297,0.04531249876206079,0.1134065003693944,0.0972570700983314
10.816666666666373,3,True,0.140272588165969,0.027285460553217015,0.11298954925821324,0.1032012395040973
10.82083333333304,3,True,0.25958379194344433,0.06461717667315851,0.11256290759366114,0.1239289090588468
10.824999999999706,3,True,0.17341084724984845,0.0933433380089583,0.11215113986553002,0.09487730116178594
10.829166666666373,3,True,0.02358598518206889,0.03399967435206729,0.11174353823087585,0.10558334803277353
10.833333333333039,3,True,0.08159545028305232,0.029591993940173002,0.11133947301463795,0.09518303456756058
10.837499999999705,3,True,0.08844425558102785,0.023753173592501564,0.11093845531251498,0.1289784731569642
10.841666666666372,3,True,0.24910786946834698,0.055711532503669975,0.11053026649867793,0.12257961322530916
10.845833333333038,3,True,0.11889454998217787,0.03426679690866366,0.11013413998491155,0.11909897609231446
10.849999999999705,3,True,0.134700661300111,0.039316051969693774,0.10974020491641878,0.10644649964381346
10.854166666666371,3,True,0.2348304766665154,0.0335725887727582,0.10915301464518452,0.09050468448284972
10.858333333333038,3,True,0.0769916090531292,0.05759998125437536,0.10875417517617861,0.09954887675770122
10.862499999999704,3,True,0.03492169311072484,0.02874097725661753,0.1083562074069336,0.10903755153156723
10.86666666666637,3,True,0.03230747327096216,0.04807865562907511,0.10796742270376707,0.11591525449592849
10.870833333333037,3,True,0.08153629540746947,0.07672900074682391,0.10758088963990284,0.11765978465294585
10.874999999999703,3,True,0.05954268056042959,0.023689955486690412,0.10719640196191649,0.09549439780110744
10.87916666666637,3,True,0.1567597466562063,0.021931706748037117,0.10681379807810623,0.10516509846171695
10.883333333333036,3,True,0.06968967642403198,0.023768472052316608,0.10643299709203664,0.11374003551425291
10.887499999999703,3,True,0.07920542720883546,0.07386762724964296,0.10605853911621249,0.11712684825381538
10.891666666666369,3,True,0.11057226781438798,0.03115153536192438,0.10568457155547475,0.09846888635046377
10.895833333333035,3,True,0.0324645588889052,0.05378696822806942,0.10530158257684058,0.11899106078608099
10.899999999999702,3,True,0.09348641301043906,0.07676031785105722,0.10491875843825701,0.1026317184716115
10.904166666666368,3,True,0.07420193448835165,0.0345280022471692,0.10435336664748215,0.10139629065375834
10.908333333333035,3,True,0.18982170060338058,0.05088649589535822,0.10398224195433456,0.10918539652374093
10.912499999999701,3,True,0.12617717011749574,0.014128568661295401,0.10361251809222297,0.11296170294172227
10.916666666666368,3,True,0.11449695258503516,0.022103531942073984,0.10324152831512107,0.11936013594187095
10.920833333333034,3,True,0.22421698421433978,0.028097170094082705,0.10286277100650741,0.10195338841469566
10.9249999999997,3,True,0.1364919092944562,0.0321705667727453,0.10248594699537923,0.10793075309969542
10.929166666666367,3,True,0.04072726384002723,0.09669643543891851,0.10210512984269174,0.12045991310665684
10.933333333333033,3,True,0.16418486856780304,0.01897592414468288,0.10172649385762476,0.09908929744894741
10.9374999999997,3,True,0.21896250804686096,0.04632996787505585,0.10134498117746583,0.09477077436370739
10.941666666666366,3,True,0.14622190211749297,0.024818449129780446,0.10096715307148356,0.10393318438363576
10.945833333333033,4,True,0.09049114436109713,0.021392451684604723,0.10060193994582937,0.10420206225373854
10.949999999999699,3,True,0.15315614574566214,0.03913429841747799,0.10023949852978928,0.07901239500516806
10.954166666666366,3,True,0.07700892989780019,0.06076945324550387,0.09970030023018094,0.10123103899726385
10.958333333333032,3,True,0.033194618965095395,0.01630301952073034,0.0993413481029198,0.08348978786486377
10.962499999999698,3,True,0.08424670518652731,0.02514816701852189,0.09898368412228833,0.1030578961494412
10.966666666666365,3,True,0.1417757910507791,0.03860094102458379,0.09863251052508253,0.10841659775772947
10.970833333333031,3,True,0.11416428169961583,0.02222721023893291,0.09828246636818376,0.08564435803031548
10.974999999999698,3,True,0.12421632123919991,0.03020438934543588,0.09793357428947642,0.09524528028036049
10.979166666666364,3,True,0.18569205914758927,0.034282868100452245,0.09758395821885209,0.0944605178329963
10.98333333333303,3,True,0.19783524974060077,0.058600111958341264,0.09723534318559247,0.09121231199802873
10.987499999999697,3,True,3.3635658658573773,1.0822777002310935,0.09689242787891945,1.0302487183972622
10.991666666666363,3,True,0.21298239616346934,0.04108169053429935,0.0965501454298129,0.08189844596839285
10.99583333333303,3,True,0.06003720451584099,0.04527783319592372,0.09620862664109271,0.0991556416524154
10.999999999999696,3,True,0.1250437293414595,0.04906138468349072,0.09586627897352873,0.11547097206432973
11.004166666666363,3,True,0.223271717929557,0.06779813099439967,0.09535713187853637,0.0876924418649115
11.008333333333029,3,True,0.14999079120759096,0.09146474133661966,0.09502140841481112,0.12901114404951833
11.012499999999696,3,True,0.12508163504107833,0.0446486819510552,0.09468617315936806,0.09077303066274828
11.016666666666362,3,True,0.10852369913375937,0.0211266402061052,0.09435158412953946,0.10317095860627001
11.020833333333028,3,True,0.11188901385345636,0.04352214278512049,0.09401349020094886,0.09938458767819339
11.024999999999695,3,True,0.22791943272579998,0.040561499695796976,0.09368423055615985,0.08784613918867076
11.029166666666361,3,True,0.09916535263225673,0.02905623412292067,0.09335505031374094,0.09211852531186673
11.033333333333028,3,True,0.11601435299019468,0.039144549692814584,0.0930261979037409,0.06819450096554956
11.037499999999694,3,True,0.08306144428342521,0.06529008024353071,0.09269786321297513,0.1039729427041303
11.04166666666636,3,True,0.06937275926619346,0.025741510862874455,0.09236649384466517,0.068741613048122
11.045833333333027,3,True,0.0552693494631797,0.022411301107987072,0.09204381886031937,0.0886758503870527
11.049999999999693,3,True,0.08824327916290203,0.026898064086691237,0.09172103264121559,0.1009209938519967
11.05416666666636,3,True,0.032373042779874385,0.04600454666534526,0.09123725420652712,0.08051807706720553
11.058333333333026,3,True,0.2730960890302791,0.07430413245581864,0.09091530359124429,0.09526198413986948
11.062499999999693,3,True,0.28216410524160274,0.08050735087885696,0.09059611879337642,0.11312574037779825
11.06666666666636,3,True,0.05357126945877807,0.04038488012353848,0.09028081428971106,0.08778186796205902
11.070833333333026,3,True,0.09883469703460498,0.04837455923400014,0.08996512461648229,0.07745282491067441
11.074999999999692,3,True,0.09830473892516782,0.03496556495610011,0.08964939332366391,0.10072574520125202
11.079166666666358,3,True,0.1279006388202454,0.013220744438206582,0.0893310760751041,0.09111614866205558
11.083333333333025,3,True,0.10046656394034761,0.06932367154857139,0.08901171553791787,0.05757109473483214
11.087499999999691,3,True,0.08003299559064467,0.05586001697401611,0.0886939287087907,0.08485461442343774
11.091666666666358,3,True,0.07087272399669291,0.03327195871965881,0.08837356276003892,0.09794351154356733
11.095833333333024,3,True,0.18394268637105274,0.04027756290789082,0.08805438016293521,0.09499997880488821
11.09999999999969,3,True,0.17039852192436633,0.023730621998961195,0.08773681519685121,0.0871774260786746
11.104166666666357,3,True,5.808124115603191,2.1574862693043726,0.0872621327265168,0.8776779049873091
11.108333333333023,3,True,0.048394117627073636,0.019883628156786896,0.08694619045591176,0.09494243592650274
11.11249999999969,3,True,0.11011206207570445,0.03299633971124656,0.08663195537818896,0.11731952379235618
11.116666666666356,3,True,0.043932403920096806,0.036962537155919135,0.08631829705411677,0.07524641485981362
11.120833333333023,3,True,0.2884011106420546,0.06804565176850609,0.08600707723823807,0.09031547452277297
11.12499999999969,3,True,0.11719297073624806,0.0262511871571326,0.08570578034996731,0.08175747169481201
11.129166666666356,4,True,0.20815248867582303,0.04996006960445654,0.08540457027465036,0.08438720762160344
11.133333333333022,3,True,0.10352283309061071,0.04758509246128767,0.0851036709292159,0.06637277943813198
11.137499999999688,3,True,0.10941074222918065,0.0412965637060734,0.08480279178890358,0.09025618766295078
11.141666666666355,3,True,0.10280127310010208,0.03011392081773653,0.0845014520121481,0.08461231578179484
11.145833333333021,3,True,3.583567667596729,1.3471484764558712,0.08420108144255875,0.34050844044195006
11.149999999999688,2,False,nan,nan,0.0839011340064031,nan
11.154166666666354,3,True,0.08526996394958918,0.0453868896732794,0.08345241296792358,0.08179535142271303
11.15833333333302,3,True,0.20782178040763355,0.07672078831041822,0.0831544030538586,0.07532479318942766
11.162499999999687,3,True,0.17995626863313768,0.05801887686020229,0.0828620537415502,0.09060970693140441
11.166666666666353,3,True,3.0097732699493616,1.0346655157512388,0.08257377398954707,0.6803992804841779
11.17083333333302,3,True,0.09867493199519188,0.03741938469830245,0.08228511514863002,0.07316695648972767
11.174999999999686,3,True,0.09792323545265354,0.009069955988569496,0.08199639801100626,0.07530851844092798
11.179166666666353,3,True,0.09405683218821868,0.03794394431162993,0.08170776129236448,0.0862925035049631
11.18333333333302,3,True,0.08362528583892273,0.041219652044177914,0.08142393293283262,0.0952960307185733
11.187499999999686,3,True,0.11798351969236104,0.052935389704729316,0.0811435375290931,0.07593315675559527
11.191666666666352,4,True,0.05221679983081669,0.03252901876215576,0.0808621037461871,0.07178320478422275
11.195833333333018,3,True,0.026309015516761607,0.01493577191337332,0.08058009871122238,0.08055815478182908
11.199999999999685,3,True,0.12290445109621356,0.06079704926945107,0.08029788157654019,0.0826377980992882
11.204166666666351,3,True,0.10800777631768929,0.011449347551456154,0.07988303358154863,0.0854068198987529
11.208333333333018,3,True,0.05653622363113345,0.030675607535129424,0.0796076835327673,0.07557221055907609
11.212499999999684,3,True,0.11256297378743106,0.07808098612088046,0.07933137433444122,0.07537214637687366
11.21666666666635,3,True,0.08102596074476116,0.011394382482248017,0.07905454990256551,0.07996147342675257
11.220833333333017,3,True,0.1911320438760431,0.04487789599750764,0.07877827028903872,0.09732639410375869
11.224999999999683,3,True,0.12849142796335447,0.08198886033760994,0.07851091714741903,0.078379035102778
11.22916666666635,4,True,0.12556641532530782,0.04120595670832091,0.07824164896901133,0.08165508103431639
11.233333333333016,3,True,0.15932391881552596,0.08996332805227975,0.077971125496327,0.09105057288834074
11.237499999999683,3,True,0.17973601625349822,0.03731711744942351,0.07769985460269907,0.09589830541947435
11.24166666666635,3,True,0.2096756887996152,0.04438904404057944,0.07742857099286188,0.08214399133497559
11.245833333333016,3,True,0.11009788133708509,0.061510334063753155,0.07716591299794856,0.05968036552366499
11.249999999999682,3,True,0.09765277675459909,0.03662745923575065,0.07690134594674113,0.08246511008291121
11.254166666666348,3,True,0.06976474320035543,0.010386085630620257,0.07650230461920292,0.07953274808957222
11.258333333333015,3,True,0.070964178980711,0.06476273786746745,0.07623597852355114,0.06540139469375478
11.262499999999681,3,True,0.13743117823136708,0.037118261336285104,0.07597099469867803,0.08740725545159778
11.266666666666348,3,True,0.09162665039192876,0.07935060870055453,0.07570913720429744,0.07087686561982143
11.270833333333014,3,True,0.0679747220789211,0.06142353834523429,0.07544636314030106,0.07198249805708197
11.27499999999968,3,True,0.22344733154487312,0.03750843824168688,0.07518309609608075,0.09608870664455975
11.279166666666347,3,True,0.14219491547875146,0.04601663998935401,0.07492165815156791,0.07666715860702183
11.283333333333013,3,True,0.2610545426260286,0.044080270094905456,0.07466542406045054,0.07048696644863181
11.28749999999968,3,True,0.050541587094251536,0.04280638153683163,0.07441208157841837,0.07753203337424905
11.291666666666346,3,True,0.18015918788755372,0.015647713806828466,0.07415691054890743,0.06821239559510338
11.295833333333013,3,True,0.0816773533369431,0.08259665097115963,0.07390053887547218,0.058294558775715405
11.29999999999968,3,True,0.1088450522873908,0.034196435007426675,0.07364345005960597,0.07523915000334802
11.304166666666346,3,True,0.2053813069103285,0.04861563996410801,0.0732682437906648,0.05959286093092451
11.308333333333012,3,True,0.09211505539159907,0.0934488105051162,0.07301870710372349,0.09821203712426839
11.312499999999678,3,True,0.24430392315032276,0.01989688145615785,0.07276759186298222,0.08962591436722858
11.316666666666345,3,True,0.18802566960597455,0.04261072450767979,0.07251546451307957,0.06022792005247079
11.320833333333011,4,True,0.14182266184200187,0.04277892847596032,0.07226539672801914,0.0849213015180851
11.324999999999678,3,True,0.09024755534112966,0.04010798128671769,0.07202524789677776,0.06688019671311739
11.329166666666344,3,True,0.15150886151148682,0.043605496223873365,0.07178216121176553,0.07995370960641433
11.33333333333301,3,True,0.17864018339806095,0.026128381043705746,0.07153701102053533,0.08078773791393223
11.337499999999677,3,True,0.12942250311300219,0.053950492516577915,0.07129047106122788,0.0594656586213462
11.341666666666343,3,True,0.06242263067532872,0.03479799844462103,0.07104306032632332,0.06900338948006611
11.34583333333301,3,True,0.14294454149052732,0.024041157689098914,0.07080430159629933,0.08988391875335945
11.349999999999676,3,True,0.06742897397799445,0.02832474710536632,0.07056327198486664,0.07554167334882768
11.354166666666343,3,True,0.021327298370479638,0.03598743218123229,0.07019899431795833,0.06784383643202287
11.35833333333301,3,True,0.15572208453261283,0.049106467770187595,0.06995841776451762,0.09684566462341114
11.362499999999676,3,True,0.05520859652813376,0.041757078489000024,0.06972080725903822,0.07012408813619618
11.366666666666342,3,True,0.15131610498276743,0.09802003360801684,0.06948153636474567,0.04930367038885941
11.370833333333008,3,True,0.11294785340460661,0.022992014701364517,0.06924409879544145,0.06522207036178251
11.374999999999675,3,True,0.14472630225667815,0.052132486845394656,0.06900669238708798,0.08507918444360783
11.379166666666341,3,True,0.03364817814654177,0.023718744146226732,0.06877234082667563,0.07805857315297617
11.383333333333008,3,True,0.14038558754891356,0.06149548235985291,0.06853634491153415,0.07308247532069437
11.387499999999674,3,True,0.07495381039587724,0.04331981634221689,0.06830479040032836,0.05032181747328503
11.39166666666634,3,True,0.0687332236198344,0.03598622997977476,0.068071325499842,0.07697898391600899
11.395833333333007,3,True,0.09699875468410353,0.07416983218523748,0.06783792200659915,0.056467678583602784
11.399999999999674,3,True,0.11444065631538688,0.055964559902623494,0.06760763227761209,0.08035699415820197
11.40416666666634,3,True,0.10267993084991328,0.03914685038355646,0.0672695809075262,0.07024368812612695
11.408333333333006,3,True,0.08524852867866145,0.04477717302456271,0.06704411240075091,0.07890211120768295
11.412499999999673,3,True,0.06285633233972049,0.06490482477397952,0.0668163525613371,0.03544109752074181
11.41666666666634,3,True,0.10437872768740279,0.06790724383853397,0.06658701342362466,0.06841130592247084
11.420833333333006,3,True,0.09702526329872363,0.08500099318496163,0.06636070589321919,0.055812227916259366
11.424999999999672,3,True,0.06058435159877284,0.07042816004891621,0.06613778407853994,0.06926030672381064
11.429166666666339,3,True,0.03566491445565677,0.026852066485639512,0.06591580514440407,0.05054415596114873
11.433333333333005,3,True,0.21404058931861586,0.07765995894320919,0.06569164325260797,0.07305176146525773
11.437499999999671,3,True,0.38254260600841844,0.11104028593324775,0.06546742375827536,0.06858700195137003
11.441666666666338,3,True,0.07867522612958919,0.06679732313520494,0.06524645367475697,0.064325777087312
11.445833333333004,3,True,0.05504687016108021,0.057962262637260994,0.06502713073659486,0.03662821422907882
11.44999999999967,3,True,0.0722721944817498,0.01551798340722947,0.06480882077779598,0.06289959458198237
11.454166666666337,3,True,0.1803118164482493,0.028160313134640222,0.06447916033110242,0.05138644070061921
11.458333333333004,3,True,0.0686415790244193,0.11313282542923986,0.06426291389238212,0.05591252384576521
11.46249999999967,3,True,0.08649151162811317,0.023255420500479265,0.064050380466759,0.0699179133232351
11.466666666666336,3,True,0.11612855865738445,0.07163907100863282,0.06384015543372906,0.08811497961664187
11.470833333333003,3,True,0.17530348970188012,0.04739805145441229,0.06362671941370515,0.05844776825965838
11.47499999999967,4,True,0.11550195727138467,0.044129796603773364,0.06341098508491248,0.08144273434975018
11.479166666666336,3,True,0.14931298213194302,0.0965813450607378,0.06319515741302043,0.023051650953049386
11.483333333333002,3,True,0.17466118759647806,0.05618661895361701,0.0629827079270619,0.058578616233298526
11.487499999999669,3,True,0.0476891478545195,0.06540740779723539,0.06277102283519671,0.06876650051634964
11.491666666666335,3,True,0.07077191065072545,0.009363965010680807,0.06255975711782044,0.054164337289397395
11.495833333333001,3,True,0.1061135325141021,0.07133715218631274,0.06235017601145421,0.056038374384017785
11.499999999999668,3,True,0.10078602674705221,0.022937728977023803,0.06214014379607637,0.05229829681707509
11.504166666666334,3,True,0.14198387051652153,0.045208840890339004,0.06182923118862335,0.05047682912457628
11.508333333333,3,True,0.10825096119509804,0.06470953371645209,0.06162456741342386,0.052307710643244965
11.512499999999667,3,True,0.11570338417780258,0.026936262336108956,0.06141720236436834,0.06197680193329682
11.516666666666334,3,True,0.06746668840519511,0.06249332243695517,0.06121341173925345,0.06828047539577188
11.520833333333,3,True,0.11070103403252822,0.03486609424346356,0.06100892244395359,0.07408185592996837
11.524999999999666,3,True,0.33447513894391506,0.054331686762164606,0.06081399747664939,0.06864353478983273
11.529166666666333,3,True,0.08216585651476677,0.025127718497328845,0.06061478433844009,0.044677535753157964
11.533333333333,3,True,0.18790783167321987,0.12787481461471673,0.06041243279638056,0.04945732059176468
11.537499999999666,3,True,0.07628797318791602,0.06235298881672027,0.06020782957249546,0.058054248904639984
11.541666666666332,3,True,0.10753762094514487,0.08328493453732565,0.060006707590258196,0.07634610319554537
11.545833333332999,2,False,nan,nan,0.0598051356272817,nan
11.549999999999665,3,True,0.09593140747602748,0.02356773021302759,0.059607250890293166,0.07648742549131106
11.554166666666331,3,True,0.20862789717658,0.07628032461496054,0.05930956042793888,0.05157394768625392
11.558333333332998,3,True,0.10799692534501555,0.02890468495064217,0.059113148956261144,0.07001719770966353
11.562499999999664,3,True,0.03959955211341844,0.09025523688647515,0.05892068213219261,0.052821208012781014
11.56666666666633,3,True,0.18317348189791782,0.08169161420542119,0.05873060765630305,0.04036154090776017
11.570833333332997,3,True,0.1808153167407574,0.07415914833385225,0.05853681340830157,0.049747657789373095
11.574999999999664,3,True,0.1443015295123566,0.08200621535451197,0.058340313345067625,0.055908400605410254
11.57916666666633,3,True,0.0865672977034362,0.04167670876625384,0.058143551851207155,0.0687862419464166
11.583333333332996,3,True,0.2754824133523529,0.0704932774715368,0.05795769239411863,0.08107014966911322
11.587499999999663,3,True,0.08424185746930611,0.028805110637743644,0.05777414078865168,0.05830032389663982
11.59166666666633,3,True,0.03490363538109065,0.059257178818138,0.05758614144005157,0.05708864757860539
11.595833333332996,3,True,0.06494755279456059,0.06372906231975059,0.05739487164439653,0.0779473565608864
11.599999999999662,3,True,0.14121860354733629,0.04274404349272738,0.057201239458975504,0.03467474343643427
11.604166666666329,3,True,0.3413086169373729,0.08326807381619826,0.05692030683484852,0.061023729826580254
11.608333333332995,3,True,0.10732977715951876,0.032185561015187034,0.056733071254922274,0.067300904765177
11.612499999999661,3,True,0.18650768927002453,0.02907857415695332,0.05654307855486794,0.05908268319288873
11.616666666666328,3,True,0.09445303768405289,0.07895539961948517,0.05635673684660758,0.05265992103152429
11.620833333332994,4,True,0.12597389177560256,0.04575793635714509,0.05616969424873784,0.038595945844375854
11.62499999999966,3,True,0.06678661770719217,0.02418649729674221,0.05599329340214987,0.03773537091436791
11.629166666666327,3,True,0.25100349153446033,0.08305134408442161,0.05581223770757736,0.058184824009262434
11.633333333332994,3,True,0.21247901244305586,0.027048760440284304,0.055627746545347065,0.07227339472661362
11.63749999999966,3,True,0.20452497105990577,0.07446848010681845,0.05544076051661381,0.05815825313574664
11.641666666666326,3,True,0.06128749795916884,0.037397447377056754,0.05525721021454703,0.050201115971757006
11.645833333332993,3,True,0.12619462156623212,0.04224823390244009,0.055087568496612116,0.05462535939042689
11.64999999999966,3,True,0.046009006785661305,0.025015600578817104,0.05491244804564734,0.05171232893997262
11.654166666666326,3,True,0.06105975800894627,0.061966528233438664,0.05464247769300272,0.0467520085444751
11.658333333332992,3,True,0.062056255919016666,0.0379332578579404,0.05445912435038116,0.05260332895744945
11.662499999999659,3,True,0.14788895759173787,0.09387007469037117,0.054284517370451306,0.06888919244646925
11.666666666666325,4,True,0.18873812779531163,0.06439041920591662,0.05411282631365403,0.06527107429477533
11.670833333332991,3,True,0.13154016615344283,0.08418011583164371,0.05393691816441684,0.040759741306618455
11.674999999999658,3,True,0.14034503873006368,0.05345125009316993,0.0537579069097978,0.02657994829151594
11.679166666666324,3,True,0.1364879667744608,0.06674525676399098,0.053578318613472065,0.03546144693765449
11.68333333333299,3,True,0.19489458998803702,0.06329987982879404,0.05341018530074233,0.04712058924680977
11.687499999999657,3,True,0.03192208116102471,0.09115212384604543,0.053244617763116626,0.03368885107359441
11.691666666666324,3,True,0.14689719603365528,0.041130415644261724,0.05307412525833819,0.030947657230524783
11.69583333333299,3,True,0.12568754338156743,0.051538618855268004,0.05289998076967765,0.05019742392008114
11.699999999999656,3,True,0.0919281326486457,0.06944487459256136,0.05272316633868637,0.07535645185322029
11.704166666666323,3,True,0.1229523619747112,0.056653596660855544,0.052473556163678346,0.05447048361113944
11.70833333333299,3,True,0.14075183553966547,0.039231077794981244,0.052306376598183824,0.06333984715339404
11.712499999999656,3,True,0.09949248724307277,0.017622740753525823,0.052135402790635665,0.06930430201689627
11.716666666666322,3,True,0.1261373525682986,0.03819153882556899,0.05196164699771169,0.03947679123187828
11.720833333332989,3,True,0.06814533933687059,0.05961353692916559,0.05179112188709224,0.06510724346337604
11.724999999999655,3,True,0.06384081240124574,0.029961381665983722,0.05163544842154542,0.05998728079027787
11.729166666666321,3,True,0.12625715037486354,0.021593142543268277,0.05147387238879919,0.03964491332711317
11.733333333332988,3,True,0.12260787732503263,0.06853287547355404,0.051307885118556495,0.034385341328545996
11.737499999999654,3,True,0.10341002592996688,0.04167274178969495,0.051138637239204934,0.05426602786781295
11.74166666666632,3,True,0.07391706481528869,0.014593623547600106,0.05096865534083299,0.054666733156509925
11.745833333332987,3,True,0.05026151397284913,0.04270068636373831,0.05081334407313447,0.054418598107056265
11.749999999999654,3,True,0.2604746842333378,0.08151796891853079,0.0506527121129025,0.0549542411094438
11.75416666666632,3,True,0.04336454734161466,0.020210767026380565,0.05040466768586723,0.03387598323631962
11.758333333332986,3,True,0.2234886355544845,0.06449888065563342,0.050241427081782905,0.05247733951293888
11.762499999999653,3,True,0.18139192337803262,0.04127592604639496,0.05008153936952616,0.06247098919934858
11.76666666666632,3,True,0.11881038373855933,0.03131173190376842,0.04992111864233439,0.029216221823171074
11.770833333332986,3,True,0.0686331084548534,0.029458302160608834,0.04976003202747918,0.03161090810701009
11.774999999999652,3,True,0.07364646016009901,0.02790255758561629,0.04959770549154205,0.06115571752025324
11.779166666666319,3,True,0.06998525398776555,0.017165633490008665,0.04944108788836901,0.03344796189629966
11.783333333332985,3,True,0.0650413470617786,0.040389371038400186,0.049282768799352436,0.06359985914686966
11.787499999999651,3,True,0.19411021195094086,0.02545877569074157,0.0491240946559898,0.04011902397917006
11.791666666666318,3,True,0.11559925873875751,0.0326648841059936,0.04896490324494893,0.03458860923742511
11.795833333332984,3,True,0.05012637504520031,0.07524801897936247,0.04880911646819049,0.06575230597341261
11.79999999999965,3,True,0.0853978415457968,0.02907302486876095,0.048651863786559314,0.04420452266039037
11.804166666666317,2,False,nan,nan,0.04841971362266701,nan
11.808333333332984,3,True,0.15177046053923857,0.06847255702462873,0.048265733725582155,0.04355514752343504
11.81249999999965,3,True,0.16251116503423016,0.062294755765604885,0.04810818827264199,0.044477126160595924
11.816666666666316,4,True,0.11221317462557925,0.04373663649450063,0.04795378262917345,0.06441861825130984
11.820833333332983,3,True,0.10869694100937304,0.043691962032260105,0.04780283682746964,0.03390321439553401
11.82499999999965,3,True,0.19228804454379905,0.013482307712524795,0.04764800099659515,0.04089172141007581
11.829166666666316,3,True,0.09943613759633997,0.01623726627200564,0.04749919032748286,0.05832631809611633
11.833333333332982,3,True,0.10488756723669256,0.03980974067577008,0.0473490310833706,0.04494421811801757
11.837499999999649,3,True,0.04037642287040117,0.05350693293597313,0.04719516834995289,0.06224066319245096
11.841666666666315,3,True,0.1632497659381038,0.04671070849872992,0.047044027180749536,0.03923553670310791
11.845833333332981,3,True,0.2857566876489327,0.04103140021878254,0.04690685177410061,0.053193311240615195
11.849999999999648,3,True,0.12650191702883734,0.02401644152982195,0.0467633401837671,0.026704466369170666
11.854166666666314,3,True,0.06864617513260143,0.013372576255141969,0.04653954074059268,0.04514201372595592
11.85833333333298,3,True,0.1494792357057147,0.05163899412872612,0.04638803224182934,0.05457469279153291
11.862499999999647,3,True,0.11168875210258995,0.06518454297294585,0.046247739279459014,0.0255865540633865
11.866666666666314,3,True,0.12043839399640932,0.012745473862154926,0.04610972455515787,0.05491078768087816
11.87083333333298,3,True,0.2390628466020336,0.06712347617776765,0.04596621360486239,0.058089345533463115
11.874999999999647,3,True,0.12812853181164777,0.05325798626317104,0.0458185891200469,0.03145021180517924
11.879166666666313,3,True,0.11407658294419384,0.028897511952183045,0.045669632198346403,0.044330341573274055
11.88333333333298,3,True,0.16882820618811972,0.08207117608949653,0.04553215499957009,0.08383918591753393
11.887499999999646,3,True,0.19384776091660808,0.028483622972045413,0.04539711197052475,0.048620180770067196
11.891666666666312,3,True,0.04671364680229513,0.03602469821186118,0.045256465128168395,0.042652507871501814
11.895833333332979,3,True,0.12383825006367119,0.030462101081706848,0.04511161955732289,0.039884987147935064
11.899999999999645,3,True,0.08307531745577353,0.03282831308449238,0.04496537811205119,0.04789749351981971
11.904166666666312,3,True,0.10007128695459575,0.01735890647602862,0.04476567481361432,0.04403690786901787
11.908333333332978,3,True,0.17647993231409714,0.06657147994328858,0.044630620204123866,0.05502574772152409
11.912499999999644,3,True,0.23473535588448036,0.0873557629764366,0.04449058497523728,0.061097015456238454
11.91666666666631,3,True,0.028435004362872596,0.040941256202355746,0.04434861429518406,0.01259130121867773
11.920833333332977,3,True,0.14806182981620197,0.009378428484174733,0.04421157521093206,0.04430125653500078
11.924999999999644,3,True,0.09950142940930756,0.03770805973958591,0.04407249512430082,0.05972892865197444
11.92916666666631,3,True,0.024896249094264414,0.043913593290735374,0.043935791834276816,0.056001710764735035
11.933333333332977,3,True,0.1513763391136613,0.022093103433230232,0.04379977452193919,0.056508515840039325
11.937499999999643,3,True,0.2380952295631759,0.019547226692392766,0.04366163095225327,0.04829069492594311
11.94166666666631,3,True,0.15799059978653204,0.0817751127516665,0.043528598711569014,0.0395592638465169
11.945833333332976,3,True,0.06559216787810292,0.030969106341516457,0.043393242998952426,0.04124975091429642
11.949999999999642,3,True,0.11484072395217942,0.05415920011915674,0.043256473118052155,0.04891622058022211
11.954166666666309,3,True,0.11984295842416924,0.037626213685047864,0.04305783535489963,0.044776952489490984
11.958333333332975,3,True,0.07408836138158165,0.007265376556453377,0.04292282518544496,0.04302715539504276
11.962499999999642,3,True,0.08735083693152484,0.02806180068848599,0.04279689282585807,0.037868799665437214
11.966666666666308,3,True,0.0815254834273514,0.05102060870763159,0.042673409609822355,0.04572074129690698
11.970833333332974,3,True,0.09702974518696963,0.09855780039964594,0.04254386453436238,0.059733608164178956
11.97499999999964,3,True,0.2591960592585187,0.08181687826846032,0.042409759239686304,0.03435304254638561
11.979166666666307,3,True,0.23314207395744385,0.04824095013711055,0.04227779937093207,0.031566190637186194
11.983333333332974,3,True,0.08364948489399868,0.06316249177640129,0.042158867192081166,0.04397918413436814
11.98749999999964,3,True,0.18663623283896721,0.034850133756123135,0.042042271015620365,0.027871223484785098
11.991666666666307,3,True,0.15510916861011795,0.019626703254250047,0.041918538121170225,0.04264221169050247
11.995833333332973,3,True,0.1543404480237022,0.08398440095044296,0.0417894132810913,0.02438210559516323
11.99999999999964,3,True,0.1147731044442471,0.04005975332570584,0.041657976894823145,0.04264196281919779
12.004166666666306,3,True,0.21918382093387553,0.08035788660818304,0.04148188774877534,0.05733601277933594
12.008333333332972,3,True,0.1046313048011178,0.03810005308466543,0.04136216888515343,0.05387881772546538
12.012499999999639,3,True,0.09412163252173893,0.014207534460939038,0.041236583516333455,0.029890852226468246
12.016666666666305,3,True,0.13104632022057636,0.05276131327053047,0.041112413932704435,0.039509640032330734
12.020833333332972,3,True,0.31748380135841314,0.09722567124223043,0.04099037430343003,0.04647502325503561
12.024999999999638,3,True,0.17784953956670504,0.04573248116350909,0.040867703630635466,0.029091468684723648
12.029166666666304,3,True,0.0670237150501552,0.03803852684489195,0.04074410658174541,0.03565088519909197
12.03333333333297,3,True,0.2628234947333611,0.05315626056793396,0.04062315684385487,0.0508285111899186
12.037499999999637,3,True,0.025099302964076056,0.0768774977513526,0.040499563509852045,0.07500904459902903
12.041666666666304,3,True,0.20605192831773003,0.08189314623400037,0.04037768189130578,0.023687199337974536
12.04583333333297,3,True,0.07690742423982097,0.008472225918158311,0.04025782681133754,0.03463481637828507
12.049999999999637,3,True,0.11111129972029975,0.09600407161245605,0.0401370475404371,0.05000367037853777
12.054166666666303,3,True,0.06678771937000223,0.05352311830881663,0.039953924583979,0.057477466387427296
12.05833333333297,3,True,0.066704106247481,0.06643993202122879,0.03983572720304497,0.05443418142923871
12.062499999999636,3,True,0.11967295153226076,0.07699513248275067,0.03972067969146196,0.057657655548419506
12.066666666666302,3,True,0.12065324205113515,0.03479393016946575,0.03960715180532941,0.03811836994167223
12.070833333332969,3,True,0.10364028952016702,0.03074102640255222,0.0394877527195154,0.03589381403865799
12.074999999999635,3,True,0.05292392338502617,0.07557567615463312,0.03936581870153485,0.03193182192888315
12.079166666666302,3,True,0.038974354002236596,0.07837046214716475,0.0392486237047586,0.01962680767949012
12.083333333332968,3,True,0.12086310989306677,0.0356597436138583,0.03913403424417623,0.03628442141630505
12.087499999999634,3,True,0.03834757307056524,0.051999575977268314,0.03901744553211089,0.05761450563495373
12.0916666666663,3,True,0.1879310740092345,0.10131394810384536,0.038905295421522865,0.03199211409472935
12.095833333332967,3,True,0.11490444738559438,0.08786679210420728,0.038787524923359885,0.03995967603336854
12.099999999999634,3,True,0.2304543558599723,0.038440816703017903,0.03867142442442797,0.03320616908496385
12.1041666666663,4,True,0.09110454738913835,0.021881782534844536,0.03852196340917784,0.05914579577691748
12.108333333332967,4,True,0.06775808298018607,0.031363313112597,0.03841905306861024,0.05564568149476522
12.112499999999633,4,True,0.07769417016227494,0.028446839798491715,0.03830878885657716,0.031810206373269714
12.1166666666663,4,True,0.08158948332196776,0.03560939121126599,0.038194761250727904,0.04134027119059435
12.120833333332966,4,True,0.12344970883878008,0.04523453181024971,0.03808432119033904,0.04004150069504666
12.124999999999632,4,True,0.10022325382521413,0.05408090808156525,0.037994674903646254,0.0410848009423879
12.129166666666299,4,True,0.20589509270699313,0.050754700890043095,0.037894962372736526,0.024845711341085392
12.133333333332965,4,True,0.18975884598611065,0.039955492328449145,0.03778758407748795,0.038575232982982814
12.137499999999632,4,True,0.025628146251584587,0.06087568194998934,0.0376762016874081,0.04611727562621766
12.141666666666298,4,True,0.031983648263998785,0.03774250305616064,0.03756822896724959,0.06232282479787255
12.145833333332964,4,True,0.12507083849139547,0.03447782000586081,0.03748172848362359,0.057957963329990696
12.14999999999963,4,True,0.14035781920356977,0.035724812089815434,0.03738485227217532,0.030172457683784838
12.154166666666297,4,True,0.062204647187654574,0.008841946992163742,0.0372272329139919,0.037823689675554106
12.158333333332964,4,True,0.07500409347590031,0.024088349606621446,0.03712403567685406,0.02563753574758484
12.16249999999963,4,True,0.10677623847218874,0.036187949810432,0.03702198039425538,0.023064324646570683
12.166666666666297,4,True,0.12109060796516026,0.019000876284750754,0.03691674984386477,0.04695959113379554
12.170833333332963,4,True,0.10348330779383882,0.03928486925249307,0.03681505431713128,0.026237495665940514
12.17499999999963,4,True,0.0766538619322669,0.03404714098863436,0.03670916187566925,0.0347430351303078
12.179166666666296,4,True,0.09208134436138872,0.041568735385088464,0.03660719264723541,0.041750740421349894
12.183333333332962,4,True,0.0927373738905337,0.043775144343540774,0.0365014795698785,0.043182676700844955
12.187499999999629,4,True,0.07763540241642211,0.04112183817424912,0.03639892301374391,0.04834448091772272
12.191666666666295,4,True,0.1259069151741007,0.033442903174206874,0.036292942741019844,0.03462852059804631
12.195833333332962,4,True,0.09618569189528292,0.024037190041937998,0.03619203417493925,0.04946190368431055
12.199999999999628,4,True,0.058897595299493545,0.029033876096020355,0.03608763869120094,0.02429589332501078
12.204166666666294,4,True,0.05371254253418832,0.05704466364958775,0.0359515854062082,0.035270493558723
12.208333333332961,4,True,0.14128796347819284,0.019684484048231726,0.035858013385891785,0.03518365930789258
12.212499999999627,4,True,0.12913277298351958,0.03693190687488516,0.03575906129451114,0.042818217100284446
12.216666666666294,4,True,0.06568111258500667,0.04148157969657318,0.035663022731753445,0.051012819340196226
12.22083333333296,4,True,0.043927526603408866,0.028656191010509157,0.03556794411576258,0.03185067865959561
12.224999999999627,4,True,0.13439268640069071,0.04070131582803696,0.03547046578671046,0.03170514653012763
12.229166666666293,4,True,0.12813393234589351,0.0557561549249263,0.035373650648411595,0.02612957556248768
12.23333333333296,4,True,0.20877048027640122,0.02755451835125972,0.03527558007312471,0.025219696564200183
12.237499999999626,4,True,0.1656471217681663,0.032416988740976795,0.035178782552919056,0.036930198698985985
12.241666666666292,4,True,0.13879643398045116,0.042873111543876234,0.03507778897369498,0.029933980499435554
12.245833333332959,4,True,0.05322989159198242,0.024731014191843863,0.03499966883235493,0.053228959325408304
12.249999999999625,4,True,0.08142764042550572,0.047805658040693755,0.03491125407493424,0.03163076681236813
12.254166666666292,4,True,0.05913731241592603,0.04557920284224459,0.03477848183133498,0.013632555354927745
12.258333333332958,4,True,0.1204636376680724,0.029823868240514924,0.03468528845568105,0.020051074773458504
12.262499999999624,4,True,0.07320573596273561,0.01794867941153549,0.034603667196527146,0.044029787699538844
12.266666666666291,4,True,0.10071348012500987,0.014966856096011248,0.034525557911542326,0.047122138525501775
12.270833333332957,4,True,0.04905323938423227,0.031411910743984695,0.034437536338899205,0.016507463070530987
12.274999999999624,4,True,0.056170833689739824,0.033936458343696775,0.03434823111842328,0.030069849013091066
12.27916666666629,4,True,0.0594968823254528,0.022510259221953266,0.03426172736396825,0.028687868801541543
12.283333333332957,4,True,0.0706753656299012,0.015366343140541703,0.034175463880743086,0.04271249963660766
12.287499999999623,4,True,0.09306766969091892,0.019057310828703593,0.03408471373168147,0.016768639348643522
12.29166666666629,4,True,0.1274873659927317,0.04676146632490009,0.03399651653577744,0.031391702479459056
12.295833333332956,4,True,0.13226130820601575,0.057978505145500826,0.03390593794877072,0.043404137171477876
12.299999999999622,4,True,0.07021528656952686,0.030050520753108174,0.033815510839513514,0.03187859144129862
12.304166666666289,4,True,0.10472610194556484,0.04525633143435284,0.033683178337617053,0.0005549961341033088
12.308333333332955,4,True,0.061668569163097736,0.048509956025167465,0.03359199482651872,0.03108733004915932
12.312499999999622,4,True,0.06201721366361305,0.03211113619368866,0.03350191213109188,0.03964548842534778
12.316666666666288,4,True,0.09876248609687244,0.044016767563725835,0.03341333822329399,0.01948659007014393
12.320833333332954,4,True,0.07521847728238468,0.019936519534955188,0.03332013380773328,0.04915094427935485
12.324999999999621,4,True,0.04071547905912618,0.020736876379995835,0.03325335636195926,0.052569588945084025
12.329166666666287,4,True,0.11919758128435684,0.0701723579227401,0.033175087506373706,0.022935340084885774
12.333333333332954,4,True,0.12312732000981715,0.03575774012869011,0.03309503153936381,0.011102450679446043
12.33749999999962,4,True,0.0690903797174789,0.015339316760201298,0.033017330932021034,0.024365404344318994
12.341666666666287,4,True,0.06718191614521125,0.04340998239372586,0.032933463662558976,0.03696529523413272
12.345833333332953,4,True,0.0622212109642859,0.015505453788828148,0.03286407880149616,0.029992762678857893
12.34999999999962,4,True,0.12409872135132677,0.07940989744032753,0.032784119250696644,0.06105073469348056
12.354166666666286,4,True,0.058772911179518245,0.02376806999257044,0.03266349108380179,0.03253712340650558
12.358333333332952,4,True,0.09390522118386686,0.026584284754520317,0.032586819480692156,0.03511652382033667
12.362499999999619,4,True,0.10893954153668596,0.02362645968950442,0.03250415478647245,0.020789381343304693
12.366666666666285,4,True,0.1402061148671222,0.02847376359534754,0.032426893759018624,0.02160006176020709
12.370833333332952,4,True,0.06288308962194758,0.03296815933778784,0.03234496650523464,0.05062547160337398
12.374999999999618,4,True,0.16850458971548204,0.022439942608885172,0.03225779379509742,0.040202763580166424
12.379166666666285,4,True,0.10334476173945614,0.04111931383047392,0.0321735314414472,0.02015122507856102
12.383333333332951,4,True,0.06336340831643601,0.03136441455292304,0.03211074300392055,0.037759871021002825
12.387499999999617,4,True,0.05161842644552736,0.04619329246163248,0.03205446705963794,0.03553363480052021
12.391666666666284,4,True,0.07048161215246067,0.03153111159872425,0.03198525365100182,0.02220493911526866
12.39583333333295,4,True,0.0787300127569818,0.03222551206618171,0.031912446991216696,0.03830412449770891
12.399999999999617,4,True,0.18097879929300703,0.06385521417505029,0.03184065200215484,0.04599607128605469
12.404166666666283,4,True,0.05665811007893318,0.04820511279394197,0.031732483116350754,0.06112355204418048
12.40833333333295,4,True,0.14668290780951893,0.019781953463840755,0.03165486850188188,0.037345213380512145
12.412499999999616,4,True,0.04409896012896766,0.013162994110515417,0.03157679983159043,0.03813481670074282
12.416666666666282,4,True,0.09134564518954688,0.04699500352989916,0.03150206295905437,0.026248182521893305
12.420833333332949,3,True,0.10009844717893855,0.07004715441311311,0.03142174005174717,0.00646336387447339
12.424999999999615,4,True,0.03511997450743146,0.01981625482755069,0.031359715364198744,0.02816595504161752
12.429166666666282,4,True,0.13675038260501943,0.04999660357491628,0.03128941553628072,0.04545290482218373
12.433333333332948,4,True,0.15461532458569172,0.02345775518594401,0.031221237036356576,0.03009551928028864
12.437499999999615,4,True,0.09069300725940287,0.03922596450492923,0.03114868077800338,0.026243685681038957
12.441666666666281,4,True,0.11189219221717939,0.060072900336083215,0.031074750150799055,0.0374122225121819
12.445833333332947,4,True,0.10210913860305569,0.024817144459337578,0.031020845790159315,0.024634536161499753
12.449999999999614,4,True,0.031694928560401965,0.05231277292722226,0.030954296381396393,0.030492282410318806
12.45416666666628,4,True,0.0189518943286668,0.03256246364427606,0.03085090648507644,0.01640485479208162
12.458333333332947,4,True,0.016028138911087002,0.0218149056462184,0.030784299535361187,0.01601546864951676
12.462499999999613,4,True,0.11988751770686275,0.03329184132554255,0.03071664821694419,0.04375185614151494
12.46666666666628,4,True,0.14718432976631182,0.02027695991213747,0.03064301058789193,0.030833099320579836
12.470833333332946,4,True,0.11637083828498727,0.008224095003231784,0.030574164703879768,0.03457188507258001
12.474999999999612,4,True,0.08578596080014282,0.01584658941429251,0.030501920039089577,0.034972788138122886
12.479166666666279,4,True,0.07470404002153001,0.023662385305094985,0.030428991105620546,0.034247089377066345
12.483333333332945,4,True,0.06508574282207075,0.008112061909067369,0.030374537962984016,0.03691113002145429
12.487499999999612,4,True,0.05954764128644657,0.013365400691313463,0.030327478340102614,0.03361566851970591
12.491666666666278,4,True,0.1165090710008547,0.01676282515221798,0.030269063464018416,0.03070386992663418
12.495833333332945,4,True,0.132800443153782,0.031172871414742443,0.030209486316677452,0.032895084557217
12.499999999999611,4,True,0.10682344576306961,0.04470206433379857,0.030150378008881054,0.02591835291620232
12.504166666666277,4,True,0.11136402049996061,0.032803246948326,0.030054358260857887,0.027652298938086965
12.508333333332944,4,True,0.14998183042027763,0.015136125129389862,0.02998811037131944,0.03065209803955334
12.51249999999961,4,True,0.05649560332605666,0.0366723731271501,0.029925662486513707,0.021322727524924954
12.516666666666277,4,True,0.03324026861014182,0.019587760732979263,0.029856424910471555,0.023466066115504787
12.520833333332943,4,True,0.06895566482691735,0.013070447052793515,0.029785276382056042,0.022168039594914205
12.52499999999961,4,True,0.10263722118422362,0.03536321634605457,0.02975687551264756,0.02420196140932108
12.529166666666276,4,True,0.17265713448830775,0.046436211680026894,0.029710980238099215,0.01954544842537115
12.533333333332942,4,True,0.17683245745680745,0.027799678074085628,0.029658629592774766,0.030828812709485332
12.537499999999609,4,True,0.1409725971065745,0.042012597470623046,0.02960503844935474,0.013747616605070354
12.541666666666275,4,True,0.09656340742750998,0.021235266865256012,0.029551323938358996,0.023867000018837056
12.545833333332942,4,True,0.06617879026318818,0.032984539165726585,0.029541806923600925,0.04049243672367057
12.549999999999608,4,True,0.10256537042371404,0.05689590310211019,0.029510619912399536,0.021221717668615712
12.554166666666275,4,True,0.0459478974412611,0.01926536154398116,0.02944014256957315,0.026485701398140823
12.558333333332941,4,True,0.19124662775332518,0.025651033112778696,0.029389142138220997,0.017100641604042857
12.562499999999607,4,True,0.15163004572716707,0.035407891513332075,0.029363383330502153,0.052342181840805684
12.566666666666274,4,True,0.13285698031724447,0.027671909584692875,0.02934548268176239,0.04318233632599971
12.57083333333294,4,True,0.1065006906036321,0.05045857382047757,0.029310330096800147,0.005369867891825742
12.574999999999607,4,True,0.10791267761640302,0.03631393365822028,0.029269509486011893,0.028294608611592227
12.579166666666273,4,True,0.08588699048521889,0.0396376341670828,0.029225639827168966,0.010630167085834662
12.58333333333294,4,True,0.09601697546053502,0.040283713107502964,0.029176771365278905,0.03226342081546607
12.587499999999606,4,True,0.07940718557201903,0.04209671330848631,0.02912348095371206,0.023451957489867715
12.591666666666272,4,True,0.05946754195598886,0.028228324012038168,0.029067827037032277,0.03563007787429631
12.595833333332939,4,True,0.09233937185238446,0.03709352111607235,0.029005929560968157,0.04037522546961822
12.599999999999605,4,True,0.05848333125110445,0.05895745822989815,0.028944182057464064,0.033251282496886865
12.604166666666272,4,True,0.15519232960310506,0.04345377759407665,0.028905560692509578,-0.004040178851790506
12.608333333332938,4,True,0.08126980055155851,0.025185638892321487,0.028875715305746022,0.037323007525907156
12.612499999999605,4,True,0.05923306884229086,0.03861537908457877,0.02883146032953623,0.01658881579438155
12.616666666666271,4,True,0.09957435087645189,0.044008719133937835,0.028783135232927633,0.0328103207497318
12.620833333332937,4,True,0.10373370305068387,0.06786372147967949,0.02873330080016859,0.04086984891576974
12.624999999999604,4,True,0.016727684904679976,0.006809664777885052,0.028764108105013796,0.02725426471384853
12.62916666666627,4,True,0.16951580411067557,0.04110837396093239,0.028789172993988175,0.007908723571233952
12.633333333332937,4,True,0.05190449231560743,0.0500127587256371,0.028785213774105808,0.041892554938668204
12.637499999999603,4,True,0.15434314438462496,0.04467157307800227,0.028760748233553752,0.030794119481746075
12.64166666666627,4,True,0.05154204360540011,0.028074099537888232,0.028727009512614782,0.03206140115669611
12.645833333332936,4,True,0.091188283204347,0.013743770041959199,0.028771720599686502,0.03537605260148339
12.649999999999602,4,True,0.15035723634803433,0.03185442578183479,0.028842194272667095,0.013301491158119976
12.654166666666269,4,True,0.11320831695577313,0.02644656407693899,0.02887671350211108,0.018098094988733514
12.658333333332935,4,True,0.1358825921652629,0.01937809714303292,0.02886650847425059,0.028716657134972113
12.662499999999602,4,True,0.08490425572084738,0.03885351068019289,0.028875064287965532,0.021890392022671804
12.666666666666268,4,True,0.166565788398273,0.02848836784648678,0.028960406088732606,0.033160114412457344
12.670833333332935,4,True,0.046892151924483205,0.030731583520708042,0.029018697762388853,0.043555390331576925
12.674999999999601,4,True,0.11950656943415991,0.05939844142296062,0.029040126268899864,0.02751765706665148
12.679166666666267,4,True,0.061583846186743,0.016459444203141382,0.029039003111359266,0.0336957871332507
12.683333333332934,4,True,0.15737772246725226,0.03871671489759691,0.029281858419244605,0.024699310156788026
12.6874999999996,4,True,0.09884041513077775,0.024224851619047544,0.03021060138089936,0.03141184697259788
12.691666666666267,4,True,0.028794190206299013,0.01882806379509042,0.03124351735184965,0.04790897587132306
12.695833333332933,4,True,0.10843730343377017,0.030588096028449183,0.032015872503990496,0.018087060919864974
12.6999999999996,4,True,0.03168920254680961,0.044238755138606305,0.032604442277449026,0.02353402314889068
12.704166666666266,4,True,0.14785872514898377,0.049462514523725416,0.0339694922691016,0.021368716368300563
12.708333333332932,4,True,0.08877721551897662,0.04575456226499909,0.03531869245950517,0.05075189980723038
12.712499999999599,4,True,0.15613256548915846,0.052041566001197505,0.03634360132213231,0.05089151250887242
12.716666666666265,4,True,0.08458464240896278,0.026237539389283245,0.037175113817394995,0.03337276697342683
12.720833333332932,4,True,0.0982410170612639,0.02116142074993439,0.037875100553741194,0.05765280922024997
12.724999999999598,4,True,0.09832521130205313,0.01674014348720966,0.03920450781051957,0.041646534831758654
12.729166666666265,4,True,0.13854971149040451,0.023494896538065257,0.040907405116219146,0.04238442147401518
12.733333333332931,4,True,0.08617419353496457,0.025935222229243642,0.04262973009562981,0.04828357078146649
12.737499999999597,4,True,0.09343967996503667,0.011678481570111891,0.044034624936942046,0.04074546296518092
12.741666666666264,4,True,0.11822328338024615,0.022840748137007014,0.04520575826870301,0.05343875638563049
12.74583333333293,4,True,0.0720514241624039,0.006814772898221221,0.04694179132394882,0.050623023720121105
12.749999999999597,4,True,0.14244652426018706,0.052377216425640784,0.04900480899617743,0.09044165644670725
12.754166666666263,4,True,0.11401595320394377,0.05318185731676395,0.05151502397854302,0.054673956384238526
12.75833333333293,4,True,0.16655265667374233,0.032933959731422484,0.05290653853623727,0.05726476830206168
12.762499999999596,4,True,0.04217779505166864,0.01824424885243328,0.05441062050938307,0.06660500079448944
12.766666666666262,4,True,0.12271988607066563,0.015136779104425385,0.05654139237713545,0.06657660551245792
12.770833333332929,4,True,0.19473741693456964,0.014129058163303334,0.05879713421802481,0.05914679894647313
12.774999999999595,4,True,0.11292677159286878,0.026486958595067223,0.06094396475529293,0.07040888589856865
12.779166666666262,4,True,0.13160796116373275,0.018364802768529382,0.0628992940917114,0.07632226027172212
12.783333333332928,4,True,0.1072665605015256,0.06367634272375162,0.06492380194636187,0.067726943201845
12.787499999999595,4,True,0.05696585936282374,0.04693991340830882,0.06751607879996836,0.07628168111018369
12.791666666666261,4,True,0.06616007302251521,0.03686840090951013,0.07017091703351307,0.06150723585412076
12.795833333332927,4,True,0.13455653956759892,0.03879346554520953,0.07235157683693559,0.07585390867247799
12.799999999999594,4,True,0.22591752611420948,0.03960032081033155,0.07420553806489172,0.06265007846295416
12.80416666666626,4,True,0.1500180611530586,0.0350300734004909,0.077308047982923,0.0763461967866534
12.808333333332927,4,True,0.06751743088526412,0.007755332797994752,0.07988262011459242,0.08489198718021297
12.812499999999593,4,True,0.12250302923484639,0.010891990853064849,0.08240975556492235,0.08635926232136669
12.81666666666626,4,True,0.17132680816378426,0.01571932861656029,0.08474914003595127,0.08229492541715966
12.820833333332926,4,True,0.0977187637740906,0.03532319779063162,0.08686306823598133,0.08388939732043202
12.824999999999593,4,True,0.14222605792510895,0.019149903864819427,0.08948606351921186,0.09213542668887664
12.829166666666259,4,True,0.14732287775519154,0.01409465349924549,0.09237872696396573,0.09257706545829568
12.833333333332925,4,True,0.03585667270981948,0.022470353779562403,0.09518018207560648,0.10153738682122276
12.837499999999592,4,True,0.11375749302715377,0.009818407031692875,0.09775193511849281,0.09863761321644532
12.841666666666258,4,True,0.17308085321694192,0.016145354583235013,0.10006154994584254,0.09858231174692764
12.845833333332925,4,True,0.10907215138936455,0.015156177948052747,0.10284711042345457,0.09291019365113154
12.849999999999591,4,True,0.07813087917886365,0.02164740387781074,0.10587868118237821,0.11492146000894157
12.854166666666258,4,True,0.1318509641726052,0.011413389552120711,0.10925904278114676,0.10290183051036263
12.858333333332924,4,True,0.03524078756725707,0.031181171903976658,0.10993027575495991,0.12131174479743634
12.86249999999959,4,True,0.0696527843042781,0.02031396921382021,0.10979297243859772,0.12355905065749
12.866666666666257,4,True,0.10498084641443982,0.05181491904278318,0.10935336721803646,0.08806297294987059
12.870833333332923,4,True,0.1242812901884656,0.0684191232569303,0.10842660834748782,0.0927223613995808
12.87499999999959,4,True,0.08963679747413147,0.034725171563691294,0.10698115376768613,0.12607867097091763
12.879166666666256,4,True,0.10266882591302542,0.04611022935705423,0.10506022932395322,0.08169058812678524
12.883333333332923,4,True,0.1812577941155218,0.013135176893735195,0.10291326438569663,0.10530985733396486
12.887499999999589,4,True,0.07931800881865261,0.05806881546782188,0.10091857737687002,0.10788586713095767
12.891666666666255,4,True,0.06710909290863393,0.04891260255289556,0.0987886742072539,0.10092374642069996
12.895833333332922,4,True,0.037849299814600446,0.04254795500465755,0.09641375967302562,0.11198514895945455
12.899999999999588,4,True,0.15718645632060074,0.06335564022137975,0.09377707125398266,0.09141834430808903
12.904166666666255,4,True,0.1767023738386305,0.04250516364087027,0.08986574842211927,0.061391512532974916
12.908333333332921,4,True,0.18627028390239664,0.040699431374642527,0.08746206977624564,0.0897712930892745
12.912499999999588,4,True,0.0838373937219662,0.029112882362511455,0.08493956391443229,0.10113291010281322
12.916666666666254,4,True,0.15693178133324423,0.03683284011631461,0.0822257884416726,0.08590474981872338
12.92083333333292,4,True,0.02915447022355525,0.04167550798420481,0.07931213955848765,0.08668295983155695
12.924999999999587,4,True,0.23040849716256886,0.03438038786640608,0.0767022536279791,0.07626775048907854
12.929166666666253,4,True,0.10806663840078082,0.04899707178434231,0.07422078574511964,0.07676070893611177
12.93333333333292,4,True,0.10077280596561297,0.015752389031779356,0.07164496319662372,0.08012000182368263
12.937499999999586,4,True,0.11627837906162508,0.0536911072681855,0.068897367231818,0.0379660711869632
12.941666666666253,4,True,0.14631508249522718,0.03398901477287225,0.06596527581448383,0.042580195755699664
12.945833333332919,4,True,0.11296338468871267,0.05875213544696354,0.06334968220660403,0.05056936843170557
12.949999999999585,4,True,0.0733273554766066,0.024403035438887156,0.06087017337466302,0.05540280860155678
12.954166666666252,4,True,0.11493070996010075,0.041435265033835954,0.056957707986686354,0.0427113601139594
12.958333333332918,4,True,0.0700999973054281,0.06288984027901562,0.054132595922093976,0.046364999606735874
12.962499999999585,4,True,0.1474681045026325,0.032142014059837236,0.051315879734600514,0.07398783375992844
12.966666666666251,4,True,0.08348515904368718,0.01805705646262469,0.04883193515557364,0.0643450500994678
12.970833333332918,4,True,0.0315651926994537,0.021538315043418493,0.046347409926003044,0.044523732220709517
12.974999999999584,4,True,0.1772980135315045,0.018723273836001808,0.04372467610239495,0.03353684782692089
12.97916666666625,4,True,0.04056371600232758,0.060344181723445786,0.04092463003159984,0.041442814639705665
12.983333333332917,4,True,0.08742914154278286,0.02907051030282855,0.038134387673769136,0.013997986821056832
12.987499999999583,4,True,0.15718995861588309,0.04367474680151153,0.03567695357490378,0.0378658432101149
12.99166666666625,4,True,0.08542609900959204,0.02483065666425127,0.033218160566080734,0.02665105991848973
12.995833333332916,4,True,0.14881551017103883,0.08699613907626946,0.030620964741493062,0.04301864306773739
12.999999999999583,4,True,0.1635261592835541,0.027377441072201532,0.027846620755129423,0.030087236557034523
13.004166666666249,4,True,0.05104341327324577,0.0237929329512052,0.023852893295364736,0.021596558839512
13.008333333332915,4,True,0.12182082499674843,0.0064272817279020025,0.021447133834754408,0.017525450978441236
13.012499999999582,4,True,0.1494569916824621,0.024484054038179062,0.018953983108529228,0.012132700580042276
13.016666666666248,4,True,0.05667742567703851,0.034220864291810114,0.0162997212601655,0.010571075311028912
13.020833333332915,4,True,0.10231296718586004,0.012690220369281184,0.013474997623674446,0.002979067409130242
13.024999999999581,4,True,0.03542602610854353,0.076978855805088,0.010983356865589763,0.022311031635188123
13.029166666666248,4,True,0.14494852189042712,0.016049523693253454,0.008631324408435835,0.0012776530996013752
13.033333333332914,4,True,0.092746782978256,0.02854783389363771,0.006197002047493207,-0.003346360810821604
13.03749999999958,4,True,0.07455073347786667,0.026197096237018862,0.0036059729816100817,0.006602194239489575
13.041666666666247,4,True,0.08284658851844778,0.028147903361772406,0.0008481523883656014,0.0028783364613248347
13.045833333332913,4,True,0.07957137487588087,0.05409517014605209,-0.0015720653985991108,-0.014875377793306941
13.04999999999958,4,True,0.134848293868084,0.021969884795294655,-0.0038528644114243647,-0.0024640021674177965
13.054166666666246,4,True,0.07500177321756171,0.04804551762309968,-0.007453957931131049,-0.004161963020262891
13.058333333332913,4,True,0.07498104941966531,0.01935730916279411,-0.010056575075783836,-0.014021448129647405
13.062499999999579,4,True,0.1902943768688144,0.010465722150753722,-0.01263172202896155,-0.022047944938175804
13.066666666666245,4,True,0.15852284056363547,0.033089906567041596,-0.014864899323795581,-0.008546702352174432
13.070833333332912,4,True,0.19436386935572758,0.06296656590531947,-0.017097003065978906,0.0004890778160057177
13.074999999999578,4,True,0.07192428075271623,0.04745312377894911,-0.01946056816697004,-0.029736955682275953
13.079166666666245,4,True,0.10779609599472917,0.009912249528759718,-0.021990069370443507,-0.026009830404651355
13.083333333332911,4,True,0.12086667061453556,0.0319068255891198,-0.02449061697350997,-0.03704663382619028
13.087499999999578,4,True,0.1769517746218432,0.03908601351043713,-0.026649516931255203,-0.017915367763015264
13.091666666666244,4,True,0.10280805015095588,0.03411037300525172,-0.028809154572629725,-0.012920117341811713
13.09583333333291,4,True,0.2445604096382182,0.05616363017170634,-0.03110119340991173,-0.03136016424696668
13.099999999999577,4,True,0.044628760305738466,0.014437578443692907,-0.0335594982352474,-0.03238915565311909
13.104166666666243,4,True,0.1272531236159137,0.033673167439826075,-0.03761898046535708,-0.057375365336015394
13.10833333333291,4,True,0.12209821252929515,0.03981384981424093,-0.04051058151293282,-0.050406841308772744
13.112499999999576,4,True,0.1254709640620366,0.03101882341255593,-0.04346474767727215,-0.039902730277733126
13.116666666666243,4,True,0.030363750393262248,0.027174981337151967,-0.046466934262794315,-0.02667085902890075
13.120833333332909,4,True,0.13420267849600298,0.06830363393908852,-0.049514583101270104,-0.0479703237686328
13.124999999999575,4,True,0.09195906025063778,0.01958021595143899,-0.052754995567818964,-0.054748606570376855
13.129166666666242,4,True,0.03084285748445421,0.0333345492120283,-0.056083973741018915,-0.05437621005179668
13.133333333332908,4,True,0.07115162610921763,0.02479169030939744,-0.05941644082642812,-0.04911710346789242
13.137499999999575,4,True,0.10469631330365244,0.03632896405756382,-0.06273405667424829,-0.07476262926865711
13.141666666666241,4,True,0.21710942052333043,0.017161813386315988,-0.06604574741281591,-0.078006447977382
13.145833333332908,4,True,0.06773088144824788,0.028134731285590745,-0.0695251012295978,-0.08033957600119727
13.149999999999574,4,True,0.08619705933821933,0.04632646733710612,-0.07316247418227871,-0.07191040187676966
13.15416666666624,4,True,0.08785025749689636,0.0392242740255694,-0.07899505024107065,-0.082029767579584
13.158333333332907,4,True,0.11737517592071874,0.022334286965353514,-0.0828515204868283,-0.06439197848208687
13.162499999999573,4,True,0.1337192533890607,0.06125892544274416,-0.08671638335943913,-0.07966830933716723
13.16666666666624,4,True,0.19358521118990668,0.054915090570198936,-0.0906663931979862,-0.08833225956680392
13.170833333332906,4,True,0.13211753564937997,0.025265463317179937,-0.09478666738892326,-0.11554479926511439
13.174999999999573,4,True,0.12059496868614487,0.012497887890275212,-0.09892292673658404,-0.08732792003673066
13.179166666666239,4,True,0.0683279091911947,0.02468146653132722,-0.10297554834927233,-0.10029126956114391
13.183333333332905,4,True,0.13608940356018412,0.025051236721131312,-0.10699860903438049,-0.11902980300724977
13.187499999999572,4,True,0.10838839266365434,0.037150582377045,-0.11107286872668683,-0.12262854863113769
13.191666666666238,4,True,0.05027775474301307,0.014108665802751844,-0.11521881327061613,-0.10266283923114074
13.195833333332905,4,True,0.035649329241330394,0.04560640969470578,-0.11934878582754181,-0.13310377569042675
13.199999999999571,4,True,0.10544926140308168,0.04619963763118092,-0.12347901607153647,-0.1365900488167887
13.204166666666238,4,True,0.1269093273822348,0.010859492804032114,-0.1296439745427669,-0.12413386566871074
13.208333333332904,4,True,0.20829457385479536,0.02900563277979246,-0.1338006794072547,-0.14137096993819226
13.21249999999957,4,True,0.09473550196947751,0.0677717682994496,-0.13810075206553665,-0.15193187404070826
13.216666666666237,4,True,0.16373343328747977,0.05747476552204628,-0.14237710922417937,-0.12404028529585773
13.220833333332903,4,True,0.15656398679589872,0.040861206010847806,-0.14655436398612903,-0.15713040176505066
13.22499999999957,4,True,0.14601250145817787,0.029830536554364455,-0.15073585155176986,-0.1411436027093516
13.229166666666236,4,True,0.09795689769109724,0.008404316028872065,-0.15486704118126612,-0.16006389166024124
13.233333333332903,4,True,0.08425307344038983,0.034891939199138515,-0.15908229928362302,-0.1487604518105486
13.237499999999569,4,True,0.19310063314480114,0.02183229519371905,-0.16326784327624633,-0.15859928126639497
13.241666666666235,4,True,0.09051010195866015,0.01721102709309851,-0.1673596675507213,-0.1743890971515466
13.245833333332902,4,True,0.0906887541762699,0.013141048115437664,-0.17146199160149994,-0.1839666443839341
13.249999999999568,4,True,0.033147330114345945,0.02606724124603804,-0.17566339396471725,-0.17723616528058994
13.254166666666235,4,True,0.05937058497092742,0.043371040212192374,-0.1818663872420469,-0.1886130902251665
13.258333333332901,4,True,0.1816507167348542,0.0330634636100337,-0.18588351276846976,-0.18258888237788587
13.262499999999568,4,True,0.12927300429099348,0.06760394696684728,-0.18985562712519388,-0.20220762766927647
13.266666666666234,4,True,0.14169836918735684,0.025456224645291434,-0.19395006788841823,-0.1775986300991057
13.2708333333329,4,True,0.05867307092931827,0.03684188926329657,-0.19801361348449892,-0.18016615375374007
13.274999999999567,4,True,0.12237904182472482,0.033625687048380794,-0.20199119418713316,-0.18936984195231713
13.279166666666233,4,True,0.039983109072513325,0.04107138024583796,-0.2058929487273231,-0.22266583990400976
13.2833333333329,4,True,0.07966606844418216,0.016462670947857062,-0.20976419485046358,-0.20879424435829272
13.287499999999566,4,True,0.02922855717744923,0.021396090289117688,-0.21376397852602042,-0.22162558743994237
13.291666666666233,4,True,0.08930470665641156,0.02765951148907958,-0.2178396394093387,-0.201917498746399
13.295833333332899,4,True,0.17094575942241894,0.06802947270397616,-0.22184125874314692,-0.22374412713224168
13.299999999999566,4,True,0.07115079021202125,0.04572988858178187,-0.2257652523575689,-0.23110890205612777
13.304166666666232,4,True,0.1724629763490892,0.06335909366828821,-0.2315976920577684,-0.2308740602438276
13.308333333332898,4,True,0.18261094837178105,0.01000550329750391,-0.23559510341133305,-0.23340914999494775
13.312499999999565,4,True,0.15156149542305603,0.0163116379419366,-0.23965419295743728,-0.2409169032693731
13.316666666666231,4,True,0.0832431426385984,0.04896512401924059,-0.24363636339508238,-0.2461416903431685
13.320833333332898,4,True,0.1086706590210621,0.022549653453740135,-0.24753843366672912,-0.25470032422807104
13.324999999999564,4,True,0.10458197389510403,0.034909454000810566,-0.25142876426553545,-0.2595455008000983
13.32916666666623,4,True,0.19277699758549033,0.018475269316259757,-0.2553272926844003,-0.27336603023833905
13.333333333332897,4,True,0.06858519854063848,0.007155605030952018,-0.259332402321064,-0.25872843660173195
13.337499999999563,4,True,0.23208761607905928,0.047308473812540476,-0.263385000321661,-0.2767914424462601
13.34166666666623,4,True,0.22548801580557923,0.02882050364203653,-0.2673660083834109,-0.26431863065825906
13.345833333332896,4,True,0.10399851804111666,0.028002396788340017,-0.27129978858402665,-0.27322598433528483
13.349999999999563,4,True,0.09752640933359254,0.01598847946474899,-0.2751702029092148,-0.26774867323793944
13.354166666666229,4,True,0.09648199994578828,0.030934422393493814,-0.28109378784363426,-0.2875348723265457
13.358333333332896,4,True,0.15342581264873692,0.028246055643081656,-0.2850336555037658,-0.29213684181275007
13.362499999999562,4,True,0.06861398472817481,0.035926192097256456,-0.2889050298253932,-0.29348731874083217
13.366666666666228,4,True,0.11644815332442877,0.026293162748063714,-0.2927322013348495,-0.2848315791616513
13.370833333332895,4,True,0.10588756038873567,0.03349599010855467,-0.29661665656209124,-0.3140832644357698
13.374999999999561,4,True,0.12508757891399874,0.028451292742752342,-0.30054399702831414,-0.29102465186965576
13.379166666666228,4,True,0.05041696547577813,0.021812939728504704,-0.30439335510741267,-0.31119688007674534
13.383333333332894,4,True,0.0519987224228122,0.0375909740455886,-0.3081723542164145,-0.3112496867549579
13.38749999999956,4,True,0.17018929122129375,0.024096641114464426,-0.3119512873845787,-0.30388979468382354
13.391666666666227,4,True,0.17022641556684717,0.018034159114151467,-0.3157772124523124,-0.32651532219652624
13.395833333332893,4,True,0.030070088286960582,0.017151679090609464,-0.3195148901827324,-0.3027753918417208
13.39999999999956,4,True,0.14546315445531788,0.016790711335633698,-0.3231765561374628,-0.32966920097364216
13.404166666666226,4,True,0.10261017984241233,0.02638725699320581,-0.3286448974377931,-0.3329190804277943
13.408333333332893,4,True,0.046618510401111736,0.044016268500667304,-0.33229088778894655,-0.3367970421054063
13.412499999999559,4,True,0.15977279833433594,0.004752082333821799,-0.3360038687901811,-0.3351265090592891
13.416666666666226,4,True,0.07153550885388434,0.05116333839783385,-0.33965435733102095,-0.3344556707789646
13.420833333332892,4,True,0.10616177343051812,0.024366885800930115,-0.3432407382258933,-0.3467922385829291
13.424999999999558,4,True,0.09642744420387411,0.03969274758432987,-0.3467960971874168,-0.3519439912263732
13.429166666666225,4,True,0.12039131841919608,0.03192209474385588,-0.3504323692313375,-0.35006474474572685
13.433333333332891,4,True,0.1188140042082109,0.025115653087217707,-0.354125336829764,-0.36020457156017244
13.437499999999558,4,True,0.02658156936606005,0.05473893097958257,-0.35775293941291814,-0.3360822126090579
13.441666666666224,4,True,0.18017860426307963,0.042519868695046585,-0.3613111881257062,-0.34398190373880067
13.44583333333289,4,True,0.1659779533941584,0.04073323673142153,-0.3648272865521377,-0.3847478114367429
13.449999999999557,4,True,0.12235026188310948,0.04550832685844063,-0.3684176672332895,-0.37014204774541865
13.454166666666223,4,True,0.18259928656601432,0.02788070258391381,-0.37385897933865614,-0.39368643623012883
13.45833333333289,4,True,0.14292008335834538,0.030829939814175387,-0.3774010895393694,-0.3771937994481677
13.462499999999556,4,True,0.05010026951986211,0.060091133297850124,-0.38088139548008487,-0.36148868161608666
13.466666666666223,4,True,0.08722145917979397,0.03943421870136509,-0.38435943351232194,-0.37641656173450916
13.47083333333289,4,True,0.09535367274165327,0.01157940611034305,-0.3879371260625564,-0.37912005761978973
13.474999999999556,4,True,0.13997221158290735,0.04308879373314487,-0.3915602033585992,-0.36508572944806417
13.479166666666222,4,True,0.1234282246932052,0.028252428644226935,-0.39512183666314116,-0.3817903700820185
13.483333333332888,4,True,0.1575598780971697,0.025740543130123836,-0.3986129254263494,-0.40133781077026426
13.487499999999555,4,True,0.16101030182086004,0.012689555883063171,-0.4020360751217539,-0.40610761980382326
13.491666666666221,4,True,0.09248942955160033,0.04166026742562601,-0.4055193524297783,-0.3982252499313998
13.495833333332888,4,True,0.08144492766199163,0.016838303174484096,-0.409052963513061,-0.41337731001853173
13.499999999999554,4,True,0.052035239617511546,0.05509997578019786,-0.4125243300615027,-0.4356931271730016
13.50416666666622,4,True,0.07378216291329116,0.01708420353264393,-0.4176065957502975,-0.410226377377551
13.508333333332887,4,True,0.0597219201960245,0.045739770278678704,-0.4210401492662947,-0.4231560503091085
13.512499999999553,4,True,0.07699993825454512,0.04920260621924941,-0.42444043858656233,-0.44533017131770336
13.51666666666622,4,True,0.0882934689100544,0.010226945078593381,-0.4277677378591239,-0.41916214606265534
13.520833333332886,4,True,0.025633005501551728,0.022497103128837008,-0.4311222159438657,-0.4164951862784384
13.524999999999553,4,True,0.10208834363569744,0.0295346073135592,-0.434457828786136,-0.4601123149296162
13.52916666666622,4,True,0.0683251615936401,0.05203975790373542,-0.43775622128801844,-0.43847180906039546
13.533333333332886,4,True,0.02398868828776913,0.03979954648639421,-0.4410740215862509,-0.4245361152092712
13.537499999999552,4,True,0.0926735960515917,0.018281131878644427,-0.44433093965275083,-0.45186545971982867
13.541666666666218,4,True,0.10584849540348454,0.07850356039586262,-0.4476197701472624,-0.45886526192058863
13.545833333332885,4,True,0.10349800085459475,0.03864183015945869,-0.4508481072333532,-0.45638218841830186
13.549999999999551,4,True,0.11752876662419331,0.014756626379433842,-0.4541432007088422,-0.45448331949210247
13.554166666666218,4,True,0.07097047732112127,0.06053669308844911,-0.4591476527305053,-0.44182406991806233
13.558333333332884,4,True,0.08234011463391634,0.02112936837786487,-0.4624091447675901,-0.46866500336378614
13.56249999999955,4,True,0.12216366918330543,0.02155959026374561,-0.4656058262917999,-0.47244402953438164
13.566666666666217,4,True,0.15095676682273582,0.0307339003276052,-0.4687816725584923,-0.4799390325196249
13.570833333332883,4,True,0.17373433367069527,0.047900287435934226,-0.4720586936103863,-0.5039121799203409
13.57499999999955,4,True,0.08440006112193468,0.06953827501806911,-0.47531871278702015,-0.49201667057252857
13.579166666666216,4,True,0.14299921161173032,0.021185714625266874,-0.4785182166591609,-0.4688274747275659
13.583333333332883,4,True,0.10704928108538295,0.01985985885181344,-0.48165360219350034,-0.470516417294142
13.58749999999955,4,True,0.19450005192277828,0.01171500586697838,-0.484766829048168,-0.4941784914669019
13.591666666666216,4,True,0.09241986038065118,0.05937384052288414,-0.4879827456962627,-0.48361959494995643
13.595833333332882,4,True,0.11065298981233232,0.010728452378784602,-0.4912486760325632,-0.4893509624961975
13.599999999999548,4,True,0.10585536408405796,0.01415489566669808,-0.4944633373541507,-0.5047552385199909
13.604166666666215,4,True,0.18745382028625815,0.0386722481923471,-0.49914675818418713,-0.5019239991372546
13.608333333332881,4,True,0.040476330515714636,0.06519603502802941,-0.5022140088125594,-0.487120260359915
13.612499999999548,4,True,0.06706404666334413,0.030890160296054705,-0.5053804813883092,-0.4769068414231021
13.616666666666214,4,True,0.0535265614570099,0.06127491346521093,-0.50853405307102,-0.5334746450308486
13.62083333333288,4,True,0.10575532928208044,0.03472016416954283,-0.5116316596549806,-0.48498717928359436
13.624999999999547,4,True,0.11049823121998573,0.01299677409947517,-0.5146486139021496,-0.5210872253991288
13.629166666666213,4,True,0.01578581294323607,0.02962105650100131,-0.5177258941683334,-0.5215088851518426
13.63333333333288,4,True,0.11957967434794846,0.03146457350859762,-0.5208578399814656,-0.5282859489078282
13.637499999999546,4,True,0.11048720811368391,0.026079854342833365,-0.5239356061298345,-0.5178526323979159
13.641666666666213,4,True,0.13535997422284426,0.031871886465378994,-0.5269531879587397,-0.5334017115338567
13.64583333333288,4,True,0.012457526035196129,0.018406833622102513,-0.5299396469023033,-0.5145289838499774
13.649999999999546,4,True,0.0891954395570666,0.0146386762712505,-0.5329836844402245,-0.5326826130496758
13.654166666666212,4,True,0.12540146223622994,0.03852552136936693,-0.5374203781495307,-0.5123617363788976
13.658333333332878,4,True,0.14115750635233384,0.050279830306841626,-0.5403441610144102,-0.5497660003868029
13.662499999999545,4,True,0.04797928308845889,0.03255674420977586,-0.5432586783714893,-0.5643179121148635
13.666666666666211,4,True,0.09897624334061407,0.06293261213708967,-0.5462319333351999,-0.522830842386056
13.670833333332878,4,True,0.04455232588072017,0.034059862699618,-0.5491837286705086,-0.5412374365794058
13.674999999999544,4,True,0.044011854920039326,0.01028785411628981,-0.5520729329309193,-0.5598005869560838
13.67916666666621,4,True,0.1518462972073773,0.05639277672385793,-0.554947342641299,-0.5507674310507774
13.683333333332877,4,True,0.1159937666786418,0.020743556804477082,-0.5578124187965099,-0.5539234322887352
13.687499999999543,4,True,0.05733817426135609,0.02944069265724541,-0.5607352950747615,-0.5558294514405352
13.69166666666621,4,True,0.038709696033837976,0.030025873014011998,-0.5636375741362066,-0.5725902390148412
13.695833333332876,4,True,0.08895242316981965,0.052867392129338844,-0.5664781648733621,-0.5527403567320663
13.699999999999543,4,True,0.08052489281262008,0.039104406075921284,-0.5692623165771065,-0.5380650112284477
13.70416666666621,4,True,0.13471478755368094,0.027831368913741786,-0.5735414055854401,-0.5787638091604608
13.708333333332876,4,True,0.0544148874539213,0.01600815069497548,-0.5763264068633942,-0.5717686687991328
13.712499999999542,4,True,0.11136776744518082,0.03508211432424307,-0.5791400091432575,-0.5778822246949985
13.716666666666208,4,True,0.1355688237240112,0.020504963933902668,-0.5819078973511991,-0.5830341845870071
13.720833333332875,4,True,0.03765769421510259,0.03929078873163425,-0.5847144527797022,-0.5877264007777858
13.724999999999541,4,True,0.07560690228066694,0.015001885678704734,-0.587492347643647,-0.5819648520162463
13.729166666666208,4,True,0.06094215602603292,0.022977243945587367,-0.5902826287311292,-0.5932235338128709
13.733333333332874,4,True,0.09646192065510382,0.0273935718214876,-0.5930613615333079,-0.5879529787129054
13.73749999999954,4,True,0.18235423929535527,0.04285507608913877,-0.595787048484531,-0.6051181080748862
13.741666666666207,4,True,0.13835954444661422,0.019737620131293477,-0.5985042212031333,-0.6062291820622627
13.745833333332873,4,True,0.08055659788231032,0.0605482774381959,-0.6012295597503025,-0.6023565646047875
13.74999999999954,4,True,0.20107180595017876,0.015341293763775417,-0.604018442472459,-0.598460246894288
13.754166666666206,4,True,0.04885225240446615,0.04244356896375407,-0.6080945605278184,-0.6199356725985425
13.758333333332873,4,True,0.06768659403706354,0.03235588548924937,-0.6107430524902453,-0.6121036906578103
13.76249999999954,4,True,0.11295968208942937,0.01627192265305693,-0.6134635879979704,-0.6147178658654139
13.766666666666206,4,True,0.07565398567428111,0.023966176702712266,-0.6161460314071976,-0.626838109941681
13.770833333332872,4,True,0.0901062449285184,0.030350277921765062,-0.6187525946402895,-0.6043247916750605
13.774999999999539,4,True,0.08080202497567822,0.03239928312612938,-0.6214299427146899,-0.6270420902660937
13.779166666666205,4,True,0.08223382481834275,0.052036287512945596,-0.6241167235720723,-0.6318375145241327
13.783333333332871,4,True,0.03250993008416322,0.03503260763909851,-0.6267492697311959,-0.6134346575407358
13.787499999999538,4,True,0.15086487173055443,0.0431254130036337,-0.6293376664321799,-0.6386875122126048
13.791666666666204,4,True,0.1344548516415905,0.03863986356447875,-0.6320329044675531,-0.6083487461660744
13.79583333333287,4,True,0.06231557338683892,0.031354568918089146,-0.6347257040331133,-0.6322061165975198
13.799999999999537,4,True,0.03920280637449082,0.052168887495773426,-0.637372176946388,-0.6505212654583998
13.804166666666204,4,True,0.14049639975375197,0.03934466899956988,-0.6412567652054173,-0.6414297621578555
13.80833333333287,4,True,0.11758035906771147,0.025478195502931213,-0.6439004846637243,-0.6224051430364875
13.812499999999536,4,True,0.0514282139331188,0.019482162810937106,-0.6464857338595229,-0.6532250079314212
13.816666666666203,4,True,0.11293088175756295,0.030156275701473563,-0.6490554833237688,-0.6742708707608737
13.82083333333287,4,True,0.012722842740872365,0.05785589579940973,-0.6516293013283257,-0.63727205085884
13.824999999999536,4,True,0.11482311338202654,0.03444490089698687,-0.6541632469537149,-0.6502347484188993
13.829166666666202,4,True,0.15415537152675746,0.02148425665180328,-0.656761961624779,-0.6611220615607117
13.833333333332869,4,True,0.06355084514606936,0.06207382946900523,-0.6593051852538043,-0.6591258705010612
13.837499999999535,4,True,0.07850644224041559,0.042311432886972075,-0.6618339014907316,-0.6560557435952685
13.841666666666201,3,True,0.0890445409493794,0.01794703528649606,-0.6643668619814175,-0.6809245981245917
13.845833333332868,3,True,0.068242239879069,0.030040274049970693,-0.6668581312082859,-0.6620870669348696
13.849999999999534,3,True,0.13383513154464785,0.04651891419260468,-0.6694139996389363,-0.6780431975114517
13.8541666666662,3,True,0.07500498597085223,0.017072735779263923,-0.6731446932004389,-0.6757605851494538
13.858333333332867,3,True,0.10709986231448688,0.03761618500506764,-0.675606722834671,-0.665388315057389
13.862499999999534,3,True,0.29331024677328643,0.056755655917535903,-0.6780547272141861,-0.6999450343446316
13.8666666666662,3,True,0.061823583602876195,0.0340781678517166,-0.680553965919476,-0.6766349551319065
13.870833333332866,3,True,0.12991077764777348,0.05511246856447514,-0.6830399489186854,-0.653249094575949
13.874999999999533,3,True,0.16584925458452135,0.017178945863612304,-0.6854719637655138,-0.7021329877209301
13.8791666666662,3,True,0.1353316478041688,0.0232268838884216,-0.6878933872970409,-0.69095453377158
13.883333333332866,3,True,0.053904409724477936,0.06751198793357575,-0.6903000848817247,-0.6815532208869458
13.887499999999532,3,True,0.09393213206023297,0.03189701538346251,-0.6927570615854793,-0.711800536386364
13.891666666666199,3,True,0.1303819019199296,0.0254423786730176,-0.6952012825897254,-0.6943319613298394
13.895833333332865,3,True,0.11478754779108882,0.01416132160562214,-0.6975920903285143,-0.695120607438588
13.899999999999531,3,True,0.11134390261028294,0.03766362797272458,-0.6999725293788959,-0.7268853162810254
13.904166666666198,3,True,0.0948716003989515,0.03431241816812776,-0.7035675899021168,-0.7006739993294633
13.908333333332864,3,True,0.06916540979769271,0.04643655887461746,-0.705986996030999,-0.7219896744940988
13.91249999999953,3,True,0.1443653682980754,0.03331906984400084,-0.7083996905331689,-0.6958972230918317
13.916666666666197,3,True,0.15846844855345668,0.009982526080778441,-0.7107639464746915,-0.7103841809497069
13.920833333332864,3,True,0.265113042731044,0.09197538635528134,-0.7130800429111283,-0.717054621492764
13.92499999999953,3,True,0.02860798653358441,0.04033242304700337,-0.7154156370543485,-0.7181752192273768
13.929166666666196,3,True,0.05927141184244428,0.018671167204047552,-0.7177680059644069,-0.7288480036591569
13.933333333332863,3,True,0.08821487583181964,0.03833251150192915,-0.7200691134841494,-0.7092346446920472
13.93749999999953,3,True,0.13129164026584939,0.04303485943945621,-0.7224058836190533,-0.7091576385150147
13.941666666666196,3,True,0.10833634156517666,0.021108681564898413,-0.724711312790291,-0.7069057714380448
13.945833333332862,3,True,0.026859454685409217,0.021344299318044428,-0.7269705616396788,-0.7133749345041868
13.949999999999529,3,True,0.09948352641361956,0.05759287691536803,-0.7292998672533735,-0.7321708980587032
13.954166666666195,3,True,0.1357316116127709,0.042091161217681916,-0.7327018827891286,-0.7143988673108511
13.958333333332861,3,True,0.20316189328321096,0.09615752981490153,-0.7349941118235788,-0.718530855174818
13.962499999999528,3,True,0.0891275206586585,0.04163186001389239,-0.7372307297122144,-0.7260038906454098
13.966666666666194,3,True,0.10014278469963019,0.07420003965466522,-0.7395156634576482,-0.7203680047931544
13.97083333333286,3,True,0.07664136676443695,0.09175313840845316,-0.741790538337322,-0.7530944000635691
13.974999999999527,3,True,0.10073060280775815,0.03783701276958435,-0.744014806876118,-0.7505253607917672
13.979166666666194,3,True,0.12833038091007679,0.07555239537468666,-0.7462744351591054,-0.7202221793058418
13.98333333333286,3,True,0.2156277536143712,0.09990933070843186,-0.7484767849107927,-0.7582868905402715
13.987499999999526,3,True,0.05789660757627191,0.045705886274546366,-0.7507256774445649,-0.7542463045806324
13.991666666666193,3,True,0.12056569014490552,0.056933303598444535,-0.7529642161955235,-0.7542263242672473
13.99583333333286,3,True,0.0690076950083184,0.03521086719330859,-0.7551520280133658,-0.7550635814523856
13.999999999999526,3,True,0.16365338780853977,0.05591449688094842,-0.7573748604872105,-0.7421276610374273
14.004166666666192,3,True,0.12950225179341784,0.018585900790709018,-0.7606323072279226,-0.7619568942322519
14.008333333332859,3,True,0.19646967458093,0.07015644995216488,-0.7628563914540265,-0.7598967534014286
14.012499999999525,3,True,0.1287729066021377,0.07430582316464605,-0.7650316486773802,-0.7723975659035696
14.016666666666191,3,True,0.13546065380331335,0.023922030023084743,-0.7671959261264711,-0.7503924838833647
14.020833333332858,3,True,0.11106630139856494,0.026777244988198525,-0.7693675915496937,-0.7748480121311421
14.024999999999524,3,True,0.11273073123597689,0.04092420124498085,-0.7714854472094673,-0.7686098821287496
14.02916666666619,3,True,0.072933449275117,0.016473279304035755,-0.7736709813571273,-0.7630068682149146
14.033333333332857,3,True,0.2104739468239318,0.041259244932002836,-0.7758082862817212,-0.7935287842077638
14.037499999999524,3,True,0.19629780351859813,0.0800959953401489,-0.7778964224686103,-0.7962941111417791
14.04166666666619,3,True,0.08480849875829351,0.022050304079590684,-0.7800528984249556,-0.7953041471887643
14.045833333332856,3,True,0.182149607258314,0.0939695014446278,-0.7821303327808159,-0.7821659844746277
14.049999999999523,3,True,0.09020118160518069,0.023819436798791182,-0.7842600861768299,-0.7808781334867851
14.05416666666619,3,True,0.17372541863039187,0.04822795740982356,-0.7874382249699107,-0.8179578073563215
14.058333333332856,3,True,0.07376434861886572,0.04287387989223285,-0.7895025144818603,-0.790596816871729
14.062499999999522,3,True,0.07858797062603569,0.017535454227930472,-0.7915626342512813,-0.7939027527908478
14.066666666666189,3,True,0.07354726480765245,0.034233743102480695,-0.7936281543275036,-0.792169144903196
14.070833333332855,3,True,0.09441933056298314,0.04359987445090739,-0.7956859805279844,-0.7915329099267439
14.074999999999521,3,True,0.019878183056308403,0.018274171702172298,-0.7977350266364526,-0.7993839044881788
14.079166666666188,3,True,0.07466862863871432,0.026689423735566112,-0.7997930941339007,-0.7941811798357798
14.083333333332854,3,True,0.05157387334836671,0.08110238555595117,-0.8017887134797161,-0.7934868867329561
14.08749999999952,3,True,0.07599811575282162,0.055841037683193345,-0.803832426901877,-0.8130354375771113
14.091666666666187,3,True,0.0860829048816943,0.03867966697441387,-0.805941170496929,-0.7922266741796702
14.095833333332854,3,True,0.1668108290987276,0.07533914821649285,-0.8080133445804987,-0.8168090150251139
14.09999999999952,3,True,0.03265590577368775,0.02321224581932452,-0.8100393594876807,-0.8010090100874468
14.104166666666186,3,True,0.10557875690549955,0.05575830139948042,-0.8129811537678878,-0.8019353438894684
14.108333333332853,3,True,0.0656809751733132,0.06787081202481368,-0.8150004189409936,-0.7984366574664089
14.11249999999952,3,True,0.030506726885825987,0.007920112210951362,-0.816974802522124,-0.820056325708938
14.116666666666186,3,True,0.11947994059741103,0.040069242390460356,-0.8189849913009173,-0.8313080992704298
14.120833333332852,3,True,0.07934062484960143,0.023415475962666743,-0.820965957499022,-0.8329458255634801
14.124999999999519,3,True,0.1635676611930629,0.035384775054337445,-0.8228879011133186,-0.8167345083853674
14.129166666666185,3,True,0.028159768684462044,0.033722365608247616,-0.8248812552329599,-0.835616383582376
14.133333333332851,3,True,0.07530323900979749,0.03995889909054451,-0.8268299112103231,-0.8589712022443596
14.137499999999518,3,True,0.1912289631213506,0.0636225944625128,-0.8287707977352032,-0.8113203428911173
14.141666666666184,3,True,0.12790428735243647,0.040917782296720516,-0.8307221554156015,-0.8453912898609706
14.14583333333285,3,True,0.06541604994974015,0.0514367401353228,-0.8326134207023589,-0.8311654131991266
14.149999999999517,3,True,0.1423500901376412,0.04649607730037357,-0.8345757042482378,-0.8142390039014763
14.154166666666184,3,True,0.14882394103462054,0.03713191243986081,-0.8374355067837564,-0.8601095419465186
14.15833333333285,3,True,0.06929943089458307,0.033924026501011,-0.839367774146717,-0.8465135786261857
14.162499999999516,3,True,0.12123625981899996,0.05236383287470173,-0.841238951230297,-0.8450790294818368
14.166666666666183,3,True,0.07585977354286987,0.0578252337764381,-0.8431525202904467,-0.8483610915940542
14.17083333333285,3,True,0.1127564689553731,0.06420751191855667,-0.8450606951687509,-0.8590913104847466
14.174999999999516,3,True,0.17665151265905576,0.020888515043567785,-0.8469227191407923,-0.8466028722169621
14.179166666666182,3,True,0.12272785364955197,0.038625393629501265,-0.8488221204917978,-0.8659041922540439
14.183333333332849,3,True,0.1089438661310479,0.022421408080338757,-0.8506596047413212,-0.8324688881490786
14.187499999999515,3,True,0.09348454363728144,0.03535531125491855,-0.8525388674690983,-0.836513643134672
14.191666666666181,3,True,0.12031773260895906,0.05386952232331827,-0.854413141845928,-0.8627827300056925
14.195833333332848,3,True,0.037385565088619746,0.03448302337381461,-0.8562416206996903,-0.8845201497999308
14.199999999999514,3,True,0.10950238887472678,0.050749587683858004,-0.858064692644285,-0.8653235866697392
14.20416666666618,3,True,0.08008198363683466,0.017713311711235007,-0.8607742097885237,-0.8491092686426245
14.208333333332847,3,True,0.17309018009411092,0.04746267480566226,-0.8626346491935286,-0.8561331746212779
14.212499999999514,3,True,0.09107403061207299,0.030931228593239383,-0.8644533059709942,-0.8706680580803527
14.21666666666618,3,True,0.13197787330192712,0.056326040254321766,-0.8662652510186761,-0.8696504878687324
14.220833333332846,3,True,0.018410887049067362,0.04438073450322565,-0.8680879625912976,-0.8621803981262556
14.224999999999513,3,True,0.12951569902503768,0.05390750282862676,-0.8698441983432326,-0.864718821142052
14.22916666666618,3,True,0.1641213314572965,0.06677867337551922,-0.8716726111608059,-0.8760453246987417
14.233333333332846,3,True,0.1734968974730553,0.0385132737626822,-0.873458201633079,-0.8550970382233065
14.237499999999512,3,True,0.20228151987427329,0.0662681058348937,-0.8751988553213531,-0.8695554775722468
14.241666666666179,3,True,0.21678463003347695,0.034316725904943904,-0.8769813593985668,-0.8626894211301155
14.245833333332845,3,True,0.03859076150413641,0.021464411844718232,-0.8787018566773682,-0.8925814051413872
14.249999999999512,4,True,0.12048969888056561,0.03648595010911893,-0.8804959763840917,-0.8982498636082545
14.254166666666178,3,True,0.21565171555448062,0.08644812852845629,-0.8831091894452824,-0.8514651587594799
14.258333333332844,3,True,0.11542414446552234,0.06012626188694326,-0.8848361427425065,-0.8990930594808662
14.26249999999951,3,True,0.18393135930086305,0.07393923963704574,-0.88653909293675,-0.8748112446567031
14.266666666666177,3,True,0.06340466603120377,0.02426383285886629,-0.8882839452757794,-0.8751505621153143
14.270833333332844,3,True,0.07916300242664309,0.03256262025337717,-0.8900269917642426,-0.8988193567078792
14.27499999999951,3,True,0.15796564519388442,0.004911879029187027,-0.8917267162437915,-0.896059917215534
14.279166666666177,3,True,0.2507063088224554,0.08060833941503392,-0.893422546154917,-0.8880255600517526
14.283333333332843,3,True,0.07725045654554955,0.03738985730956641,-0.8950938549994951,-0.8778570622719406
14.28749999999951,3,True,0.07975052265215037,0.04619015311631444,-0.8968067883453243,-0.9189494857235794
14.291666666666176,3,True,0.166277150062857,0.060219013992963075,-0.8985183076234812,-0.8917082272817679
14.295833333332842,3,True,0.09022789704309832,0.06320190956652305,-0.900186817143819,-0.8880024367942593
14.299999999999509,3,True,0.08368688789529206,0.03801800651678674,-0.9018517260779333,-0.9139838129115212
14.304166666666175,3,True,0.2635471280436427,0.027257901608851793,-0.904319497341764,-0.899395060109164
14.308333333332842,3,True,0.1745015278937008,0.02377400984835898,-0.9060191194776953,-0.8970025623672706
14.312499999999508,3,True,0.11630433788204829,0.032832366316589506,-0.9076787184507823,-0.9079319024530584
14.316666666666174,3,True,0.2084380459021524,0.07707259269199962,-0.9092952406894874,-0.8946653039112981
14.32083333333284,3,True,0.2459197506997209,0.09063361552849625,-0.9109547221800407,-0.9283324315767889
14.324999999999507,3,True,0.05828351758471871,0.05877775620340798,-0.9125489545033604,-0.9196993176383413
14.329166666666174,3,True,0.10084405368601307,0.08730704387380163,-0.9142184103912102,-0.9102239266443459
14.33333333333284,3,True,0.13377120071765283,0.06261259790261152,-0.9158479396984331,-0.9033279584257101
14.337499999999507,3,True,0.3016956702845268,0.10111708018411851,-0.9174344887879333,-0.9152317009183295
14.341666666666173,3,True,0.0710642334305935,0.027092350442271217,-0.9190642181355124,-0.9067622539359884
14.34583333333284,3,True,0.04067464115646031,0.02321173602071935,-0.9206285464817792,-0.9149208007707315
14.349999999999506,3,True,0.05190511519271821,0.0591967878430224,-0.9222683765558888,-0.916845769266096
14.354166666666172,3,True,0.04341147146178781,0.037163243497554996,-0.9246520447093439,-0.931574837771214
14.358333333332839,3,True,0.15932252137491565,0.05161364794075017,-0.9262273078291857,-0.9222599265248509
14.362499999999505,3,True,0.08703695403600632,0.05603385541749998,-0.927777851843517,-0.9354527284613242
14.366666666666172,3,True,0.264339257917935,0.05921727475528504,-0.9293704505667141,-0.9476035899504064
14.370833333332838,3,True,0.044564815351806585,0.06605644733387207,-0.9309622788338955,-0.9454193263724535
14.374999999999504,3,True,0.1507406908133125,0.03212852089073436,-0.9325115465215362,-0.9208614887069637
14.37916666666617,3,True,0.050768452474645794,0.051880850218410865,-0.9340193359513332,-0.9283823654017096
14.383333333332837,3,True,0.1151649646673581,0.019794338321383526,-0.9356029802077127,-0.9294822908674786
14.387499999999504,3,True,0.17324137990425553,0.038066537749150565,-0.9371466117050766,-0.9253245262802989
14.39166666666617,3,True,0.15206539563720545,0.03820332942172915,-0.9386203980198953,-0.9260869057692753
14.395833333332837,3,True,0.27977408357461286,0.03964024308354281,-0.9401688981978182,-0.9590923472585906
14.399999999999503,3,True,0.04447773602212559,0.04562492309789842,-0.9417362200764002,-0.9619918152388294
14.40416666666617,3,True,0.06902863475484665,0.02581645760254258,-0.9439273675285572,-0.9356028800849927
14.408333333332836,3,True,0.16348981935294415,0.07387230812959084,-0.9454075894109133,-0.950454904165967
14.412499999999502,3,True,0.03139583478519576,0.027605448455010118,-0.946969252896112,-0.9695443205639978
14.416666666666169,3,True,0.15955878357678477,0.07062508490662392,-0.948509709003431,-0.9562666785164453
14.420833333332835,3,True,0.11471004404357175,0.04337860900933536,-0.9500158074922805,-0.9262112914780475
14.424999999999502,3,True,0.14415708569209462,0.09122766119260076,-0.9514497871845051,-0.966818333526554
14.429166666666168,3,True,0.11698018762572561,0.03604901280027905,-0.9529630319523571,-0.9376251006012324
14.433333333332834,3,True,0.17541978486221319,0.03636389037008258,-0.9544364241147629,-0.9484750865363245
14.4374999999995,3,True,0.08912012254270958,0.03367650362605239,-0.9558683493206322,-0.9594600968994227
14.441666666666167,3,True,0.1738676765922394,0.015964279089055157,-0.9573469469900957,-0.9542088135828152
14.445833333332834,3,True,0.28963467875274884,0.109682585914963,-0.9587642218393863,-0.9640647762546756
14.4499999999995,3,True,0.042698160740578486,0.03424651664850786,-0.9602596203251262,-0.988672716652232
14.454166666666167,3,True,0.1985176633344338,0.03975932293521319,-0.9624286024568381,-0.9350242537825117
14.458333333332833,3,True,0.044798329703254064,0.05472296659556838,-0.9638624877605543,-0.9605659312811909
14.4624999999995,3,True,0.09656715244936154,0.04143193923707262,-0.965274126657383,-0.9665990816452237
14.466666666666166,3,True,0.09474792479758874,0.041678189730939855,-0.9667301959639967,-0.9901117833223383
14.470833333332832,3,True,0.09885263236839718,0.0641586200090656,-0.9681856385570734,-0.9844209265725994
14.474999999999499,3,True,0.08337235505496426,0.037347026227189516,-0.9695985133407429,-0.9547101320445798
14.479166666666165,3,True,0.12269914705606529,0.06674540197035166,-0.9709702388593937,-0.9875357049738257
14.483333333332832,3,True,0.13371733826471802,0.02982411807683866,-0.972349826505787,-0.9708436550628805
14.487499999999498,3,True,0.13545823279372815,0.050068034302299315,-0.973776934834367,-0.9693441084773933
14.491666666666164,3,True,0.08327360095077088,0.027899268470974403,-0.9752054404951331,-0.9872953813990298
14.49583333333283,3,True,0.09318727622175325,0.07895542618965957,-0.9765927797345338,-0.9793634660951932
14.499999999999497,3,True,0.11902068608667174,0.03432086969118436,-0.9779396953448236,-0.968668382843285
14.504166666666164,3,True,0.1126985626752484,0.04593192239593694,-0.9799827058343467,-0.9781701964861172
14.50833333333283,3,True,0.055739866866035805,0.012786995810780414,-0.981404937208557,-0.9849810128941938
14.512499999999497,3,True,0.24194426574862438,0.0672199737186364,-0.9827888039716156,-0.9833805749418851
14.516666666666163,3,True,0.2928690711385371,0.0899217892154047,-0.984130885169438,-0.9808410008746036
14.52083333333283,3,True,0.1135693346143778,0.022112131713171772,-0.9854738765598229,-0.9909962050098402
14.524999999999496,3,True,0.22132503401150969,0.03751155792775698,-0.9867940592270652,-0.9981271741815562
14.529166666666162,3,True,0.08702115813930236,0.017908571883371725,-0.9881923035194694,-0.9760172377380812
14.533333333332829,3,True,0.08294945780805528,0.07373046067725218,-0.9895519611994569,-0.9801440930616145
14.537499999999495,3,True,0.18266541197620575,0.02849454273273642,-0.9908697118433402,-0.9872064459315332
14.541666666666162,3,True,0.1468176998467176,0.04420298274653876,-0.9921492931714432,-0.9844402859046888
14.545833333332828,3,True,0.21079308916112907,0.0312183927964847,-0.9934579642108716,-0.97857024271039
14.549999999999494,3,True,0.19421619533403384,0.037027004119658084,-0.9947929003023529,-0.9846790077385581
14.55416666666616,3,True,0.3315073247625621,0.03576466643766134,-0.9967205584495425,-0.9968008405103224
14.558333333332827,3,True,0.1551688156213531,0.04693658250805811,-0.9980442156940569,-0.9779904345880259
14.562499999999494,3,True,0.14714087689566574,0.07684304422271432,-0.9993121984201492,-1.0185406179592775
14.56666666666616,3,True,0.04433615573488241,0.028055346607170302,-1.0006305848885004,-1.0098290359509214
14.570833333332827,3,True,0.12741870895055826,0.01533338098742096,-1.0019503864558004,-0.9898987043373607
14.574999999999493,3,True,0.10161132347306931,0.015433944466994058,-1.003229189867309,-0.9937599547387574
14.57916666666616,3,True,0.19476611474241648,0.056295886468765904,-1.0044687824784675,-0.9916446048805904
14.583333333332826,3,True,0.25065060386770355,0.04228173607435752,-1.0057207420240608,-1.0134609647821469
14.587499999999492,3,True,0.12201127621963426,0.061105053506006195,-1.0070239572268713,-0.998632106115973
14.591666666666159,3,True,0.10443057774546098,0.03496608833862914,-1.0083291924620534,-1.0040411725477973
14.595833333332825,3,True,0.10192240628959101,0.02987251298085064,-1.0095935941086882,-0.9841646541923016
14.599999999999492,3,True,0.09306824038629137,0.054942503377297405,-1.010818140203879,-1.0410747179262847
14.604166666666158,3,True,0.2199177900423083,0.03057182810505948,-1.0126535500091254,-1.0226250188130055
14.608333333332824,3,True,0.14000660560229566,0.05217078257865072,-1.0139168695918372,-0.9874627302354764
14.612499999999491,3,True,0.09103290677517573,0.024165624387091775,-1.0151406243193866,-1.0360837266630918
14.616666666666157,3,True,0.19230825054015532,0.04374743551335572,-1.0163657361057885,-1.003668183512873
14.620833333332824,3,True,0.060847197522570035,0.0354520809496571,-1.0176115213495223,-1.0091804151461197
14.62499999999949,3,True,0.04830827239197637,0.05966470884844511,-1.0188022023521186,-1.0094067188581046
14.629166666666157,3,True,0.17966766367670717,0.03794363198290328,-1.020073616667124,-1.012324665639304
14.633333333332823,3,True,0.14272776855794098,0.03964352844252519,-1.0213057740902856,-1.021471317415473
14.63749999999949,3,True,0.20300922063917126,0.011343678005726767,-1.0224968047378633,-1.0272037555904743
14.641666666666156,3,True,0.1692371300052738,0.026794730703496875,-1.0236907901343686,-1.028752530509173
14.645833333332822,3,True,0.1657281841000011,0.02017808139635536,-1.024869443843335,-1.014731412260638
14.649999999999489,3,True,0.10696235055305137,0.030082257938988378,-1.026077526316529,-1.045568043472031
14.654166666666155,3,True,0.17962737715699226,0.0795399081162825,-1.02788942780366,-1.0243087338591164
14.658333333332822,3,True,0.11291755445046771,0.05860082428840298,-1.0290530971568737,-1.0465740497926288
14.662499999999488,3,True,0.15730358795344976,0.06195489683627926,-1.0302228663688455,-1.0435946199655497
14.666666666666154,3,True,0.23323657470141101,0.0702425369378207,-1.0313536545093405,-1.009620432158911
14.670833333332821,3,True,0.19580986846829962,0.014034378678040946,-1.0325227426075565,-1.043503785218786
14.674999999999487,3,True,0.16150551488922163,0.04297943767028109,-1.0336616653550341,-1.0245066321086185
14.679166666666154,3,True,0.15884123554391583,0.03525811227047073,-1.0348521667567834,-1.0255065030996877
14.68333333333282,3,True,0.09016833377622688,0.05188096410813558,-1.035991966160949,-1.040260869545579
14.687499999999487,3,True,0.09137456913008044,0.021935659653845575,-1.0370645086467993,-1.0219288671218505
14.691666666666153,3,True,0.09567045315073482,0.12177684413098268,-1.0382636983736546,-1.055437571779103
14.69583333333282,3,True,0.06504799929477634,0.028459385543530002,-1.039480524084746,-1.0159189935223658
14.699999999999486,3,True,0.0720416621227489,0.057848608275244816,-1.0406678530403368,-1.040739682204285
14.704166666666152,3,True,0.04992713455363227,0.051380648290252046,-1.0422953573825937,-1.0715973777409176
14.708333333332819,3,True,0.10573604919210858,0.08372656227603077,-1.0434139279519532,-1.0148715124634633
14.712499999999485,3,True,0.09067661171562985,0.005472038514748574,-1.0446169344840621,-1.0481025602409977
14.716666666666152,3,True,0.08298854429580706,0.007692915395485515,-1.0457982617116333,-1.0449309029192302
14.720833333332818,3,True,0.1682241000684284,0.05370821951726075,-1.0469455017777276,-1.0482636756447803
14.724999999999485,3,True,0.14949385535496942,0.032704629912488216,-1.0479722857192704,-1.052838402509593
14.729166666666151,3,True,0.07606570105443432,0.05447703380464768,-1.0490710124458182,-1.0738041018227233
14.733333333332817,3,True,0.20882722511298654,0.08124580201345327,-1.0502541189852168,-1.0352724765036636
14.737499999999484,3,True,0.18418039155996863,0.05062958420664087,-1.0514153608197188,-1.046808850669259
14.74166666666615,3,True,0.14655138484090238,0.0861827147301016,-1.0525423956747397,-1.0664215735318452
14.745833333332817,3,True,0.15547367636992107,0.06956465349319613,-1.053550911991638,-1.04986156980603
14.749999999999483,3,True,0.0701730388175851,0.041149435386548465,-1.0546315285873955,-1.0277525388435664
14.75416666666615,3,True,0.12375180549413628,0.07223477365765084,-1.0563712584326777,-1.0744205807039189
14.758333333332816,3,True,0.08165881407245912,0.04097956358889268,-1.0574969666485126,-1.0387705359030959
14.762499999999482,3,True,0.07941596093292662,0.03154427835802804,-1.058557470329014,-1.0334997829989676
14.766666666666149,3,True,0.0764089524352127,0.04469799586650785,-1.0595535158707756,-1.0672503553934614
14.770833333332815,3,True,0.1380982052044757,0.030662439660223816,-1.0606756350779707,-1.0302919751290995
14.774999999999482,3,True,0.13012873409152778,0.05388721736442534,-1.061813750155813,-1.0732647939397866
14.779166666666148,3,True,0.1540041108176202,0.055224910501634264,-1.0629209888746434,-1.0584323340255262
14.783333333332815,3,True,0.07207793265895483,0.028312655948573975,-1.0639635316816978,-1.0888753102387263
14.787499999999481,3,True,0.10467103717155782,0.04316768040877691,-1.0649431373800515,-1.045158453384254
14.791666666666147,3,True,0.1332366693698033,0.01863316926626347,-1.0660482441674999,-1.057749532212063
14.795833333332814,3,True,0.04402650151670969,0.04525508897985876,-1.0671687993954804,-1.0742449204789308
14.79999999999948,4,True,0.09823063428089611,0.029288233674275056,-1.0682580048157686,-1.0566239699517037
14.804166666666147,3,True,0.11986067602501177,0.03413657394166861,-1.069747071887371,-1.0677367445223638
14.808333333332813,3,True,0.07442165875935244,0.03547442287018125,-1.070777366638537,-1.0781418245148826
14.81249999999948,3,True,0.09138204885364484,0.023108461006196523,-1.0718900899240331,-1.092289994722809
14.816666666666146,3,True,0.18454412932027245,0.0337066895245708,-1.0729789485529428,-1.0979448074113767
14.820833333332812,3,True,0.21974219858577052,0.07479877699581873,-1.0740321002017703,-1.0536146036942224
14.824999999999479,3,True,0.039157474726979134,0.04849115091174075,-1.0749744749393426,-1.075001925563953
14.829166666666145,3,True,0.0863265316953837,0.0755629074319459,-1.0759889177314073,-1.08634506774673
14.833333333332812,3,True,0.20679649621559618,0.04764106713214804,-1.0770151208824597,-1.0893829117060088
14.837499999999478,3,True,0.12565621871104904,0.0362193012285367,-1.0780081793913683,-1.072672241227629
14.841666666666145,3,True,0.06535509765656337,0.027111359459695485,-1.0789683117578353,-1.0618939989239802
14.845833333332811,3,True,0.204818065741339,0.03257300912385956,-1.0798932586822048,-1.069334073083087
14.849999999999477,3,True,0.237373315211925,0.02570102218633758,-1.0809441892246519,-1.090570812014109
14.854166666666144,3,True,0.1385586449659567,0.10173546578159272,-1.0825257545167764,-1.0686839247756112
14.85833333333281,3,True,0.05216937355696403,0.04025720850770509,-1.083534468604866,-1.0972263896302707
14.862499999999477,3,True,0.024819580117586414,0.021923151377453647,-1.0844817023243205,-1.0978004420869285
14.866666666666143,3,True,0.08937593350194131,0.03553471687540876,-1.0853775915453714,-1.0815401131368787
14.87083333333281,3,True,0.04558220241445271,0.06168105659088998,-1.0864017283220742,-1.0758390095778712
14.874999999999476,3,True,0.08251002026130372,0.03327578503346869,-1.087442706317852,-1.1151663630042916
14.879166666666142,3,True,0.14542009477412401,0.058801246207603707,-1.0884532334994328,-1.099677411502799
14.883333333332809,3,True,0.07116509721860187,0.010222200743862302,-1.089404209820134,-1.0882193864409726
14.887499999999475,3,True,0.08808708028227033,0.03587704249704854,-1.090302479623813,-1.1024137096925384
14.891666666666142,3,True,0.2306149329624565,0.08865210754826805,-1.0912915993507024,-1.077766737963606
14.895833333332808,3,True,0.15890165409849824,0.035243545397338594,-1.092250376211425,-1.0980516814372687
14.899999999999475,3,True,0.062290322561041535,0.04565953772963109,-1.0931746496129735,-1.0970597481525568
14.904166666666141,3,True,0.038736945479291,0.04291128156313094,-1.0945029198844003,-1.1237406135007506
14.908333333332807,3,True,0.14558908938479553,0.03906828158545385,-1.0955060250718633,-1.1076499668793214
14.912499999999474,3,True,0.12832244654550168,0.05085649299690961,-1.0965198288325377,-1.1046246213578217
14.91666666666614,3,True,0.07979277909357738,0.05344674398349737,-1.0974979101886628,-1.0897561811007872
14.920833333332807,3,True,0.09301562559021997,0.053471549442808554,-1.098436898078158,-1.090174080627193
14.924999999999473,3,True,0.25954743975249467,0.03972924116331151,-1.0992805065466085,-1.1090324466490573
14.92916666666614,3,True,0.07517105183789327,0.059153701200178516,-1.10020182335303,-1.0964058097120353
14.933333333332806,3,True,0.09701471245309835,0.008273508399379676,-1.1011356631946776,-1.1084755652202054
14.937499999999472,3,True,0.12279922412836039,0.022322871197320925,-1.102036777560962,-1.108765060331067
14.941666666666139,3,True,0.12351736451797417,0.0173947766587087,-1.1029056434604714,-1.1060771577300312
14.945833333332805,3,True,0.09329157936435187,0.09242609057088255,-1.1037498277408677,-1.0898680795118536
14.949999999999472,3,True,0.021512890728877323,0.055734738287026395,-1.1047192910530101,-1.1034047527322768
14.954166666666138,3,True,0.15382837622462708,0.08433970832223255,-1.1061766566275337,-1.1150527349084571
14.958333333332805,3,True,0.3170560446995153,0.08817386793751249,-1.107101382971481,-1.1055976025363754
14.962499999999471,3,True,0.07272693173556459,0.035570360886858235,-1.1079693233024916,-1.1156332323205305
14.966666666666137,3,True,0.21873552356432202,0.06438396384006714,-1.108738827251674,-1.0825557009927742
14.970833333332804,3,True,0.0927300502428932,0.019307639110773867,-1.1095962906256023,-1.1050198085265996
14.97499999999947,4,True,0.17448041261472716,0.020962167451179903,-1.1105712379378552,-1.0997205456678063
14.979166666666137,3,True,0.13726706753502613,0.07317894687898414,-1.1115653832268673,-1.1209889124089256
14.983333333332803,3,True,0.16734941492423697,0.03310086269314159,-1.112509651276799,-1.091502288500594
14.98749999999947,3,True,0.11696155635859397,0.06846682350574579,-1.1133446690977984,-1.0958613377861794
14.991666666666136,3,True,0.09874745006774346,0.07243415534122416,-1.1141449999209425,-1.1261154729433156
14.995833333332802,3,True,0.08653633321315261,0.04329655391737382,-1.1150723006612084,-1.1143886355388557
14.999999999999469,3,True,0.06095688333783189,0.023440645120696168,-1.1160209550763276,-1.1286330342212048
15.004166666666135,4,True,0.07638513617625635,0.08506141255374494,-1.1173359725774406,-1.109337587027101
15.008333333332802,3,True,0.15079704100291963,0.053560261742717795,-1.1181478950195713,-1.1205706772785664
15.012499999999468,3,True,0.08522412624078331,0.02844648223520896,-1.119049866512406,-1.1257058220056662
15.016666666666135,3,True,0.03754401619597765,0.053071310202372025,-1.11992479506527,-1.1231420752323882
15.020833333332801,3,True,0.014430958649953411,0.03423594857379008,-1.1207662670426743,-1.1232465412787338
15.024999999999467,3,True,0.09725525253057507,0.08393790220623763,-1.1215309933685516,-1.0950104380289718
15.029166666666134,3,True,0.15933627151918414,0.03871421982940642,-1.1223770143504708,-1.1242724525785792
15.0333333333328,3,True,0.11252804320360485,0.08963611301044948,-1.123305679064674,-1.1180656332078243
15.037499999999467,3,True,0.1052659472888265,0.06314472775895588,-1.1242092153752399,-1.1038641111315737
15.041666666666133,3,True,0.14793872978042233,0.023794311854918596,-1.1250762160353105,-1.136456127944683
15.0458333333328,3,True,0.09646748626154994,0.00870599262677457,-1.125862775473925,-1.1246621743651746
15.049999999999466,3,True,0.09089484490397047,0.0511397463345276,-1.1266195919643185,-1.1559993421146033
15.054166666666132,3,True,0.0761778068867777,0.07398955627585414,-1.1279569730742478,-1.12249490506604
15.058333333332799,3,True,0.05803914232564103,0.028078488127016996,-1.1288454143060629,-1.1395620542687706
15.062499999999465,3,True,0.6713578096732942,0.21774452418115242,-1.129685365906697,-1.3428587037829602
15.066666666666132,3,True,0.1235999380892558,0.08580582125584305,-1.130434603579949,-1.127789778451619
15.070833333332798,3,True,0.12688310513330667,0.04245407614224647,-1.1312617764888944,-1.1397130708751526
15.074999999999465,3,True,0.04246682375225359,0.0422358813932904,-1.1321698515641108,-1.1408321789439642
15.079166666666131,3,True,0.21831499063751533,0.0726471891896391,-1.1330541174627917,-1.1329432396863697
15.083333333332797,3,True,0.07616544248256063,0.014792925297553388,-1.1338887859222977,-1.1466213853337934
15.087499999999464,3,True,0.13237873860876748,0.006689410177698885,-1.1346339715540212,-1.138216798638452
15.09166666666613,3,True,0.05289720549170965,0.07899885634368613,-1.1354551369870618,-1.1247343494708961
15.095833333332797,3,True,0.21926908649406313,0.0567548051714892,-1.136288130646927,-1.1398282507899702
15.099999999999463,3,True,0.06836808926569309,0.054588865987324334,-1.1370876187366123,-1.1634388668124918
15.10416666666613,3,True,0.02355934781480536,0.028866753350427408,-1.1381897347817846,-1.1432402206817345
15.108333333332796,3,True,0.12682941477341772,0.02425940633521709,-1.138987286812781,-1.1468028064429376
15.112499999999462,3,True,0.05400697617608218,0.08026265270192019,-1.1398651015680417,-1.1498169278400603
15.116666666666129,3,True,0.019650741698717077,0.05019567413072779,-1.1407155642122393,-1.1430657839693847
15.120833333332795,3,True,0.12386678752946079,0.021946539161378897,-1.141527757013086,-1.1363864561444845
15.124999999999462,3,True,0.0446906529167012,0.05278631237737722,-1.1422695515153194,-1.128944048722122
15.129166666666128,3,True,0.157294110122997,0.06690987484416476,-1.1429859938165352,-1.145585774661316
15.133333333332795,3,True,0.07964930658617202,0.06907751647137166,-1.1438253633598408,-1.1553385595360757
15.137499999999461,3,True,0.08567746933677906,0.027321558373097795,-1.1446794702334464,-1.1442822325061488
15.141666666666127,3,True,0.26291460229307906,0.07034106983032289,-1.1455012884547537,-1.13728524207289
15.145833333332794,3,True,0.2991523799476347,0.01004461542010936,-1.146255038509593,-1.138589229316419
15.14999999999946,3,True,0.2084963552298951,0.10782693467691966,-1.1469260397838013,-1.1355966645384235
15.154166666666127,3,True,0.06417221327938413,0.04693621608962972,-1.1480993943476325,-1.1479020658066412
15.158333333332793,3,True,0.06092411893693308,0.018203802605109655,-1.148931823206321,-1.1530004085394647
15.16249999999946,3,True,0.16655964636802004,0.0830097624933032,-1.149727081678751,-1.1527842439281493
15.166666666666126,3,True,0.2112412087829201,0.023551762773676294,-1.1504449707061477,-1.144216635713028
15.170833333332792,3,True,0.05173297624004601,0.058511674387880505,-1.1512346720902698,-1.1290099203302104
15.174999999999459,3,True,0.15911075368046326,0.035435982037555255,-1.152031140622619,-1.1224055619432842
15.179166666666125,3,True,0.2028757128346358,0.03150968721841471,-1.1527898882891545,-1.1336392353277722
15.183333333332792,3,True,0.14547358797836613,0.04281231886889863,-1.1535031169506966,-1.1457262639480572
15.187499999999458,3,True,0.12082493411039821,0.049254351800454184,-1.1542019837882107,-1.154001144022078
15.191666666666125,3,True,0.05291671293581447,0.039497982412106954,-1.1549854200869547,-1.1711320897964137
15.195833333332791,3,True,0.17589143984211256,0.08673718401110567,-1.1557320413126078,-1.1416347348332108
15.199999999999458,3,True,0.08990769502654251,0.04138423244522298,-1.1564393135864308,-1.1336505967675345
15.204166666666124,3,True,0.11227086500923708,0.017725961446917432,-1.1574163478763824,-1.172036063477677
15.20833333333279,3,True,0.11721743762323714,0.041855436665832246,-1.158141149221393,-1.1751992117045065
15.212499999999457,3,True,0.06083198311306659,0.041778727716119686,-1.1589472716170524,-1.1822066984312938
15.216666666666123,3,True,0.18729394342893962,0.0770039595680324,-1.1597262248110107,-1.1708928733782173
15.22083333333279,3,True,0.07550712470021798,0.03247230911984289,-1.1604671086361547,-1.1482152906840193
15.224999999999456,3,True,0.08636480932900262,0.04776749771935433,-1.1611523715962138,-1.1832387717106865
15.229166666666123,3,True,0.1838749499086728,0.029057926282166014,-1.1617664282811087,-1.1668436346345774
15.233333333332789,3,True,0.1128635812704512,0.035031515911450616,-1.1624648577724606,-1.1465900445342574
15.237499999999455,3,True,0.15324599318926072,0.0305559266757528,-1.16324915057854,-1.1458448519604791
15.241666666666122,3,True,0.11765041063838184,0.06871345766689434,-1.1640147755403754,-1.1468909159684886
15.245833333332788,3,True,0.07468130066712277,0.037847144525042654,-1.1647305843852522,-1.157341158655465
15.249999999999455,3,True,0.06296782795389508,0.04064197003309231,-1.1653704968301524,-1.167187292787483
15.254166666666121,3,True,0.07572639411387092,0.04587621571638805,-1.1664548569146571,-1.205658538919553
15.258333333332788,3,True,0.015011045439157154,0.03402296746923944,-1.1671697965804904,-1.185294731653544
15.262499999999454,3,True,0.10532644222494308,0.03946278901537124,-1.1678478132769983,-1.1753730763134638
15.26666666666612,3,True,0.15738822481172793,0.10610741779782794,-1.1685192676746066,-1.1914545690621965
15.270833333332787,3,True,0.18080243317694333,0.056891580984565954,-1.1692701802859942,-1.1823578940444326
15.274999999999453,3,True,0.3442810688061252,0.08117486118953596,-1.1699804918815113,-1.1781517927825722
15.27916666666612,3,True,0.2147041478124464,0.02205427737360883,-1.170648212963957,-1.1568842635109946
15.283333333332786,3,True,0.11011288732900032,0.05732589706490901,-1.1712755455583914,-1.1285934196936298
15.287499999999453,3,True,0.031980065208979946,0.07004689069696472,-1.1719017018699758,-1.2016328407081598
15.291666666666119,3,True,0.10181591834483064,0.021534628642051138,-1.1726142207886578,-1.1662395515364026
15.295833333332785,3,True,0.055531731600983694,0.05951584558011489,-1.1732906539344878,-1.1701849139023597
15.299999999999452,3,True,0.19163820725449437,0.04796996162801516,-1.1739287331985762,-1.1608683099121027
15.304166666666118,3,True,0.14826467556162606,0.09343549201189108,-1.174816554466519,-1.1673677282911674
15.308333333332785,3,True,0.0459876182176464,0.08048980153191786,-1.1754878367360742,-1.1864210152771473
15.312499999999451,3,True,0.15042745231142926,0.07880982633538217,-1.1761656602939705,-1.1823266752819805
15.316666666666118,3,True,0.1560277034453355,0.04116865328922831,-1.176806200629774,-1.1830426846872517
15.320833333332784,3,True,0.14465071602817484,0.016115942898310136,-1.1774107519029395,-1.1852383285944412
15.32499999999945,3,True,0.013496406496874398,0.07285189069733243,-1.1779809933382415,-1.1619155615809782
15.329166666666117,3,True,0.13164699136107846,0.03611576764836897,-1.1786411001868495,-1.1621505815827666
15.333333333332783,3,True,0.11948606681394079,0.09426940543844133,-1.1793073738101632,-1.1612897792095955
15.33749999999945,3,True,0.15502052732759472,0.053137575877187294,-1.1799363605614317,-1.1678046359181145
15.341666666666116,3,True,0.07111717331951202,0.04180823889303356,-1.1805291100686337,-1.1616805669020625
15.345833333332783,3,True,0.20769866969264736,0.042738699727859764,-1.1810905382871766,-1.1987898524299825
15.349999999999449,3,True,0.07737605034658362,0.03973436622388775,-1.1817419298490355,-1.1905416287625528
15.354166666666115,3,True,0.07361438376618996,0.01629160600271923,-1.1827128048540108,-1.1980899535890135
15.358333333332782,3,True,0.048998221977475206,0.020997508016708154,-1.1833130823482685,-1.1849714939191585
15.362499999999448,3,True,0.024114602657224378,0.03997454487391328,-1.1838810630355128,-1.1717745876541876
15.366666666666115,3,True,0.0343050329733779,0.046552216191824466,-1.1844125671056962,-1.2012982996240222
15.370833333332781,3,True,0.024786168586606917,0.03755404177006004,-1.185034299980144,-1.187859737645332
15.374999999999448,3,True,0.06775610553153806,0.04166065340752872,-1.185740182538125,-1.188176297668027
15.379166666666114,3,True,0.06491007861174176,0.020629553975466564,-1.1864229749693354,-1.1818036390122424
15.38333333333278,3,True,0.12697525122144868,0.018042119812351935,-1.1870741646232583,-1.1930310813938994
15.387499999999447,3,True,0.12713185782861744,0.03710913921547963,-1.187682758507751,-1.198133654351677
15.391666666666113,3,True,0.07965356725505542,0.023545688342439232,-1.1882689013850867,-1.1850578222427839
15.39583333333278,3,True,0.05978151459095426,0.05869165892213505,-1.1889388677909172,-1.1923786348779721
15.399999999999446,3,True,0.04810803864135401,0.03919410196774203,-1.1895774426634285,-1.2011961196520708
15.404166666666113,3,True,0.1405793844965867,0.03924354869245351,-1.1904796470693255,-1.2088605611224297
15.408333333332779,3,True,0.1786550730314239,0.04017194495954383,-1.1910688267739944,-1.18755187377768
15.412499999999445,3,True,0.1444925380955017,0.03531375923358616,-1.19173740275402,-1.1854488390106688
15.416666666666112,3,True,0.08352297943563107,0.057957783671805894,-1.1923677187453265,-1.2176386780786554
15.420833333332778,3,True,0.29934941001799215,0.06075949360620905,-1.1929580389428671,-1.1920076408143838
15.424999999999445,3,True,0.09292856258338165,0.047402335450708676,-1.1935251185454936,-1.175911051222884
15.429166666666111,3,True,0.10065429404688464,0.04896472049849422,-1.1940879845391585,-1.1892170860325812
15.433333333332778,3,True,0.05488673782824166,0.06803081713294827,-1.1947333052462108,-1.1971105453715152
15.437499999999444,3,True,0.1265669301829188,0.03928739646904222,-1.1953414064477772,-1.199983940521626
15.44166666666611,3,True,0.04227648291066419,0.0355918213622478,-1.1959105062654767,-1.1982974888162052
15.445833333332777,4,True,0.07711404310780294,0.021846900018119203,-1.1964610852315443,-1.2176857084112092
15.449999999999443,3,True,0.14636560835008583,0.015895205202817883,-1.1970095397662517,-1.190936179013195
15.45416666666611,3,True,0.09383605654333531,0.022258423541084264,-1.1980171124863044,-1.2075344082295112
15.458333333332776,3,True,0.14461063508928282,0.016996089897286498,-1.1986749510554187,-1.2074022508256492
15.462499999999443,3,True,0.11325459941785265,0.04367730132433938,-1.1993026620312826,-1.1935185353406148
15.466666666666109,3,True,0.1520420561452882,0.07758352474725097,-1.199896017958811,-1.186991015644757
15.470833333332775,3,True,0.207592191401602,0.015274291440762661,-1.200409758714408,-1.196815153472932
15.474999999999442,3,True,0.0863391107991185,0.02878400794018298,-1.20099858095851,-1.203460183353956
15.479166666666108,3,True,0.06970992475366974,0.0041302657110051525,-1.2015975668494678,-1.197639111449622
15.483333333332775,3,True,0.09723046095228567,0.06393887808850833,-1.2021762145658328,-1.2147919046651332
15.487499999999441,3,True,0.20187277990214725,0.06455895780857472,-1.202729684387555,-1.2068049639721252
15.491666666666108,3,True,0.10494900606467675,0.03865306614651562,-1.2033569363339407,-1.2017879659661335
15.495833333332774,3,True,0.11482514287727949,0.0438190737636196,-1.2039779583962213,-1.2176561675815707
15.49999999999944,3,True,0.03830566358620023,0.04515270879922931,-1.2045539501558384,-1.2230642218843228
15.504166666666107,3,True,0.08608017541270847,0.0737749508451863,-1.2053669109388616,-1.2031370474863978
15.508333333332773,3,True,0.02103243889690532,0.026693616111093516,-1.2059056185760473,-1.195606487670779
15.51249999999944,3,True,0.1749782943645717,0.029578826973903422,-1.2064199912053761,-1.2154903320967574
15.516666666666106,3,True,0.11560428666156583,0.0172434973229918,-1.2069743860557272,-1.2238809686041108
15.520833333332773,3,True,0.20836687581459368,0.03938678832466818,-1.2074966444261759,-1.2099687951828897
15.524999999999439,3,True,0.12900800520457292,0.08683525791501194,-1.2080187425197857,-1.2070252526845564
15.529166666666105,3,True,0.13455509189911538,0.04552719239165598,-1.208542589573054,-1.2016206471477875
15.533333333332772,3,True,0.15213847611478995,0.030396129491629703,-1.2091451731810063,-1.2261007874471779
15.537499999999438,3,True,0.08589128350921753,0.06158387415557736,-1.2097050874518642,-1.2396837973858923
15.541666666666105,3,True,0.06189864974442765,0.03239507332691093,-1.210221297498066,-1.2065610404406768
15.545833333332771,3,True,0.08890713495860374,0.05031203205918321,-1.210736080382249,-1.2156953958156882
15.549999999999438,3,True,0.04641825158914539,0.022262184451288938,-1.2112515142241622,-1.2154435692664312
15.554166666666104,3,True,0.04731240430361406,0.04226673828925241,-1.212124430907084,-1.2134934105832944
15.55833333333277,3,True,0.05323449658181762,0.030736975851386964,-1.2126498099430372,-1.213053902405816
15.562499999999437,3,True,0.08061287965785098,0.030409998614058024,-1.213149762913452,-1.2102052228590874
15.566666666666103,3,True,0.0838408856219201,0.019264570144279652,-1.2136375653018534,-1.2091748850210045
15.57083333333277,3,True,0.1995738075640399,0.04293082502053144,-1.2142048520771755,-1.1930190074725358
15.574999999999436,3,True,0.10389091122604344,0.04285330941185095,-1.2147655760066751,-1.2071328676364355
15.579166666666103,3,True,0.09800486720952378,0.013748628440574865,-1.2152799418140912,-1.214839328525252
15.583333333332769,3,True,0.05847898841002162,0.046924205442551964,-1.2157698839878481,-1.225805133828583
15.587499999999435,3,True,0.14461074254461076,0.033803238023569174,-1.2162510772421238,-1.2008939734893387
15.591666666666102,3,True,0.20219732419774034,0.06299299035162216,-1.2167161137169407,-1.207956926920444
15.595833333332768,3,True,0.055221770856491735,0.03570759132063401,-1.2172665241454268,-1.2278403483086533
15.599999999999435,3,True,0.12648987361227657,0.02842320419936515,-1.2177785402665748,-1.2361716769621234
15.604166666666101,3,True,0.06502019250364431,0.040668768323968076,-1.2192526184700205,-1.2051639522731656
15.608333333332768,3,True,0.04651744537009422,0.045490937921489505,-1.220893819855232,-1.2070497392547888
15.612499999999434,3,True,0.11914779228097395,0.057724551466373626,-1.2225173929350106,-1.2270943287131106
15.6166666666661,3,True,0.08869740521732944,0.03643026460557678,-1.2239346430233877,-1.2148383444200406
15.620833333332767,3,True,0.03880538146368349,0.05250536002277886,-1.2251653391193629,-1.2297240700429144
15.624999999999433,3,True,0.08494401552027156,0.05052098509431809,-1.2270483613346446,-1.2333180315455365
15.6291666666661,3,True,0.1524558946688025,0.03670764909006437,-1.2292756983581206,-1.2283268943165797
15.633333333332766,3,True,0.09931509315517702,0.054875722588959536,-1.231450210452095,-1.241088771134071
15.637499999999433,3,True,0.019099929980992483,0.0955361102016289,-1.233443737509375,-1.2495430237674756
15.641666666666099,3,True,0.03576500789787806,0.030358938450202533,-1.2352328118784082,-1.2498684349678557
15.645833333332765,3,True,0.09481136950502392,0.008194106882738483,-1.2376409673458777,-1.2422431178511997
15.649999999999432,3,True,0.07096460961809467,0.06660980153955379,-1.2399565945202753,-1.2535639555662834
15.654166666666098,3,True,0.13023584491114412,0.029572951498605615,-1.2430761036689113,-1.246166049209072
15.658333333332765,3,True,0.09398277028561394,0.040771657896472906,-1.2449359764105397,-1.2405125516976354
15.662499999999431,3,True,0.017570604520638997,0.026072536086877894,-1.2469568789993715,-1.2340354552935147
15.666666666666098,3,True,0.12943759400103247,0.012267697145989331,-1.2496695634903328,-1.2404937867774244
15.670833333332764,3,True,0.12704457941545721,0.03029156544927342,-1.2524818324120088,-1.2478284960630561
15.67499999999943,3,True,0.07119026728505962,0.038758659821647716,-1.2551551873876747,-1.2723682547416402
15.679166666666097,3,True,0.1538558040421408,0.05254896110371398,-1.2576203809061373,-1.2640241489803175
15.683333333332763,3,True,0.026546857246985838,0.020078881934223382,-1.2601937541968702,-1.251901777955534
15.68749999999943,3,True,0.208347292467928,0.03418971295921019,-1.2634004901077007,-1.2559121498445918
15.691666666666096,3,True,0.1336949533646533,0.028809880239643943,-1.2666469313404027,-1.2552770654029337
15.695833333332763,3,True,0.1034966073667878,0.052176178336655166,-1.269702752981348,-1.2593680676644181
15.699999999999429,3,True,0.09066560351928812,0.02772212743951879,-1.2725064763633007,-1.2489801976588273
15.704166666666096,3,True,0.06287770937722163,0.022596389821548154,-1.2771053084487163,-1.2979250714660435
15.708333333332762,3,True,0.08141758665483373,0.029823233546143548,-1.2806501030829145,-1.2561323486943037
15.712499999999428,3,True,0.15304985457212092,0.05183301570144878,-1.2840612963859883,-1.2535688904681113
15.716666666666095,3,True,0.15929311874776667,0.02943894187867461,-1.2872167037195983,-1.2677388876605977
15.720833333332761,4,True,0.030357448253148487,0.04033226678720562,-1.2900985348205292,-1.2939340938211188
15.724999999999428,3,True,0.06333387661371673,0.03866885833246596,-1.2935930212268643,-1.2801488879471923
15.729166666666094,3,True,0.07620691545699758,0.03197719265990978,-1.2973267665838466,-1.2926763148184166
15.73333333333276,3,True,0.1332475962214994,0.06664834707392345,-1.300912242158629,-1.3141966459416683
15.737499999999427,3,True,0.08073942381088697,0.048443841682893556,-1.3042294290456988,-1.2990613749617614
15.741666666666093,3,True,0.15241299974539416,0.040255236954205305,-1.3072618918574739,-1.3241722831136122
15.74583333333276,3,True,0.13431872641387763,0.0653952695196844,-1.3109078865096082,-1.3173123798306916
15.749999999999426,3,True,0.05680570780350858,0.04546950269101027,-1.314781304150107,-1.323307537956647
15.754166666666093,3,True,0.204510340711474,0.04407140734135677,-1.3202550933148895,-1.3304348664772228
15.758333333332759,3,True,0.054148564984853216,0.01937294530238257,-1.323549149187799,-1.3075730854444199
15.762499999999426,3,True,0.12738479092294264,0.011627377634067413,-1.3268979958761957,-1.3257828346591083
15.766666666666092,3,True,0.11726628028359146,0.025838844855512345,-1.3308455345559984,-1.3081407411806045
15.770833333332758,3,True,0.14696648394678902,0.03765087050450352,-1.3347685214710099,-1.3330917559895896
15.774999999999425,3,True,0.13499812738006303,0.02114154901252487,-1.3384503091965958,-1.3564612751730436
15.779166666666091,3,True,0.10657062096304076,0.03921218908671045,-1.3418358073538204,-1.3479655354625362
15.783333333332758,4,True,0.0650022536767357,0.017915376753868166,-1.3452722032417652,-1.3405054592666805
15.787499999999424,3,True,0.05672090494062639,0.060504241235010366,-1.3493043143391459,-1.329809719214317
15.79166666666609,3,True,0.1407874942989303,0.015395358330332664,-1.3533048533418417,-1.3534266478449288
15.795833333332757,3,True,0.10788766421270325,0.03548081326569463,-1.3570590043867274,-1.341746196969389
15.799999999999423,3,True,0.11493316353269765,0.029583991826262278,-1.3605121883127844,-1.3574777175731405
15.80416666666609,3,True,0.2538524300806787,0.07473274709880175,-1.3660414731786652,-1.358120513348988
15.808333333332756,3,True,0.0534057835093176,0.09553167963837585,-1.3701624206897314,-1.3591645315581757
15.812499999999423,3,True,0.07978186403776129,0.0314285526234422,-1.3741094912444547,-1.3796146761596342
15.81666666666609,3,True,0.10896951711215015,0.06947693533958307,-1.3777654515173605,-1.4006179164290025
15.820833333332756,3,True,0.04094123335415856,0.026375111109040037,-1.3811167414826633,-1.3994680649865332
15.824999999999422,3,True,0.05009201868278523,0.03817307763635087,-1.3850765368588167,-1.3838056812091404
15.829166666666088,3,True,0.03492438058012529,0.05986851137962968,-1.3892404666805356,-1.3783732041977268
15.833333333332755,3,True,0.14838279021973133,0.03834360479583949,-1.39322536906217,-1.3774863680083744
15.837499999999421,3,True,0.20413442698961826,0.04244814330954586,-1.3969146165907973,-1.40788169115504
15.841666666666088,3,True,0.08266290040609017,0.024087708979854097,-1.4002954774485192,-1.399600287643906
15.845833333332754,3,True,0.1441250399052152,0.112636081018473,-1.404285198737259,-1.4061070745579634
15.84999999999942,3,True,0.07493722707868991,0.013734430220753437,-1.408475838792737,-1.4074479504540423
15.854166666666087,3,True,0.15605982523335749,0.04406287280495224,-1.4143767176753363,-1.450787600510791
15.858333333332753,3,True,0.06763184140745514,0.016042688082823553,-1.4179270573780227,-1.4116914745940947
15.86249999999942,3,True,0.22288628278458866,0.04236479486288047,-1.4215178590612336,-1.4177131398329084
15.866666666666086,3,True,0.060979037480830146,0.036534321336308295,-1.4244395622455646,-1.4313371927489296
15.870833333332753,3,True,0.09056679568727978,0.0626531582463915,-1.4266460204148352,-1.4396242938324177
15.87499999999942,3,True,0.12327363864763394,0.034477578436728176,-1.4284084994646744,-1.4443395210652654
15.879166666666086,3,True,0.16230452605128973,0.036863538594525104,-1.429821550949987,-1.4230399693160336
15.883333333332752,3,True,0.09920350673324767,0.03152122400523875,-1.4313644795501204,-1.4457297691152051
15.887499999999418,3,True,0.13209311123545056,0.10910730893394797,-1.433786944162267,-1.4352443733591502
15.891666666666085,3,True,0.09474459451966354,0.04220783814684432,-1.4364750994809237,-1.4497813458195308
15.895833333332751,3,True,0.094328159481548,0.06599365456516247,-1.4391859486398666,-1.440064180700408
15.899999999999418,3,True,0.08785918097999632,0.03730135529244727,-1.441822260565146,-1.4664209432636663
15.904166666666084,3,True,0.175134479609073,0.08904329928628099,-1.4459694201355424,-1.4611692487851964
15.90833333333275,3,True,0.06618853210051141,0.04397211476124534,-1.44799112545476,-1.461291403320419
15.912499999999417,3,True,0.15831296623387972,0.1105517123506764,-1.4495881120633394,-1.4505228135844637
15.916666666666083,3,True,0.27540679307836424,0.026227628648145897,-1.450857020799573,-1.434259816116778
15.92083333333275,3,True,0.16489805330924695,0.05234279678718237,-1.4520512064928444,-1.4581394484353276
15.924999999999416,3,True,0.15600342655886515,0.012454182863280082,-1.4537333318284782,-1.451703606446735
15.929166666666083,3,True,0.13873609820887317,0.03284849533378293,-1.4549352898704047,-1.4730848208581375
15.93333333333275,3,True,0.1525511057437323,0.07979395872723972,-1.4558960460810673,-1.4670516629620443
15.937499999999416,3,True,0.10057042848779076,0.04705293826658538,-1.4567283481455746,-1.476845938620101
15.941666666666082,3,True,0.0374465986924619,0.04271408197546775,-1.4576800183896705,-1.4636236429312603
15.945833333332748,3,True,0.12100821843592494,0.11860895147921881,-1.459196003848863,-1.4742612441798508
15.949999999999415,3,True,0.10882879459375394,0.011748873425166003,-1.4601414465663463,-1.4576046303642944
15.954166666666081,3,True,0.10492122787683207,0.05278695938320692,-1.4612242192062597,-1.461221189272938
15.958333333332748,3,True,0.1543676976292305,0.010214731305545646,-1.4618378542782555,-1.4551677177653857
15.962499999999414,3,True,0.06891711370571865,0.03245476839952371,-1.4629580578546708,-1.4608440594409453
15.96666666666608,3,True,0.06302619141590123,0.017819453221748133,-1.463943390724903,-1.4644763405160524
15.970833333332747,3,True,0.2318939432011248,0.06286309091238651,-1.4647304160359285,-1.4634749328297436
15.974999999999413,3,True,0.10085626808741599,0.05357212273220374,-1.4654262336739166,-1.4757512807944113
15.97916666666608,3,True,0.13307255023180553,0.02920650997593382,-1.4662815888932423,-1.466703224347071
15.983333333332746,3,True,0.11178300354286153,0.04015350484005994,-1.4676673740373385,-1.4637996346009026
15.987499999999413,3,True,0.024523723479493383,0.06986865188247797,-1.4688742181940981,-1.4675580042245864
15.99166666666608,3,True,2.016356505650584,0.6148965491320206,-1.4698277959579316,-0.8587913690551096
15.995833333332746,3,True,0.20097272566520075,0.07147673277630534,-1.4706488846340222,-1.4736459982395431
15.999999999999412,4,True,0.10379307342538543,0.02092961706579223,-1.4716006360730534,-1.4743551479995796
16.00416666666608,3,True,0.14858356851525137,0.04164252918595817,-1.4737233032692953,-1.4897530914322332
16.008333333332747,3,True,0.15861425388201625,0.05519588540224414,-1.47471467515469,-1.484007549940576
16.012499999999413,3,True,0.09219805062846737,0.05597426032785016,-1.4754977498172805,-1.4780060526633305
16.01666666666608,3,True,0.08500567542133361,0.06405690477099672,-1.4761199003445367,-1.4961391726995916
16.020833333332746,3,True,0.26473853283648946,0.05508351236623204,-1.4766743313827095,-1.478765194291484
16.024999999999412,3,True,0.150839156784476,0.06647384668522377,-1.4774013184915327,-1.4993332241923496
16.02916666666608,3,True,0.06625083274404388,0.03405911539661263,-1.4792996609232865,-1.4924574249669222
16.033333333332745,3,True,0.0215552356800335,0.048035030324098164,-1.4824467918513564,-1.4783232976423886
16.03749999999941,3,True,0.08646005450587609,0.02350626960241721,-1.4865590438124303,-1.488230499988088
16.041666666666078,3,True,0.13255024827418915,0.030817692572392436,-1.491399007480252,-1.503195191317902
16.045833333332745,3,True,0.04139160751480452,0.06353249263826606,-1.496911074484645,-1.4983415886815465
16.04999999999941,3,True,0.20111411736934942,0.04679028389310144,-1.502874885334787,-1.5132235924116402
16.054166666666077,3,True,0.14245513079295682,0.00912499597536724,-1.5124449099007315,-1.507918999638935
16.058333333332744,3,True,0.08497099428328113,0.05705683843856056,-1.519097937606931,-1.5409570695021695
16.06249999999941,3,True,0.16142742714561842,0.057536835122584944,-1.525957230735065,-1.5486473852604852
16.066666666666077,3,True,0.1737172398470812,0.04364768744385608,-1.5330277729411792,-1.531735703099605
16.070833333332743,3,True,0.19507865220926549,0.025734633603636717,-1.5401838052918746,-1.537653987808662
16.07499999999941,3,True,0.03959371720735514,0.03832912316473243,-1.5473861490521414,-1.557702071678027
16.079166666666076,3,True,0.10789984092738632,0.07869747674968768,-1.55459113763582,-1.5594384279478959
16.083333333332742,3,True,0.06658541442907458,0.09124174266919542,-1.5615751466933845,-1.5729322096143468
16.08749999999941,3,True,0.14817444550703324,0.021186952127469204,-1.5686258960569333,-1.588404232804434
16.091666666666075,3,True,0.12325757154117666,0.04908213669582703,-1.5754128468761281,-1.5686887970930485
16.09583333333274,3,True,0.05019584028725083,0.03756837552406156,-1.5821620159735328,-1.5745338682859409
16.099999999999408,3,True,0.08104186952918342,0.0508156745054721,-1.588889168551594,-1.5930557824379756
16.104166666666075,3,True,0.058631701252180486,0.03922018091584568,-1.5991372629053204,-1.6138485484229228
16.10833333333274,3,True,0.1792047077030755,0.06925168086214425,-1.6060982286936054,-1.6086303497098529
16.112499999999407,3,True,0.054048246272775734,0.03816353199868131,-1.6126981176882846,-1.5929886958167403
16.116666666666074,3,True,0.08314999613196389,0.04390036537391359,-1.6191147825411638,-1.6295439774292126
16.12083333333274,3,True,0.10798964597562179,0.016456719212852973,-1.6254830250314731,-1.626531191154075
16.124999999999407,3,True,0.09175058614199844,0.028724768937872527,-1.632021748491092,-1.6373691511895965
16.129166666666073,3,True,0.08923470136616124,0.07519009277813678,-1.638656065917699,-1.6197838043815447
16.13333333333274,3,True,0.14250047143800348,0.0425967149197102,-1.6453446923418236,-1.6547318007912089
16.137499999999406,3,True,0.10721345388033862,0.030615424403544735,-1.6519313085453564,-1.6302021177220907
16.141666666666072,3,True,0.23516895625667544,0.07361681600098188,-1.6583402499917597,-1.6740429185148167
16.14583333333274,3,True,0.02534109899649524,0.03433639890557553,-1.6649078475968482,-1.672625548476804
16.149999999999405,3,True,0.10110280217353716,0.041555458068214125,-1.6714241039478432,-1.685808605877801
16.15416666666607,3,True,0.11112820751488706,0.06304093258047501,-1.6806419790698692,-1.6827614330809397
16.158333333332738,3,True,0.08757966861573102,0.027811061333775876,-1.6867356471678414,-1.686379828108364
16.162499999999405,3,True,0.11461233926920235,0.03318997494615823,-1.6929004370114955,-1.6698082824014757
16.16666666666607,3,True,0.1490948656165274,0.05196966846478291,-1.6992647499516895,-1.6949569962662017
16.170833333332737,3,True,0.053836947421201674,0.01246207076145359,-1.7057112817500846,-1.6997169421201004
16.174999999999404,3,True,0.0876285280934096,0.038261019638515775,-1.7120719466533303,-1.7426870919804862
16.17916666666607,3,True,0.09229547351426674,0.04961964856845851,-1.718072650967534,-1.7079232053495486
16.183333333332737,3,True,0.08854368831679008,0.017903579718906205,-1.72407862324274,-1.7213366406733501
16.187499999999403,3,True,0.08330485494958083,0.027155594998051213,-1.7302501795871186,-1.7415666113531256
16.19166666666607,3,True,0.1352848374048824,0.028503101587756822,-1.7364959178556696,-1.731352849383031
16.195833333332736,3,True,0.17636101256642028,0.05991103331157986,-1.7426617543491396,-1.738880083090147
16.199999999999402,3,True,0.10075640369577168,0.046723005017975605,-1.748485883108676,-1.7557896302845208
16.20416666666607,3,True,0.12819170771593716,0.036201683881486535,-1.757318233750534,-1.7578802887985734
16.208333333332735,3,True,0.20797141459837754,0.03103570975320322,-1.763378015177482,-1.770450658048181
16.2124999999994,3,True,0.11711879763095548,0.046861875802187244,-1.7695038043619014,-1.7671763839486085
16.216666666666068,3,True,0.20582228662201288,0.03265992368883886,-1.7753175794878355,-1.7566503820914128
16.220833333332735,3,True,0.08230702604130767,0.0160713412438639,-1.7809704405987106,-1.7969152392786925
16.2249999999994,3,True,0.20023334150602276,0.07148597674860854,-1.7867924318070718,-1.7973188530746373
16.229166666666067,3,True,0.10990940790301337,0.01343010674592716,-1.7927302870580744,-1.7934669833667198
16.233333333332734,3,True,0.19115196397070325,0.0477238298869393,-1.798615742907001,-1.790719973516602
16.2374999999994,3,True,0.12497768464068285,0.04767856915123471,-1.8043690169291153,-1.7882237976288256
16.241666666666067,3,True,0.09890562752106351,0.03962171158981181,-1.810101596474736,-1.831204415155108
16.245833333332733,3,True,0.15482821041961223,0.011954182744131908,-1.8160474823792765,-1.8254038435039686
16.2499999999994,3,True,0.1290700321189793,0.03601092465571829,-1.8217139153966737,-1.8406560556334497
16.254166666666066,3,True,0.0596637393848978,0.06696174306840057,-1.8300058210508816,-1.8189829380103686
16.258333333332732,3,True,0.09083128046161537,0.02807590032466159,-1.835518241251467,-1.8564468272337358
16.2624999999994,3,True,0.27181932851242474,0.024832069529668217,-1.8411181820924427,-1.8374171266779176
16.266666666666065,3,True,0.22440466506541276,0.05607825510532821,-1.846940620451628,-1.839623486235697
16.27083333333273,3,True,0.09698201140998913,0.024643375105473698,-1.852727122523838,-1.8587302656813853
16.274999999999398,3,True,0.1379612985442577,0.0778109345601643,-1.858175479014944,-1.849974279397425
16.279166666666065,3,True,0.22192667217471224,0.026640255351209882,-1.8635661329389128,-1.8706107907325025
16.28333333333273,3,True,0.11448097578401274,0.07926632421858636,-1.8690144046460324,-1.8637215073507092
16.287499999999397,3,True,0.16342513663012725,0.018882720497972932,-1.8746684126264785,-1.881811931540567
16.291666666666064,3,True,0.08115955093327325,0.02515448051945132,-1.8802901240233727,-1.9043055565448064
16.29583333333273,3,True,0.16684395022869267,0.04913876602392656,-1.8855882608790906,-1.8846207681665155
16.299999999999397,3,True,0.07605929796508945,0.020950849631828323,-1.8908353722357447,-1.877896858587736
16.304166666666063,3,True,0.08364830818589342,0.03571317974663971,-1.8988881643732027,-1.9010333715019279
16.30833333333273,3,True,0.13212528384702127,0.04018694235553983,-1.9044668512602914,-1.9099349152802336
16.312499999999396,3,True,0.24072343114623956,0.024399402564332658,-1.909758102083913,-1.9202255172255178
16.316666666666062,3,True,0.18630748877188621,0.03019687984035265,-1.9149095654471997,-1.9276796756464518
16.32083333333273,3,True,0.11925199678363195,0.1266307205523233,-1.9200299839069173,-1.8833251277416547
16.324999999999395,3,True,0.10219763717907977,0.0229373208723155,-1.9253550498764933,-1.919994718376187
16.32916666666606,3,True,0.06030127272215705,0.049217906607404216,-1.9308241081113096,-1.9148859900288229
16.333333333332728,3,True,0.17111932773759936,0.018499013694672026,-1.9360094628955613,-1.9188880847107488
16.337499999999395,3,True,0.13121333305007293,0.024516047012798452,-1.941057812132657,-1.9500272143507549
16.34166666666606,3,True,0.118853908676279,0.028399980952061834,-1.9460758017278137,-1.9503202782634617
16.345833333332727,3,True,0.1179218007133742,0.046652073273791714,-1.9512979451852146,-1.9617094081597863
16.349999999999394,3,True,0.07464533053552785,0.055070417196957565,-1.9566656616440703,-1.9561973938206472
16.35416666666606,3,True,0.12576374295080264,0.07059545455756838,-1.964232582022736,-1.9722520423278338
16.358333333332727,3,True,0.09336015531064884,0.0495263092383478,-1.9691656319899733,-1.9782493027339956
16.362499999999393,3,True,0.09242369835593668,0.04246306308423858,-1.9741610903582798,-1.9942506046768973
16.36666666666606,3,True,0.11334585366687225,0.05523365156593624,-1.9793705936426131,-1.958868407840716
16.370833333332726,3,True,0.08713134343129053,0.011980877787316931,-1.9845620087127853,-1.9751966889604686
16.374999999999392,3,True,0.13196159661524676,0.08333417008315286,-1.9894442137092936,-1.987159831873647
16.37916666666606,3,True,0.11409751962347914,0.02711963541929523,-1.99428367410788,-1.9884510695573243
16.383333333332725,3,True,0.20944585982395922,0.059332975410959825,-1.999184989206869,-1.9858925302665673
16.38749999999939,3,True,0.06695387717117064,0.03136996983180253,-2.004300428693952,-2.0191964167032816
16.391666666666058,3,True,0.1105847955949538,0.06214653979779064,-2.009398375271125,-2.0215498450271134
16.395833333332725,3,True,0.12197334648785257,0.05483157555060995,-2.014188433554922,-2.0150089422407627
16.39999999999939,3,True,0.09488044979004262,0.074185073250494,-2.0189364622330337,-2.007171946440135
16.404166666666057,3,True,0.0783952360880842,0.02286112249196555,-2.02624009868748,-2.0266507501654876
16.408333333332724,3,True,0.11479078183870431,0.0568085923692483,-2.0313254486132255,-2.0317541629533564
16.41249999999939,3,True,0.17772214045623783,0.047829643132376906,-2.0361330690131454,-2.023782802225866
16.416666666666057,3,True,0.1344803515496329,0.07598113157280874,-2.040808066272486,-2.0683709002012343
16.420833333332723,3,True,0.09616603177782171,0.02998199220817002,-2.045455554674195,-2.0206446188564877
16.42499999999939,3,True,0.09066672783630415,0.057355491014342244,-2.050302293141473,-2.068952385806057
16.429166666666056,3,True,0.09037880625608682,0.032513903479779935,-2.055297224093893,-2.0501730629650754
16.433333333332723,3,True,0.14477434269338227,0.024160495075042025,-2.060015526188723,-2.0751384879725263
16.43749999999939,3,True,0.06599097443723269,0.03848832864980627,-2.0646020399245892,-2.0852202665075397
16.441666666666055,3,True,0.06579605159194445,0.06430971718118528,-2.0691618247103913,-2.079457181913051
16.445833333332722,3,True,0.16447542168008905,0.06156908338050592,-2.0739196211252873,-2.0666695371196497
16.449999999999388,3,True,0.08625586397098256,0.0332552094803535,-2.078698327924427,-2.0688915440139666
16.454166666666055,3,True,0.0304624346731316,0.06042599729321992,-2.08571790338216,-2.0741500908683648
16.45833333333272,3,True,0.08581936433177265,0.026668132009784108,-2.090307852104009,-2.0965649534040995
16.462499999999388,3,True,0.03772888961296597,0.010835213194432496,-2.094849209779698,-2.0903081533545254
16.466666666666054,3,True,0.07654853099315363,0.011765933397077828,-2.099576850804217,-2.0976024754920433
16.47083333333272,3,True,0.02424275869238881,0.028438304355511885,-2.104051413149852,-2.110710951399078
16.474999999999387,3,True,0.14322254997220146,0.029795163212338986,-2.1084151617339386,-2.10502235399105
16.479166666666053,3,True,0.2495518519355471,0.029978256788501557,-2.112770231782703,-2.0947017840148856
16.48333333333272,3,True,0.23616084324016054,0.05119110753106779,-2.1172080408364846,-2.1466145678934985
16.487499999999386,3,True,0.1023285631562226,0.05160152666548605,-2.12187298082328,-2.1204962023287153
16.491666666666053,3,True,0.07875281584918066,0.03016263214901719,-2.1265291504772392,-2.1339404608297836
16.49583333333272,3,True,0.0560678135236112,0.06429298877172021,-2.130884330843506,-2.123907768705079
16.499999999999385,3,True,0.12991455691902995,0.02520106317513489,-2.135202682689441,-2.13493566022252
16.504166666666052,3,True,0.3253653943700742,0.06268652664432481,-2.1418630736395508,-2.12685565692051
16.50833333333272,3,True,0.041740240278714,0.01836218150323377,-2.146518295912431,-2.1502837585958168
16.512499999999385,3,True,0.061493706010716555,0.044535142497006075,-2.1509001322700643,-2.1555221060397693
16.51666666666605,3,True,0.2549362537555995,0.036374467761982214,-2.1551527941675626,-2.163728003403266
16.520833333332718,3,True,0.09096178174977591,0.05327403258892428,-2.159381546222751,-2.1188541088581654
16.524999999999384,3,True,0.14187840709735142,0.015368485329912042,-2.163806432703982,-2.1699975252505794
16.52916666666605,3,True,0.17711115293147423,0.06591046556410299,-2.1682529260488077,-2.178747120205976
16.533333333332717,3,True,0.19194069844077985,0.0560945456775735,-2.1726007906295677,-2.1634374771309046
16.537499999999383,3,True,0.22041552966874306,0.044590674496196386,-2.176860093152267,-2.1780533802385005
16.54166666666605,3,True,0.03743238001853967,0.07172618826900093,-2.1810022443586505,-2.188552617999543
16.545833333332716,3,True,0.059827738807842056,0.07536298564366364,-2.1853251704328285,-2.1891569306434615
16.549999999999383,3,True,0.05652489806793549,0.02718774318474551,-2.1896650556575716,-2.1815959455569818
16.55416666666605,3,True,0.04097976172292572,0.04183078949928827,-2.1957479112808724,-2.2030666349577017
16.558333333332715,3,True,0.1915849436550251,0.06718701682126355,-2.199790347518914,-2.199810184865338
16.562499999999382,3,True,0.05052104219371898,0.03503650319071146,-2.2039161302796595,-2.203317030536273
16.56666666666605,3,True,0.040684816278573614,0.047782106029816335,-2.208266216603479,-2.211140076752035
16.570833333332715,3,True,0.256238318988838,0.029750627530513857,-2.2126063365130233,-2.204681260019929
16.57499999999938,3,True,0.07565730058068593,0.05346333105468195,-2.216648232338588,-2.219287044311205
16.579166666666048,3,True,0.06833790457738015,0.011107269377705604,-2.220654818624653,-2.2166286888288895
16.583333333332714,3,True,0.042625288983880266,0.039332661563948955,-2.224724673850815,-2.2062871207068935
16.58749999999938,3,True,0.1572856498024654,0.025930298305095707,-2.229004094316549,-2.231732705532009
16.591666666666047,4,True,0.35469695203203333,0.08304119331356222,-2.2331210149771192,-2.242774512796331
16.595833333332713,3,True,0.08822358774605911,0.04101413101496782,-2.2372410809169825,-2.232435953354869
16.59999999999938,3,True,0.12827035509418933,0.056079282700069684,-2.24117350404299,-2.243839477132845
16.604166666666046,3,True,0.11241157305656391,0.0258991024081393,-2.2472226536815554,-2.2564978358301935
16.608333333332713,3,True,0.2731870309407363,0.04781254956443411,-2.2513339614977306,-2.2257787367851667
16.61249999999938,3,True,0.1330786736153925,0.01926047921395665,-2.255168777437878,-2.256448977760052
16.616666666666045,3,True,0.15627480039515915,0.042424920680500355,-2.2589869070004305,-2.267152804555035
16.620833333332712,3,True,0.23343354644747105,0.12778765787739624,-2.2628097602404966,-2.245846371174907
16.62499999999938,3,True,0.10662396849538255,0.09237597661176558,-2.266843282595369,-2.2994115638964248
16.629166666666045,3,True,0.09319866411533195,0.007639114689148583,-2.2710328483821565,-2.2658492111017936
16.63333333333271,2,False,nan,nan,-2.2749550924321125,nan
16.637499999999378,3,True,0.06473348514991965,0.047479078532751,-2.2787529413966734,-2.2617078056593822
16.641666666666044,3,True,0.16076333394933692,0.02971454795226344,-2.2825319034305673,-2.267751095778947
16.64583333333271,3,True,0.0639832939933207,0.04210477716860013,-2.2865038888818567,-2.298998905023608
16.649999999999377,3,True,0.15453659217063945,0.04198375609000698,-2.290497729572243,-2.2943453134054934
16.654166666666043,3,True,0.10030145144333445,0.02274886310296576,-2.296347894084906,-2.304771576160228
16.65833333333271,3,True,0.12229742383453729,0.03133572004521851,-2.3000638413028685,-2.3046758724456655
16.662499999999376,3,True,0.12837924719916827,0.015055775168764227,-2.3038256742839462,-2.293561539842579
16.666666666666043,3,True,0.030558876262980227,0.0259477801082129,-2.307782546288317,-2.3054196343653723
16.67083333333271,3,True,0.13131879311351227,0.024161323778698247,-2.3114954120434787,-2.3315814936118247
16.674999999999375,3,True,0.09887886844278125,0.035124290031115134,-2.315103791892533,-2.318981164958352
16.679166666666042,3,True,0.05499534398409241,0.044010196621423796,-2.3187104780412233,-2.317225859468934
16.68333333333271,3,True,0.12865642560707916,0.02556208978602937,-2.3224015920828007,-2.3085215327408144
16.687499999999375,3,True,4.942776196915833,1.824907704936426,-2.326312873297587,-2.2896086372088518
16.69166666666604,3,True,0.2938101955047945,0.09280925710815557,-2.3302133069566002,-2.3110748952310987
16.695833333332708,3,True,0.1442968709278897,0.09241359817122453,-2.333821079998398,-2.321653714130712
16.699999999999374,3,True,0.054141763903320914,0.08056726272351075,-2.3373970458062274,-2.319283007141555
16.70416666666604,3,True,0.11118854950144996,0.023355890706361786,-2.342943636649243,-2.362646750328758
16.708333333332707,3,True,0.11045849586997346,0.06310759991109768,-2.3467275875539992,-2.3272006564059793
16.712499999999373,3,True,0.12675661685448872,0.09221685378925684,-2.350233711260114,-2.35580788380574
16.71666666666604,3,True,5.649297339507364,2.1394826669157645,-2.353723350573641,-1.8454361324755557
16.720833333332706,3,True,0.14673414116248823,0.0524420779267582,-2.357218382082961,-2.3682622302973515
16.724999999999373,3,True,0.10526745732172495,0.03516891138184118,-2.36091845248711,-2.373306945375038
16.72916666666604,3,True,0.16357211266978053,0.056444753504127324,-2.364769760786607,-2.3568107629806745
16.733333333332705,3,True,0.10197167894705098,0.019496840960192358,-2.368354374984029,-2.354963189088769
16.737499999999372,3,True,0.20189664410529692,0.01893546298447135,-2.371815548386775,-2.3683673914626526
16.74166666666604,3,True,0.18740101372697218,0.02432510669409158,-2.3752596206712018,-2.3931912319450697
16.745833333332705,3,True,0.23690041462152367,0.07477257620175722,-2.3788927941773212,-2.3936622923378064
16.74999999999937,3,True,0.126642953463725,0.026215790182376266,-2.3825468509603036,-2.40826093487268
16.754166666666038,3,True,0.08627795759029283,0.056376930970053675,-2.387604528713551,-2.3923492783292017
16.758333333332704,3,True,0.13465238643955788,0.017705857358183846,-2.390966945461601,-2.3860281246509722
16.76249999999937,3,True,0.22188195898193963,0.06953888177988694,-2.394411347977782,-2.389732321933314
16.766666666666037,3,True,7.449895170074046,2.8616106132033003,-2.3980704589992263,-2.5343424395530842
16.770833333332703,3,True,0.29320233103781146,0.11233266794572185,-2.401715330680784,-2.4198718253390537
16.77499999999937,3,True,0.04773938870845796,0.03090130327414966,-2.405002928297455,-2.393113009577733
16.779166666666036,3,True,0.07054788313643302,0.024698159761932834,-2.408173242620311,-2.4322981902032126
16.783333333332703,3,True,0.10084516256027082,0.039767588489488435,-2.411399396887292,-2.4097004586139583
16.78749999999937,3,True,0.16081328825116978,0.03987122151008017,-2.4148301658565154,-2.4136592137454187
16.791666666666035,3,True,0.10167892843928124,0.03059313137872561,-2.4183723907249024,-2.4088206545879536
16.795833333332702,3,True,0.1329030342945774,0.03715230462424165,-2.4218687758263315,-2.434938415069415
16.79999999999937,3,True,0.12533286132472043,0.021017559781098597,-2.4252513599671897,-2.442825229988396
16.804166666666035,4,True,0.10328348416444626,0.02487193186764218,-2.4303537314943515,-2.426555490562483
16.8083333333327,3,True,0.18065515220693923,0.034874246632532656,-2.4337153793137283,-2.4240663025607874
16.812499999999368,3,True,0.09576736360140457,0.02258549654037975,-2.43702107070296,-2.434423438128193
16.816666666666034,3,True,0.09356087464210142,0.04387165008282885,-2.440226992763224,-2.4395257690466914
16.8208333333327,3,True,0.14129517030991653,0.02692534046676522,-2.4434341924092777,-2.4576687581557493
16.824999999999367,3,True,0.0711336023499636,0.06204612701493645,-2.4468374609669827,-2.4460461561767564
16.829166666666033,3,True,0.3913676346312019,0.11505267825149444,-2.4502631374854715,-2.4371277543694916
16.8333333333327,3,True,0.0471855258770855,0.028547019155371858,-2.4534099148631134,-2.468321205091781
16.837499999999366,4,True,0.07093343497998732,0.07452278073083482,-2.456540116397325,-2.4520772038656986
16.841666666666033,3,True,0.16668814796140496,0.0584618944546405,-2.459676489610037,-2.4714913810528354
16.8458333333327,3,True,0.11569760696541838,0.06835228751365853,-2.463011859074843,-2.450901422450201
16.849999999999365,3,True,0.06065047830485238,0.033859815521354995,-2.466371894603288,-2.4854201202440813
16.854166666666032,3,True,0.10936023654811249,0.08058868230126176,-2.470989318326406,-2.4919322068365504
16.8583333333327,3,True,0.1506516986390501,0.026286659089418164,-2.474059942926147,-2.4856113215002362
16.862499999999365,3,True,0.10286451739686242,0.06832350479257848,-2.4772117737326402,-2.468771780502751
16.86666666666603,3,True,0.2071807555618956,0.025295344737057125,-2.480573428384173,-2.478263765257244
16.870833333332698,3,True,0.16637276097047268,0.08501983533350768,-2.483778859122815,-2.489067707309608
16.874999999999364,3,True,0.12767058862394012,0.031197561393947228,-2.4869945911779925,-2.476696193260871
16.87916666666603,3,True,0.017805077060167155,0.015644567316074845,-2.490028616685447,-2.488442363111983
16.883333333332697,3,True,0.12469238521397585,0.06422079551232383,-2.493106765181724,-2.4962538114446704
16.887499999999363,3,True,0.02743010872091334,0.014409512461832755,-2.496372394792305,-2.48658198758943
16.89166666666603,3,True,0.136998058820016,0.04841903548872753,-2.4993991339488324,-2.5049149584328303
16.895833333332696,3,True,0.1482416432335823,0.022806849553159925,-2.5023255696107674,-2.4888459673517063
16.899999999999363,3,True,0.13829474674244435,0.04933214992927189,-2.5052557468127477,-2.511199927281565
16.90416666666603,3,True,0.24510208142133422,0.08896298545773187,-2.5098668413796426,-2.5138054762753446
16.908333333332696,3,True,0.045089906446250584,0.08152367448693983,-2.5131574438236983,-2.5038968939332924
16.912499999999362,3,True,0.1719603299806365,0.02311739362893,-2.5161892888464594,-2.5187909814605374
16.91666666666603,3,True,0.10259286660614404,0.02391191185933576,-2.519103811492726,-2.5125443696507888
16.920833333332695,3,True,0.08737687069019079,0.0449980119448373,-2.522007790056645,-2.5020979398155054
16.92499999999936,3,True,0.18408592681403446,0.04749825082223,-2.5250970848359744,-2.550581455250994
16.929166666666028,3,True,0.048291334687153055,0.062245190248894126,-2.528209645974724,-2.5121202224144197
16.933333333332694,3,True,0.1621755138062538,0.06984997069432435,-2.5312353896223545,-2.5473096790298415
16.93749999999936,3,True,0.06912112361397754,0.0834970669105814,-2.5341852460728784,-2.5680507493712557
16.941666666666027,3,True,0.12579473743803574,0.09878101212452185,-2.537026940954613,-2.561068177226443
16.945833333332693,3,True,0.14011226863014956,0.07832958876238873,-2.5400384949086603,-2.534606551321238
16.94999999999936,3,True,0.1899958474071158,0.049024764635809695,-2.5430714392690077,-2.5249686812471213
16.954166666666026,3,True,0.09018247459127324,0.05495765065630947,-2.5475003744492986,-2.5561547505949527
16.958333333332693,3,True,0.05762028686692636,0.03205559400581054,-2.5503828015679186,-2.561471069978666
16.96249999999936,3,True,0.041892676832957144,0.034365829087767856,-2.5532222480986597,-2.5702279208250114
16.966666666666026,3,True,0.10643452639157257,0.060420324680084354,-2.5562444238989945,-2.518293334296879
16.970833333332692,3,True,0.19900270200642756,0.09062090736872613,-2.5591178667275933,-2.5553019896131213
16.97499999999936,3,True,0.08284478781823075,0.11930074842159226,-2.5620060354553114,-2.5514440897399577
16.979166666666025,3,True,0.13701797130055285,0.057052178743465236,-2.564910119127374,-2.5576580324842224
16.98333333333269,3,True,0.13034378141496164,0.030379903887970787,-2.567703062248832,-2.559663105686383
16.987499999999358,3,True,0.21534486529767674,0.04286648051570933,-2.570665352798561,-2.5551227098664664
16.991666666666024,3,True,0.12583742918442614,0.015625905699262307,-2.5733950532477885,-2.5695989631862446
16.99583333333269,3,True,4.563036115649177,1.8269354520465206,-2.57602884882036,-2.0155794897742454
16.999999999999357,3,True,0.07247395926688703,0.07029178470652342,-2.578670925109086,-2.566840369993233
17.004166666666023,3,True,0.19275362641879523,0.03523894709900193,-2.5828557518688533,-2.5835969468655424
17.00833333333269,3,True,0.20245515979167528,0.08716156817326273,-2.5858704512627932,-2.574108257319253
17.012499999999356,4,True,0.2066779287545762,0.04215161426748555,-2.588631723778106,-2.583398338481232
17.016666666666023,3,True,0.15494753037140324,0.01072168605421611,-2.5912790196657487,-2.598716683524374
17.02083333333269,3,True,0.08930471121678102,0.06971470099433266,-2.593919338290784,-2.5944320891311072
17.024999999999356,3,True,0.034691809912126385,0.030799703981826573,-2.596746950824183,-2.5922269632362194
17.029166666666022,3,True,0.24287428840459047,0.04415698530127306,-2.5997247512200383,-2.586389044379604
17.03333333333269,3,True,0.15165382875419284,0.049830595560614664,-2.6024456016088844,-2.6010065789210106
17.037499999999355,3,True,0.14744674857890785,0.0505698996187927,-2.6050497705463567,-2.6068004560421727
17.04166666666602,3,True,0.060079952934543275,0.041606000603122466,-2.607645076073946,-2.5838737800829144
17.045833333332688,3,True,0.04675353450349405,0.08255150590135156,-2.610427117466098,-2.628321229230317
17.049999999999354,3,True,0.09165908991719675,0.03103174976733314,-2.613359274071182,-2.604132496625487
17.05416666666602,3,True,0.09328501779901041,0.029991388146755373,-2.617315898535601,-2.62843633026847
17.058333333332687,3,True,0.18771610193544822,0.0850622747045826,-2.6198657467452,-2.6347707595687986
17.062499999999353,3,True,0.10317772495622353,0.04728642690004376,-2.622483201458724,-2.6290252383977264
17.06666666666602,3,True,0.10628146223091782,0.02121170886605868,-2.6253065191749605,-2.6421050516990077
17.070833333332686,3,True,0.15912822961092812,0.0752475150585998,-2.6281210128385997,-2.599062240801831
17.074999999999353,3,True,0.15929158817765465,0.029079944970252184,-2.630651048868396,-2.614547644237831
17.07916666666602,3,True,0.08164274692201758,0.015311322934126643,-2.6331549683342423,-2.618564774644903
17.083333333332686,3,True,0.17040408786564115,0.08649016306378678,-2.6357267227104213,-2.6232486996375717
17.087499999999352,3,True,0.11407931792116402,0.028761215622876965,-2.6385050964704835,-2.6306962467248725
17.09166666666602,3,True,0.14065372651075464,0.09417555979037019,-2.6411327712041492,-2.641500729412357
17.095833333332685,3,True,0.17872602879088365,0.07083803908105127,-2.643773855182014,-2.638493537336327
17.09999999999935,3,True,0.17988118625451024,0.11852819364370623,-2.6464280171010817,-2.6396392670251103
17.104166666666018,3,True,0.07395168369870836,0.02712322198252175,-2.650303957983441,-2.626801648619491
17.108333333332684,3,True,0.05693187695868531,0.01966612694454333,-2.652948784396178,-2.6551693169117074
17.11249999999935,3,True,0.16351068268471391,0.060897092102877914,-2.6553281267154745,-2.6392543982285512
17.116666666666017,3,True,0.12523090549054813,0.018014401486378433,-2.6576970014323726,-2.672956844427771
17.120833333332683,3,True,0.14096064980668113,0.021517807765011308,-2.6600817937587857,-2.6465641403084614
17.12499999999935,3,True,0.1468230260555197,0.09017369264198107,-2.6626707039137103,-2.6567419254715716
17.129166666666016,3,True,0.037753622603734646,0.04026447726321674,-2.6654210790824,-2.6725819576960443
17.133333333332683,3,True,0.030996389978347066,0.0478679170026759,-2.667915684131963,-2.645564083006568
17.13749999999935,3,True,0.1862313034705415,0.019170159243675253,-2.670294106228822,-2.666275039336253
17.141666666666016,3,True,0.11730488358591735,0.049094120075944735,-2.672664945649672,-2.6837458836742036
17.145833333332682,3,True,0.15001654553809196,0.06323782497265237,-2.675226038430791,-2.6976787903268353
17.14999999999935,3,True,0.16318032407665584,0.05031557217784586,-2.6779405164964003,-2.6559733265851295
17.154166666666015,3,True,0.13045035048948275,0.11971692643743875,-2.6815685339969253,-2.67937706703966
17.15833333333268,3,True,0.03610077279864741,0.03059931808504297,-2.6838986470385873,-2.6818021162124848
17.162499999999348,3,True,0.0453832550083824,0.04979780899850824,-2.6862975347730993,-2.6797862648335258
17.166666666666014,3,True,0.24187431075072965,0.05752811262056062,-2.6889058227947826,-2.6906215668330278
17.17083333333268,3,True,0.09591643505660453,0.02084034338513288,-2.691506299067267,-2.6880353186110812
17.174999999999347,3,True,0.07795643958920505,0.024034176511588352,-2.6938206655916024,-2.6964848652684936
17.179166666666013,3,True,0.1807995815589324,0.14513777887782453,-2.696108721466009,-2.7025842767234862
17.18333333333268,3,True,0.15670175621716753,0.02491579454639075,-2.698465822949174,-2.6965430075449373
17.187499999999346,3,True,0.05593781876720964,0.03294737893040919,-2.7010330323257876,-2.6985009388516175
17.191666666666013,3,True,0.09443032726096566,0.07050516829326642,-2.7035926520225706,-2.68427066427462
17.19583333333268,3,True,0.04611486598155803,0.027049408064147584,-2.7058658802775106,-2.7142632814429106
17.199999999999346,3,True,0.19460710105863283,0.016322478255013022,-2.708112843263461,-2.7030624634918365
17.204166666666012,3,True,0.13574642868447992,0.049917754400278666,-2.711673713075602,-2.701564289426763
17.20833333333268,3,True,0.13354017210411578,0.04216781452316625,-2.7142657324072856,-2.7074866348069837
17.212499999999345,3,True,0.09330335518412416,0.05591837656587705,-2.71659863676887,-2.7057886427155284
17.21666666666601,3,True,0.02718298442576396,0.04733437276605775,-2.7188131169781142,-2.720008431838344
17.220833333332678,3,True,0.0634144199898649,0.01880762648749261,-2.7210190658044198,-2.7356710943703644
17.224999999999344,3,True,0.0326284546420887,0.02034122736760431,-2.723416823061725,-2.7349949709761785
17.22916666666601,3,True,0.11131898381694047,0.03228542497059414,-2.725969756012864,-2.71647499657231
17.233333333332677,3,True,0.2302049938312911,0.0868182418319839,-2.728263311263798,-2.713727129711064
17.237499999999343,3,True,0.08974152915643455,0.04342314418799311,-2.7304383349458274,-2.733785434485203
17.24166666666601,3,True,0.05589549321640188,0.027816998692787625,-2.7326049336197595,-2.713729267389044
17.245833333332676,3,True,0.08605138625647234,0.02355590631824815,-2.7349638805168017,-2.715007255787642
17.249999999999343,3,True,0.06149256605475663,0.036604443022694784,-2.737478501169381,-2.73790422141316
17.25416666666601,3,True,0.05007952327530086,0.012768008678303792,-2.740983156304125,-2.739611620832015
17.258333333332676,3,True,0.11877238219455473,0.0694570456889272,-2.743313852715101,-2.766042067597242
17.262499999999342,3,True,0.14417323487163322,0.050300850669708054,-2.745710792262782,-2.7523556670901392
17.26666666666601,3,True,0.15866106900778376,0.028565702241843842,-2.747896287987136,-2.753674411422083
17.270833333332675,3,True,0.055905328635729175,0.0453795571123702,-2.749998288958467,-2.7327246702272525
17.27499999999934,3,True,0.17851243754023008,0.03629006355704988,-2.7521219530205427,-2.7622262271634614
17.279166666666008,3,True,0.043752701913400235,0.03282047114623435,-2.7542743907753655,-2.749360607363862
17.283333333332674,3,True,0.0674788844809068,0.015663329278683295,-2.7565201495653193,-2.7621102812714127
17.28749999999934,3,True,0.13086240028146762,0.06482248789638649,-2.7589844477526895,-2.771496071665435
17.291666666666007,3,True,0.18363554358984147,0.031206400317213088,-2.7611938020996787,-2.74812861338665
17.295833333332673,3,True,0.018013910989589755,0.025875140968010572,-2.7632877939642477,-2.770532252982996
17.29999999999934,3,True,0.17924046117869488,0.042385518401219846,-2.765377303824173,-2.769271686199355
17.304166666666006,3,True,0.09264020531975158,0.043394099129501734,-2.768717402130289,-2.766134154276044
17.308333333332673,3,True,0.07075773551900251,0.053263073773418795,-2.77116440136497,-2.777781281453477
17.31249999999934,3,True,0.08008819497672755,0.05311185510137012,-2.7733423704153837,-2.771782256802136
17.316666666666006,3,True,0.15410087713587164,0.04133063405208277,-2.7753946219130574,-2.7970464348130353
17.320833333332672,3,True,0.09195170946733924,0.03553530268549808,-2.777433575216047,-2.756750097813404
17.32499999999934,3,True,0.25220404436292304,0.07786690805626077,-2.7796623430378875,-2.789355091282698
17.329166666666005,3,True,0.09260413378652232,0.02729137994187166,-2.782044725943341,-2.806138035419277
17.33333333333267,3,True,0.17118983564995255,0.020323019299545452,-2.784162785080108,-2.781898881412644
17.337499999999338,3,True,0.23528927494858728,0.05429710099140617,-2.7861592757447853,-2.7793368355311707
17.341666666666004,3,True,0.2362210178367666,0.05765713298183696,-2.788145943342174,-2.789238802942553
17.34583333333267,3,True,0.13605295403622084,0.05623368409462906,-2.7903258772712123,-2.792815417810018
17.349999999999337,3,True,0.10102221390935567,0.025143852752768578,-2.792662385122913,-2.7856527898271035
17.354166666666003,3,True,0.11463356114778822,0.07139226342375578,-2.795896660029954,-2.79356755736118
17.35833333333267,3,True,0.03102612173289274,0.0656558135386822,-2.798046603503647,-2.813600133571547
17.362499999999336,3,True,0.0762050978897613,0.01049885283060684,-2.8002631465072167,-2.805711885831945
17.366666666666003,3,True,0.02990933700492906,0.02725197794413491,-2.8023667383993227,-2.811856952658434
17.37083333333267,3,True,0.10324793081650792,0.019650230657547004,-2.8045194068043418,-2.8225912768043115
17.374999999999336,3,True,0.11439968546429366,0.046767700087307434,-2.806493439788284,-2.7799513992026847
17.379166666666002,4,True,0.17380224568573238,0.061919068195401196,-2.8084554949902265,-2.8270756570966777
17.38333333333267,3,True,0.05253887614535496,0.02472822523483614,-2.810491854353763,-2.8125338259158035
17.387499999999335,3,True,0.10254728808236668,0.024654186802311986,-2.8127410062314215,-2.800441143477616
17.391666666666,3,True,0.07222780812065721,0.06453302299848578,-2.8147395591295536,-2.7986039582258604
17.395833333332668,3,True,0.036188710608000184,0.016819652102376285,-2.8166278119917885,-2.821179436510408
17.399999999999334,3,True,0.06678454891658415,0.033719356538075396,-2.8185165713986677,-2.8357178707093667
17.404166666666,3,True,0.14206707005683591,0.05671932111920746,-2.8215652711165435,-2.8239522147486507
17.408333333332667,3,True,0.03870603872320049,0.05098249240114361,-2.823824560401724,-2.8283423197446305
17.412499999999334,3,True,0.0868662053803485,0.06582844280026365,-2.8259018987974787,-2.8284721772664665
17.416666666666,3,True,0.28738918211519765,0.047906074447190396,-2.827969040626521,-2.8454214169739607
17.420833333332666,3,True,0.07741177753409495,0.022613964606371936,-2.830032495083601,-2.843087635012612
17.424999999999333,3,True,0.02333372376810481,0.08876251519436852,-2.832129745862285,-2.8410757694511135
17.429166666666,3,True,0.13627621810161444,0.015625727406606997,-2.833954298059199,-2.820096817921456
17.433333333332666,3,True,0.11203504528066868,0.009032364479925026,-2.8357903167334,-2.836683101362321
17.437499999999332,3,True,0.140617397518195,0.01905716372119819,-2.8376532823051495,-2.8529544959622535
17.441666666666,3,True,0.1914382561406235,0.058483668724986976,-2.839544310205024,-2.8333743405425773
17.445833333332665,3,True,0.13674630173107435,0.05941093639848312,-2.8416426001212858,-2.8603228182067797
17.44999999999933,3,True,0.11458627067617942,0.06814818647214746,-2.843898903937521,-2.8630014339256817
17.454166666665998,3,True,0.22426353024415488,0.036220475166802706,-2.8468004033085035,-2.8366426304300427
17.458333333332664,3,True,0.09037192518650425,0.041075923768315245,-2.8486304518256484,-2.840656741344375
17.46249999999933,4,True,0.17123881377782987,0.036546146874143634,-2.8505222350156383,-2.853830619009353
17.466666666665997,3,True,0.16957348441505807,0.029316605842795843,-2.852621901762946,-2.8594879143924
17.470833333332664,3,True,0.1933477209749159,0.038127555519537365,-2.854708105239335,-2.840784801508814
17.47499999999933,3,True,0.03748021944974905,0.04682760825758721,-2.856496758097174,-2.8382873383511598
17.479166666665996,3,True,0.06570799100157836,0.018240729131036325,-2.85825610897147,-2.8731948585876204
17.483333333332663,3,True,0.06573631446305594,0.030185560619912632,-2.8600838850948485,-2.8575724878754927
17.48749999999933,3,True,0.14602948125363374,0.028883463506137425,-2.862125450124034,-2.8446008890253527
17.491666666665996,3,True,0.04991780968274143,0.05495906871578826,-2.8642791169940787,-2.847287512731718
17.495833333332662,3,True,0.08941127059081555,0.05899111927014017,-2.866151355003493,-2.88871683527313
17.49999999999933,3,True,0.11534254880394229,0.046963500490707084,-2.867890291550887,-2.8628643848479967
17.504166666665995,3,True,0.061983621532480805,0.04693561273695507,-2.8706552030027717,-2.8748499047640643
17.50833333333266,3,True,0.06325673357192728,0.01687932032225311,-2.872711341346458,-2.8705403025062872
17.512499999999328,3,True,0.11321487505608303,0.034427299278987425,-2.8747276597599556,-2.856333908337279
17.516666666665994,3,True,0.04012965148927413,0.03905284380610916,-2.876444277277123,-2.8722470413427077
17.52083333333266,3,True,0.029735819949932192,0.020716591152836288,-2.8781248347004555,-2.8771452943001874
17.524999999999327,3,True,0.07696863093565752,0.07565405604813479,-2.8799859284047806,-2.89487869995113
17.529166666665994,3,True,0.06086709808217542,0.01360404857682427,-2.882001289714049,-2.878023888704301
17.53333333333266,3,True,0.13794769050452568,0.017202690362796234,-2.8839788974792846,-2.8866775258516513
17.537499999999326,3,True,0.08306587608385962,0.03232012823668605,-2.885832781979374,-2.888322331482952
17.541666666665993,3,True,0.054624307489607386,0.025134072516821208,-2.887673722609031,-2.879569880190799
17.54583333333266,3,True,0.11568454698191033,0.06709210693446335,-2.8896909127875725,-2.8793705001419796
17.549999999999326,3,True,0.06872048350020758,0.015610304529952006,-2.8914593521361325,-2.8958613627906598
17.554166666665992,3,True,0.10825034216642967,0.07122765299731396,-2.8939525697506507,-2.9156653905471774
17.55833333333266,3,True,0.07644511497285277,0.028207718764346416,-2.8956279098607935,-2.9005496269249935
17.562499999999325,3,True,0.08307930312137027,0.04728975270375397,-2.897389059953887,-2.898940502486838
17.56666666666599,3,True,0.06935256059649574,0.028297802441357156,-2.899367636086173,-2.900492971832062
17.570833333332658,4,True,0.06999163670060973,0.049077787413345245,-2.9013336935350993,-2.9147856280980267
17.574999999999324,3,True,0.14407987149981097,0.04536490768458294,-2.902993639877715,-2.9098893526265424
17.57916666666599,3,True,0.13497117327247557,0.06875383798373906,-2.9046212468855286,-2.903885512645484
17.583333333332657,3,True,0.0657596376048962,0.029713701863855597,-2.9063131215739757,-2.910560175221362
17.587499999999324,3,True,0.22725864857132896,0.08405999043952689,-2.9082143606271975,-2.9058052711926883
17.59166666666599,3,True,0.22791007456332235,0.032473123827335436,-2.9102264417266825,-2.917965085019099
17.595833333332656,3,True,0.09290747887336917,0.03695522708985902,-2.911953430435517,-2.9034384623344933
17.599999999999323,3,True,0.12367437169223504,0.07568258808122126,-2.9135454588867935,-2.890614512163427
17.60416666666599,3,True,0.03445614263663181,0.025197829318508645,-2.9160861159695766,-2.9196799757526586
17.608333333332656,3,True,0.1290783930745749,0.04198001176930647,-2.9179917606337282,-2.9145239959755944
17.612499999999322,3,True,0.08649330432776144,0.03515262339827703,-2.9198579721911133,-2.935834455360519
17.61666666666599,3,True,0.08003181992892186,0.018468104519239737,-2.921598640497698,-2.916031144666899
17.620833333332655,3,True,0.14863624282231286,0.030076913610585173,-2.9233255329035757,-2.912896841570347
17.62499999999932,3,True,0.023481023963677412,0.05498217672482101,-2.925224928189505,-2.9171227386525937
17.629166666665988,3,True,0.08558857980875746,0.04964835209337604,-2.926873982962117,-2.909497174762066
17.633333333332654,3,True,0.1211666289925696,0.04112475181499843,-2.928416644918772,-2.9372553806057433
17.63749999999932,3,True,0.08988532438680331,0.04211661817263781,-2.9299658130480104,-2.914889486867963
17.641666666665987,4,True,0.12542293863161216,0.0253152454742616,-2.931533755096915,-2.923737533342288
17.645833333332654,3,True,0.06755338775329257,0.030905623619460445,-2.9332998293168466,-2.9188959055729278
17.64999999999932,3,True,0.15953336296962625,0.06659172140571745,-2.9352249319020824,-2.93596275404051
17.654166666665986,3,True,0.2791055548002359,0.04676511635840166,-2.937822386021018,-2.9435204263014194
17.658333333332653,3,True,0.12468761453741714,0.0346158863755355,-2.9395410249072897,-2.940829059000341
17.66249999999932,3,True,0.197427830131711,0.04862654922284132,-2.9413176246010577,-2.961662974280919
17.666666666665986,3,True,0.11575492125172214,0.0584944792853367,-2.942970966738279,-2.940825772967342
17.670833333332652,3,True,0.20438314086264517,0.02727442328739777,-2.9446737578985003,-2.9466824323856233
17.67499999999932,3,True,0.15894149400701102,0.01921278599984351,-2.9464069451630994,-2.95225422960008
17.679166666665985,3,True,0.0886958189777158,0.025942352639033727,-2.948056278870461,-2.941036327810607
17.68333333333265,3,True,0.11172373943077166,0.014448958777313592,-2.949642132338223,-2.9385703870004467
17.687499999999318,3,True,0.11138810422322186,0.05756777560288053,-2.9514080209182776,-2.9466407031846744
17.691666666665984,3,True,0.05994345793501552,0.06868801437471496,-2.9530079562028178,-2.958807171750612
17.69583333333265,3,True,0.08989956495755458,0.0469967304070808,-2.9546158049671676,-2.9348910407495343
17.699999999999317,3,True,0.1304394439938037,0.03145537592225589,-2.956234544646346,-2.973243042869124
17.704166666665984,3,True,0.19175544989458937,0.016221172550367445,-2.9588484451937007,-2.9428941077323185
17.70833333333265,3,True,0.0649326545729684,0.07108543873269739,-2.960397189340032,-2.9611034504131353
17.712499999999316,3,True,0.12045674499987019,0.010064783481582913,-2.9618389373189777,-2.965391219003425
17.716666666665983,3,True,0.11542462968580888,0.03567357131373397,-2.9632872915460746,-2.9499935043173244
17.72083333333265,3,True,0.29230422191079664,0.08846282972993895,-2.9647538859887743,-2.950430907546215
17.724999999999316,3,True,0.1946721391285791,0.01628051106154393,-2.9664128186591667,-2.9649317908112702
17.729166666665982,3,True,0.0606937708099255,0.05533397880289711,-2.968229497150788,-2.965992860781817
17.73333333333265,3,True,0.24452845497757025,0.0454553556733906,-2.9700010433856505,-2.9678149936858613
17.737499999999315,3,True,0.03911596873279047,0.06334536779398693,-2.9714547596012726,-2.9801970879814466
17.74166666666598,3,True,0.20125938152414846,0.06172815290717504,-2.972864795278337,-2.9909555853160277
17.745833333332648,3,True,0.17434206535645289,0.04019485393803926,-2.9744378714001405,-2.969632446883629
17.749999999999314,3,True,0.04349315288835018,0.053620294315558564,-2.9761593006705445,-2.9730165281691963
17.75416666666598,3,True,0.05252329259617879,0.03641692635328935,-2.9786192825663105,-2.966128080375779
17.758333333332647,3,True,0.07913692877786367,0.06806909042351177,-2.9801642590684336,-2.9689742915236286
17.762499999999314,3,True,0.12485827708403434,0.06460938087411369,-2.9817611837448075,-2.9993938046720485
17.76666666666598,3,True,0.08526811408212293,0.04129161414910629,-2.983406353375534,-3.004810765961244
17.770833333332646,3,True,0.08765868200402878,0.025946782985578554,-2.9849652932177486,-2.959322039902903
17.774999999999313,3,True,0.0246508073140544,0.018154769710010978,-2.9865436201917857,-2.9723278753730695
17.77916666666598,3,True,0.07533857141825054,0.041014585849891864,-2.988131868030801,-2.9924836602597225
17.783333333332646,3,True,0.15139981084848397,0.0038442039920056773,-2.9897800222675697,-2.9872638842540216
17.787499999999312,3,True,0.12998146582367018,0.05034962525672785,-2.991191737767658,-3.0092478746266096
17.79166666666598,3,True,0.1729992877635737,0.025094198544076685,-2.992515623276137,-2.9832636388631895
17.795833333332645,3,True,0.04777467024019709,0.011314977971809224,-2.993862195485977,-2.991503725673306
17.79999999999931,3,True,0.03792376694941249,0.06892263742612417,-2.9952371892735523,-2.993885685847381
17.804166666665978,3,True,0.016579099164992072,0.058215668882244026,-2.9975089026530557,-2.9876462449169767
17.808333333332644,3,True,0.05333053627321687,0.037648520873870564,-2.999240281095954,-3.009809518764189
17.81249999999931,3,True,0.11560284305659228,0.06779056616154716,-3.0009253900508615,-2.9843823243200287
17.816666666665977,3,True,0.17112155854692357,0.038426329140281344,-3.0022882754807947,-2.9942622292024605
17.820833333332644,3,True,0.03895885586857772,0.0387880923963466,-3.0036059416485017,-2.9849448997971937
17.82499999999931,3,True,0.08629585141791513,0.05657028644662159,-3.005078669344612,-3.0010406930188265
17.829166666665976,3,True,0.06780730382115374,0.030454564026810436,-3.0066979551274424,-3.035432803376743
17.833333333332643,3,True,0.04218646194069468,0.02579614204446908,-3.0082770592353385,-2.9995734360727706
17.83749999999931,3,True,0.12422512353776657,0.02748041033550422,-3.009729013893935,-2.9875125604388133
17.841666666665976,3,True,0.1387541655448017,0.018595798800121213,-3.0111676451184994,-3.0116513879962055
17.845833333332642,3,True,0.0545418961155996,0.036641923021202207,-3.012759104204598,-3.0204864528799136
17.84999999999931,3,True,0.12263131263776803,0.020355873767441905,-3.0143562369891517,-3.010170891043126
17.854166666665975,3,True,0.11981252183240579,0.02301084849544956,-3.016278731135087,-3.022731602944982
17.85833333333264,3,True,0.2653794384049629,0.061900559029649846,-3.0175455488630187,-3.01789830130252
17.862499999999308,4,True,0.16838118898672164,0.024833828263066866,-3.018878972478066,-3.003904572671118
17.866666666665974,3,True,0.19131682005780687,0.0453808722632288,-3.0204106615174156,-3.021585330508043
17.87083333333264,3,True,0.14066833195679687,0.03977289316494303,-3.0220590979528126,-3.008859095584304
17.874999999999307,3,True,0.1450781639031411,0.030237919590957927,-3.0235041656752384,-2.996731836217071
17.879166666665974,3,True,0.25882223642980823,0.10391422959053803,-3.024925494806112,-3.026049719055221
17.88333333333264,3,True,0.12471595206033724,0.033498250680453756,-3.026388647114332,-3.00932896233064
17.887499999999307,3,True,0.10467000075260192,0.016585062558303536,-3.0278850717526504,-3.0202438030299286
17.891666666665973,3,True,0.10208066368184512,0.04342683273148957,-3.029088700409307,-3.0462402914446582
17.89583333333264,3,True,0.09368473140347172,0.030815567044695603,-3.030289292814273,-3.030840390165569
17.899999999999306,3,True,0.07106539312313873,0.005579633852922961,-3.0315085157671624,-3.0293812935380116
17.904166666665972,3,True,0.14013969260343112,0.05623331800634257,-3.033527793500423,-3.008491653960025
17.90833333333264,3,True,0.05453047049734719,0.0518606240974545,-3.0350879923571616,-3.029403017140934
17.912499999999305,4,True,0.024332387162858984,0.04846175919275995,-3.036731905855415,-3.019355731750871
17.91666666666597,4,True,0.06152649914186824,0.029017433023982103,-3.0380731938918104,-3.0391696133200177
17.920833333332638,4,True,0.22390674482592823,0.05143823544900223,-3.0392679272211804,-3.059315237920334
17.924999999999304,4,True,0.03500332274861508,0.017975006485647583,-3.0405896274840756,-3.049076190489576
17.92916666666597,4,True,0.03883633007328771,0.01759255639503078,-3.04205144870927,-3.034813075131202
17.933333333332637,4,True,0.08561169691493449,0.0510465923311814,-3.0435929138893214,-3.033425916464081
17.937499999999304,4,True,0.2657687868625548,0.01223574048384149,-3.044926989885551,-3.0486369466372394
17.94166666666597,4,True,0.18628203521012995,0.02948014756593915,-3.0462326582329897,-3.037965872320405
17.945833333332637,4,True,0.09717702269461104,0.06914766434482211,-3.0476685807860537,-3.0544753996846006
17.949999999999303,4,True,0.04533402611520112,0.009355827388916386,-3.04910912973671,-3.046949994797746
17.95416666666597,4,True,0.029947653340312873,0.03194532861539217,-3.050811588974814,-3.064362142521874
17.958333333332636,4,True,0.188716773659867,0.014045233854003261,-3.0519401305476554,-3.0434684977506827
17.962499999999302,4,True,0.2633028060523824,0.04984661511133815,-3.0531326243653787,-3.085968448262466
17.96666666666597,4,True,0.07180812038730654,0.017207484368214638,-3.054512045282106,-3.067165496431697
17.970833333332635,4,True,0.05339838371945664,0.0172213364921148,-3.0560164496063065,-3.0466819812819326
17.9749999999993,4,True,0.14535563707821764,0.03621700359493413,-3.057464412897923,-3.0521098119574908
17.979166666665968,4,True,0.15299654989926792,0.009097821911894689,-3.058774993614897,-3.0505519163338533
17.983333333332634,4,True,0.06564968172145173,0.023593266686892968,-3.060110589309754,-3.055029242302458
17.9874999999993,4,True,0.10487458360028741,0.036239946101214116,-3.061462662539606,-3.0679720898536385
17.991666666665967,4,True,0.04102346434899072,0.023844299144073378,-3.0627351410236447,-3.061755628106314
17.995833333332634,4,True,0.10386408365313907,0.007912314459924632,-3.0640337696560827,-3.0647347647952965
17.9999999999993,4,True,0.10056706309908015,0.01481514931740064,-3.065349023017463,-3.0692295279470705
18.004166666665967,4,True,0.08856064178285578,0.04030845346037998,-3.0674557192149248,-3.075305167829542
18.008333333332633,4,True,0.05553315673073235,0.050506285011629966,-3.0686360687720917,-3.047098136894195
18.0124999999993,4,True,0.10387998142799663,0.023059847509464642,-3.0697128123148225,-3.0502031767109608
18.016666666665966,4,True,0.13771945588938658,0.01414590469222811,-3.070801211638096,-3.0778587577565304
18.020833333332632,4,True,0.07670364957584963,0.009693201699610151,-3.071911418716622,-3.0628236782077467
18.0249999999993,4,True,0.05474114249340433,0.053490181685138756,-3.073164732760181,-3.0646007034025704
18.029166666665965,4,True,0.08343743818268214,0.02652943263853984,-3.0745699341433803,-3.0497336063532554
18.03333333333263,4,True,0.0877619380127066,0.056269304046137274,-3.0760669039938358,-3.046962459148998
18.037499999999298,4,True,0.1018643727609012,0.021748695208976074,-3.077264703625854,-3.0751180183849804
18.041666666665964,4,True,0.09186733669410777,0.026864994211226984,-3.0783192650204136,-3.076614855697818
18.04583333333263,4,True,0.0953286008601467,0.016765720212504966,-3.0794784531818618,-3.076921054311209
18.049999999999297,4,True,0.10778239506381183,0.04206638614438665,-3.0807780919510623,-3.0633245987500186
18.054166666665964,4,True,0.2025130697528382,0.041917878692954755,-3.0828792869602752,-3.0902595071421666
18.05833333333263,4,True,0.07306770356402227,0.031615581296393566,-3.0840814320860273,-3.0978681100702308
18.062499999999297,4,True,0.03827309910005747,0.047847023098421655,-3.085291429818184,-3.0583722240411326
18.066666666665963,4,True,0.20026591394929855,0.017926489745789434,-3.0866376544133622,-3.0941984883783693
18.07083333333263,4,True,0.11833264638211775,0.023703953222948264,-3.0877187857177444,-3.1070517781752174
18.074999999999296,4,True,0.13117460193363184,0.023019834321823418,-3.0886912941246503,-3.110260145036168
18.079166666665962,4,True,0.1425389253305734,0.0543326906667633,-3.0896715327714626,-3.0899909300530877
18.08333333333263,4,True,0.06306746664575527,0.03850232484753992,-3.0907099202798944,-3.1105849138456843
18.087499999999295,4,True,0.042696287883795196,0.026357222564878647,-3.0919141737699434,-3.0996973905324454
18.09166666666596,4,True,0.05582011089574017,0.04256464698745058,-3.0932503315367392,-3.0987022217729727
18.095833333332628,4,True,0.04942918364982341,0.006227034480475702,-3.0946598464265276,-3.090522786380172
18.099999999999294,4,True,0.08875091098817825,0.006751113818491384,-3.0958541225132308,-3.0892272642445926
18.10416666666596,4,True,0.07877570261017906,0.04328141981572523,-3.097696919056174,-3.0986077557199865
18.108333333332627,4,True,0.19424519951521024,0.042663685388032134,-3.0989441456487823,-3.097236651004853
18.112499999999294,4,True,0.09739402226319196,0.050526937320700224,-3.099896035536422,-3.0983134761001305
18.11666666666596,4,True,0.15815805916914336,0.02977400230329816,-3.1008377981521176,-3.1120872706878377
18.120833333332627,4,True,0.05877536802774022,0.033405372054663034,-3.101795608411165,-3.100869444715169
18.124999999999293,4,True,0.13520382130526415,0.031772923881956947,-3.102875078679893,-3.095175863022026
18.12916666666596,4,True,0.10082778905168373,0.0336679972610236,-3.104103662276856,-3.1049111337555693
18.133333333332626,4,True,0.0567603134504642,0.020647597001415982,-3.1054377430214193,-3.0942378293427364
18.137499999999292,4,True,0.04214892022436787,0.01863312991150944,-3.106708642474178,-3.121453880921857
18.14166666666596,4,True,0.06987535802762401,0.026411689539039676,-3.1078424667754923,-3.1238128467578723
18.145833333332625,4,True,0.14655017453952326,0.004969742398997513,-3.1090527002272763,-3.1097474148573307
18.14999999999929,4,True,0.10659260720638956,0.02112449615879021,-3.110248556340218,-3.1156975992354536
18.154166666665958,4,True,0.08506246520569051,0.030198301124805527,-3.1115989549350567,-3.105722947675663
18.158333333332624,4,True,0.07050013793327775,0.04853872609372681,-3.1125028318077224,-3.1150936827330713
18.16249999999929,4,True,0.09515212275783536,0.028400273857185982,-3.1134578735063054,-3.1179454001981424
18.166666666665957,4,True,0.15974606764728522,0.04279515295453254,-3.114561067592989,-3.123210436005919
18.170833333332624,4,True,0.11856322878450883,0.06114672805949497,-3.1157966803973665,-3.0979589666392773
18.17499999999929,4,True,0.05745613726031428,0.034115582333862325,-3.117114585177745,-3.121014463239193
18.179166666665957,4,True,0.08743739239832367,0.02776176333863733,-3.118356260408528,-3.1113267188463936
18.183333333332623,4,True,0.06892831200661248,0.04030510431254317,-3.1194837141035077,-3.1146670547328896
18.18749999999929,4,True,0.12114721631925982,0.03488248266757528,-3.1205843660378836,-3.1224534550747918
18.191666666665956,4,True,0.1229029587119835,0.016796679428902367,-3.1216123838402257,-3.1292542330411575
18.195833333332622,4,True,0.04564987526057459,0.04126586728573811,-3.122674866582826,-3.0983588443673695
18.19999999999929,4,True,0.1494747420173764,0.03663437754404884,-3.1237646385664335,-3.129835802449304
18.204166666665955,4,True,0.054950513219364665,0.021996788223204746,-3.125503309063454,-3.1275898425268465
18.20833333333262,4,True,0.15395480669068604,0.04134512430493469,-3.1266744541199283,-3.1124493623596274
18.212499999999288,4,True,0.11237001679400821,0.06590541397246373,-3.127548044961004,-3.1347411058583616
18.216666666665954,4,True,0.07006184979643709,0.045067090082883336,-3.1284141575888706,-3.118647461023496
18.22083333333262,4,True,0.12932126846091585,0.029868324879910566,-3.129297236842631,-3.1355260193234904
18.224999999999287,4,True,0.0856598981810501,0.04244270279711944,-3.1302741799741813,-3.1301833484376207
18.229166666665954,4,True,0.09884296179364935,0.03107289235287688,-3.1313890085798497,-3.129769845988427
18.23333333333262,4,True,0.13955039325924848,0.044323822483588765,-3.1326141622179495,-3.1228684038490835
18.237499999999287,4,True,0.05440215606541448,0.034941574594537984,-3.13378420973227,-3.1252699569584856
18.241666666665953,4,True,0.11739397529067254,0.014335278630538958,-3.134823117116003,-3.144835507844902
18.24583333333262,4,True,0.06823361230913294,0.026002842511990785,-3.1359155800645935,-3.1334368754322957
18.249999999999286,4,True,0.1071246936369219,0.029109748633355803,-3.1369878833115155,-3.1590231840261005
18.254166666665952,4,True,0.11706383122212909,0.03720602828218128,-3.138167771628816,-3.139017099343472
18.25833333333262,4,True,0.11402972962252526,0.05850676656283176,-3.138966566193547,-3.1422846233180604
18.262499999999285,4,True,0.11569011580454622,0.03592694000612654,-3.1398110400480723,-3.134543967183677
18.26666666666595,4,True,0.11281722264236037,0.06444097819735779,-3.1407829032874446,-3.1196884487040255
18.270833333332618,4,True,0.08070346651957871,0.040810612810863345,-3.1418889111671486,-3.148808045631145
18.274999999999284,4,True,0.09873302754561632,0.016854213721503256,-3.1430899809885364,-3.137981403580694
18.27916666666595,4,True,0.042274241630635166,0.046314579658024026,-3.1442260029220868,-3.144377137581872
18.283333333332617,4,True,0.12617831199341212,0.04602293976166168,-3.145244230784181,-3.1307936872617415
18.287499999999284,4,True,0.0567428251625306,0.021225446912103842,-3.146342836278092,-3.1429599353775997
18.29166666666595,4,True,0.04766760193161941,0.03196684187645129,-3.147272821026986,-3.136429820731323
18.295833333332617,4,True,0.0622424173061119,0.01596019719988282,-3.1482311356107804,-3.1568416531726267
18.299999999999283,4,True,0.1013532551798525,0.04254210256774104,-3.1492182484192774,-3.1608912950204093
18.30416666666595,4,True,0.16115165779830543,0.04199220749496387,-3.1507844091301607,-3.1543755021933833
18.308333333332616,4,True,0.009444758124412637,0.021468550547172397,-3.1516908237495307,-3.1515027810528635
18.312499999999282,4,True,0.08723571329861074,0.028126550411487455,-3.1526524511240663,-3.153555255532701
18.31666666666595,4,True,0.0693500217168665,0.02141770840792955,-3.1536577625565956,-3.1425503240514554
18.320833333332615,4,True,0.11343012421401087,0.011463313121233009,-3.1546944883415904,-3.160865881177631
18.32499999999928,4,True,0.062157543891000984,0.035670646654678284,-3.1557888136280234,-3.1532688904230524
18.329166666665948,4,True,0.1231647664647657,0.019152723543499856,-3.156614394594504,-3.169918024814569
18.333333333332615,4,True,0.07130197338611936,0.04317946546456188,-3.157353967867161,-3.1632677026495353
18.33749999999928,4,True,0.07334402018363272,0.019021367004034142,-3.1581205572506255,-3.1582531243464484
18.341666666665947,4,True,0.0632136481564367,0.023093468026881146,-3.158924144943254,-3.1673753429621634
18.345833333332614,4,True,0.09233105392181586,0.03315393033106226,-3.1597943777033937,-3.167020752186691
18.34999999999928,4,True,0.09160008918278789,0.05069252697582204,-3.1607943016693074,-3.17192217413505
18.354166666665947,4,True,0.13786460838015044,0.011252167508477396,-3.1624971543304805,-3.162381701101881
18.358333333332613,4,True,0.09296676210338205,0.009556236823420012,-3.163591550107594,-3.1621027500359253
18.36249999999928,4,True,0.02360217242102308,0.02672937073480535,-3.1645573675900986,-3.147511732824954
18.366666666665946,4,True,0.11723931165687883,0.02603748151660044,-3.165460914591133,-3.1571025876978815
18.370833333332612,4,True,0.10996381197165879,0.030085211529776376,-3.16630718552525,-3.151593315229319
18.37499999999928,4,True,0.13128674470221272,0.039948275957016034,-3.1672035042607627,-3.169788356356064
18.379166666665945,4,True,0.07494632614238426,0.021885829321597987,-3.1681415458007773,-3.1573581658057095
18.38333333333261,4,True,0.08908572928535559,0.02131353071079257,-3.1691118059030505,-3.1869556088426885
18.387499999999278,4,True,0.224675119978232,0.008613739032325382,-3.1701639635329686,-3.1734148524314443
18.391666666665945,4,True,0.1397532844602302,0.025768259904761403,-3.170949051753171,-3.148806758573129
18.39583333333261,4,True,0.1332220305615412,0.011709355381726514,-3.171640622691564,-3.1806261622555754
18.399999999999277,4,True,0.09386527848893787,0.05458695558222603,-3.1723536575291646,-3.16439311912979
18.404166666665944,4,True,0.12976733508945731,0.0216813935578913,-3.17350030875269,-3.181109824564823
18.40833333333261,4,True,0.10155938642914576,0.04077854919859299,-3.1744058261617507,-3.180088756269103
18.412499999999277,4,True,0.09548176539445526,0.0459534921372208,-3.175432959155626,-3.197125026456566
18.416666666665943,4,True,0.11109508913634179,0.030036028429813264,-3.176545504933737,-3.176894039283079
18.42083333333261,4,True,0.03327491568511683,0.02603896931708147,-3.177452347178467,-3.1744458045900728
18.424999999999276,4,True,0.17202195811208565,0.05101034466511,-3.1783554652212427,-3.1916357653167107
18.429166666665942,4,True,0.09568903526057373,0.0333602140024708,-3.179225948581458,-3.190080732114143
18.43333333333261,4,True,0.10967672453174179,0.02222646939964739,-3.1800312522954965,-3.1665426807253643
18.437499999999275,4,True,0.11006911652103224,0.03476894912715811,-3.1808815312716057,-3.172728407377851
18.44166666666594,4,True,0.0952538700475937,0.023454979044922646,-3.1817718136444224,-3.174579839924845
18.445833333332608,4,True,0.09380900268756574,0.02098388828937168,-3.182692340391151,-3.195628556857607
18.449999999999275,4,True,0.07717092551446633,0.05928762831376086,-3.183590844402183,-3.179244177878209
18.45416666666594,4,True,0.07454332020547552,0.01866279616340246,-3.1845267699721957,-3.2018593953899783
18.458333333332607,4,True,0.149037701769762,0.04315731832069946,-3.1851814310260007,-3.2037364282764584
18.462499999999274,4,True,0.07427103757673457,0.04880911369271401,-3.185866419780105,-3.18200109867187
18.46666666666594,4,True,0.08571934551777219,0.015411700780162026,-3.1866333156445164,-3.1844553301834386
18.470833333332607,4,True,0.126701392617493,0.0630921491631301,-3.187537322597135,-3.1746585319387757
18.474999999999273,4,True,0.07397219275096015,0.030412185036259913,-3.1885520911355734,-3.1676064790261056
18.47916666666594,4,True,0.1437707072133667,0.02183697711194067,-3.18964154512966,-3.197123580250272
18.483333333332606,4,True,0.11353149316062372,0.04656129284168946,-3.190512441006677,-3.175044207745581
18.487499999999272,4,True,0.10978550791631012,0.019083623428542067,-3.1912919222392073,-3.2007169509968567
18.49166666666594,4,True,0.08340468782422622,0.02561817206017961,-3.192021912687119,-3.1991467424961866
18.495833333332605,4,True,0.11945970383338098,0.00478090524918507,-3.1928110273980903,-3.1896181930164937
18.49999999999927,4,True,0.062261889557584896,0.03176879164957605,-3.1936519946151747,-3.192355492922214
18.504166666665938,4,True,0.11277072017503464,0.037377143458823286,-3.194966272334667,-3.1851665441791903
18.508333333332605,4,True,0.034783470083307,0.03524939044629668,-3.195817338893622,-3.180904430235929
18.51249999999927,4,True,0.08370014623687595,0.02565340134618604,-3.196610495836475,-3.1808777958464156
18.516666666665937,4,True,0.08816313772386404,0.06407926344848078,-3.1974566175753103,-3.2205153214038744
18.520833333332604,4,True,0.16799837264449516,0.03554616683234539,-3.1983468497682432,-3.216735533501073
18.52499999999927,4,True,0.18835172186998717,0.01968953186499445,-3.1986009421037873,-3.200776698271582
18.529166666665937,4,True,0.0896903978653442,0.013072299242472987,-3.198636982920837,-3.2013791995504692
18.533333333332603,4,True,0.12216194641888889,0.034975965594992366,-3.198505175316452,-3.206234978115647
18.53749999999927,4,True,0.07422168944048782,0.04133840750869065,-3.1982860718020816,-3.201256036943138
18.541666666665936,4,True,0.1350805758336984,0.040018960802658494,-3.19813404537842,-3.1931435424511254
18.545833333332602,4,True,0.18423620751521994,0.04587603029080664,-3.1977604666254584,-3.1805506576196536
18.54999999999927,4,True,0.11039509652046096,0.03605705271114465,-3.1975763475168404,-3.1701406958354728
18.554166666665935,4,True,0.05889411890476151,0.04499779014555547,-3.1970905555102975,-3.2170960702671794
18.5583333333326,4,True,0.08543994879570917,0.046449112646590365,-3.1967525490566624,-3.202945208584995
18.562499999999268,4,True,0.08529080067223897,0.03912857546029659,-3.1961629428886638,-3.1826917484727786
18.566666666665935,4,True,0.14654832974662085,0.030180751927456985,-3.1958293039005943,-3.198188938379892
18.5708333333326,4,True,0.24557547026446613,0.027471401091071792,-3.195414946467674,-3.2057590128905464
18.574999999999267,4,True,0.10957605930852055,0.06227675439254782,-3.1949387743827304,-3.2034982641747143
18.579166666665934,4,True,0.12684769217462047,0.03088157335401839,-3.194466290084871,-3.194618140021651
18.5833333333326,4,True,0.12131222766454204,0.0355256096279725,-3.1937092357880297,-3.1928000067100526
18.587499999999267,4,True,0.02028906161252663,0.04269411122435198,-3.193181476804521,-3.1727178942703196
18.591666666665933,4,True,0.20040799716689034,0.02303336876915737,-3.193546695679586,-3.188319564621454
18.5958333333326,4,True,0.09446646115182117,0.019807774719220277,-3.1948871890782913,-3.193501915454611
18.599999999999266,4,True,0.05496370389854662,0.029991721409924153,-3.196982516446012,-3.2028519293911946
18.604166666665932,4,True,0.03457659603430635,0.013451547124880942,-3.201063975404362,-3.212674995475657
18.6083333333326,4,True,0.11277089445786316,0.018569944789274158,-3.204874843376951,-3.193832035062882
18.612499999999265,4,True,0.06739536560206141,0.033807519910491496,-3.208852597958741,-3.2097022200644125
18.61666666666593,4,True,0.13495644457950032,0.03459378014849712,-3.2129556080735417,-3.2078847007648026
18.620833333332598,4,True,0.1190097771269398,0.044087274064454667,-3.2171436239043927,-3.2167292675509658
18.624999999999265,4,True,0.21020286792375617,0.04032882895462509,-3.221257500542814,-3.205271228785767
18.62916666666593,4,True,0.054733842303498946,0.07364279179871268,-3.2256880054928057,-3.235014767084276
18.633333333332597,4,True,0.12954028587109354,0.037358895107205185,-3.230126105597029,-3.2399345365692165
18.637499999999264,4,True,0.07772103453444033,0.03415394472475539,-3.2345485003845207,-3.2306537465815626
18.64166666666593,4,True,0.10512144573368419,0.017207966770636123,-3.238875032312734,-3.240067372838876
18.645833333332597,4,True,0.09927360012830565,0.02015396863115024,-3.243011592503515,-3.2402978419413717
18.649999999999263,4,True,0.1496810762669431,0.006830926364784409,-3.247693129905824,-3.2498962996557332
18.65416666666593,4,True,0.05974606589209247,0.038311004466377994,-3.25459215344157,-3.2228056561599625
18.658333333332596,4,True,0.08972343225815042,0.022897339014308054,-3.2591003832255794,-3.242057320965122
18.662499999999262,4,True,0.10206493645799389,0.04993282563930581,-3.263245008226579,-3.2652705839490115
18.66666666666593,4,True,0.2073155961274361,0.028119042821932512,-3.26767127643203,-3.26176159884695
18.670833333332595,4,True,0.1997717790062646,0.0440948054194408,-3.272072549710433,-3.2855700252302675
18.67499999999926,4,True,0.04617104094098873,0.03459590118599144,-3.2764182642483797,-3.2873826507802346
18.679166666665928,4,True,0.08776656011036403,0.04609252793729844,-3.2805832503376253,-3.2769715045105827
18.683333333332595,4,True,0.08896965191316426,0.05231170244582735,-3.2843711071149833,-3.267872134781175
18.68749999999926,4,True,0.1663609873896907,0.02869481009881843,-3.2885886545963245,-3.2852326692134484
18.691666666665927,4,True,0.11570368776726828,0.0168133476743196,-3.292917130705383,-3.296315067103094
18.695833333332594,4,True,0.14221208245782588,0.022813295237510883,-3.297222737816989,-3.300201817993479
18.69999999999926,4,True,0.058172009678350886,0.05096312819984288,-3.30146967251157,-3.3123993346387386
18.704166666665927,4,True,0.06407549769508232,0.061621967907506396,-3.3073926956167083,-3.3165457252715993
18.708333333332593,4,True,0.16176193233653477,0.003846474184247101,-3.311524851996421,-3.3099448561931974
18.71249999999926,4,True,0.15565134557202603,0.023389705116565025,-3.315664372811804,-3.292425719386649
18.716666666665926,4,True,0.10107699942992748,0.06770619938803518,-3.319665440397624,-3.3383530436053324
18.720833333332592,4,True,0.06362713181216031,0.015542168069821517,-3.3234491437839933,-3.335044323016015
18.72499999999926,4,True,0.12951193097442326,0.028145865914431415,-3.326965754574174,-3.343310728918292
18.729166666665925,4,True,0.07058233175919129,0.019910515470523908,-3.3309936233818638,-3.3329249362435514
18.73333333333259,4,True,0.12461937446350849,0.010409263620150414,-3.3350371219153447,-3.339727871480354
18.737499999999258,4,True,0.1271822929265791,0.04295800382590638,-3.3390893646918873,-3.3563667287115795
18.741666666665925,4,True,0.1219853035357487,0.05975050988282113,-3.3429980281940552,-3.322946782848953
18.74583333333259,4,True,0.11241274206097657,0.010256965118000094,-3.3466184832276347,-3.353734691351629
18.749999999999257,4,True,0.09413466793932486,0.011715267693634126,-3.350511686851413,-3.3468562570644758
18.754166666665924,4,True,0.12773992190792044,0.014052828836660012,-3.356354583641151,-3.3684185333189385
18.75833333333259,4,True,0.1259166176886641,0.03399436693756904,-3.360017471311227,-3.374895383000092
18.762499999999257,4,True,0.09230081936576036,0.027372684974953144,-3.363273684167492,-3.355306164548236
18.766666666665923,4,True,0.09621127380771276,0.0338638772839801,-3.3669155795268115,-3.3758250090896937
18.77083333333259,4,True,0.03479128453113311,0.04114315295456106,-3.3707131359844293,-3.3863074910806956
18.774999999999256,4,True,0.10098343224545027,0.050983383308074726,-3.3745472709876814,-3.3999766436064256
18.779166666665922,4,True,0.0753980684335277,0.051835793441879566,-3.3783541652218116,-3.3966591457177198
18.78333333333259,4,True,0.05945753779867553,0.03313865611089528,-3.38177121514449,-3.4086886771869414
18.787499999999255,4,True,0.025853593249364544,0.01607409927824332,-3.385525383368783,-3.3801949885058415
18.791666666665922,4,True,0.10708879384565127,0.049924948675042595,-3.3893904756764983,-3.396657393225503
18.795833333332588,4,True,0.056211696132355896,0.019517558233077003,-3.3932614749161276,-3.3820999815027872
18.799999999999255,4,True,0.09640747430680408,0.06319754845042452,-3.3970796063379476,-3.410914035482807
18.80416666666592,4,True,0.06535995662235809,0.01725800048767627,-3.402298392712163,-3.388208658230695
18.808333333332588,4,True,0.14544538855517478,0.04202935503416466,-3.4061136303310984,-3.391660876977228
18.812499999999254,4,True,0.11717519708594373,0.017979466289568473,-3.409932781066937,-3.421632589812902
18.81666666666592,4,True,0.04479531570637469,0.012731837552072446,-3.413751858659855,-3.420933559186283
18.820833333332587,4,True,0.15566153309436462,0.03244067797962253,-3.4173899883203496,-3.4022172222735514
18.824999999999253,4,True,0.07757112599192363,0.010880302426730154,-3.4207282892992747,-3.428825721396522
18.82916666666592,4,True,0.11766244147258617,0.011582178244573303,-3.4244660117097463,-3.4320991315044562
18.833333333332586,4,True,0.1358548186866566,0.03019726944502202,-3.4282107183093555,-3.421805029896144
18.837499999999253,4,True,0.1366457747279961,0.0319177910837156,-3.431898018293121,-3.4223570345337584
18.84166666666592,4,True,0.15431153417320823,0.018270826186109004,-3.435312158565477,-3.435910475642251
18.845833333332585,4,True,0.05408735107119167,0.028428387569615868,-3.438441033954384,-3.427910455777737
18.849999999999252,4,True,0.06307384788843814,0.01716277428931917,-3.441851956068896,-3.444833569368326
18.85416666666592,4,True,0.17777915346370565,0.013242797359503167,-3.446887410006841,-3.4534936807101855
18.858333333332585,4,True,0.028743602195478894,0.02651233838455126,-3.4499229818881747,-3.447256397510068
18.86249999999925,4,True,0.04663477242385389,0.05023962442225413,-3.4525673124659453,-3.4623946266887704
18.866666666665918,4,True,0.06333629682351259,0.01883566171675889,-3.455531114681615,-3.4590071088673424
18.870833333332584,4,True,0.05972016690537252,0.011654157887568895,-3.4586550303263186,-3.4473055981636547
18.87499999999925,4,True,0.05324685417470078,0.06746782835561413,-3.4616897391809944,-3.4418909550622137
18.879166666665917,4,True,0.126928631659666,0.03558428907563398,-3.4644965050789995,-3.4743230655977024
18.883333333332583,4,True,0.06177517125829191,0.041780523815781116,-3.4669494602939723,-3.4813255285729863
18.88749999999925,4,True,0.14905694240060313,0.03924114868169749,-3.469749672169432,-3.4605804664980955
18.891666666665916,4,True,0.030125569997221557,0.06792981332360883,-3.4727360225791677,-3.481629528963354
18.895833333332583,4,True,0.08549170132912416,0.04502253653875628,-3.475797111906073,-3.491224436046519
18.89999999999925,4,True,0.15126565330029507,0.005935299542725514,-3.478663801930475,-3.476469534761506
18.904166666665915,4,True,0.17719556342565118,0.03825236836927519,-3.4825840321921295,-3.497287770573333
18.908333333332582,4,True,0.08500743433155633,0.046315518554055406,-3.4856064128271402,-3.500214292524954
18.91249999999925,4,True,0.16822059451768578,0.027007290089525078,-3.4887508205139612,-3.468456651934916
18.916666666665915,4,True,0.08064085504800085,0.02563988485588854,-3.491920233605475,-3.5097173076058232
18.92083333333258,4,True,0.057743982959556434,0.020973738293470476,-3.494856125643902,-3.4917132232840493
18.924999999999248,4,True,0.09542464237128517,0.025801656037704963,-3.497581905813768,-3.499647948435469
18.929166666665914,4,True,0.09975340651563668,0.005682291256859999,-3.500612803468514,-3.504262486397225
18.93333333333258,4,True,0.06679219167210422,0.018436472668108998,-3.5036815683151383,-3.4973704575515523
18.937499999999247,4,True,0.22925166743534228,0.019234841940728324,-3.506511499986748,-3.5164738392073467
18.941666666665913,4,True,0.15665363413351568,0.035310185676461145,-3.5090740728815537,-3.4852238838569685
18.94583333333258,4,True,0.11961536944149341,0.04423132759579511,-3.511413850998143,-3.5048820018791753
18.949999999999246,4,True,0.08798683975836762,0.049697497741585266,-3.513441477600148,-3.5549559254931022
18.954166666665913,4,True,0.15070492877087674,0.014234089658621284,-3.5159132935878548,-3.5206453500242585
18.95833333333258,4,True,0.05969345062247168,0.006391880508516288,-3.517279855501494,-3.5143278947308354
18.962499999999245,3,True,0.13141328139722835,0.03539696511618987,-3.518523767817253,-3.504197746978641
18.966666666665912,4,True,0.11944288228748119,0.028774192058744864,-3.519678170742342,-3.5431436483545404
18.97083333333258,4,True,0.10636218127392252,0.05622192343491629,-3.520680749667548,-3.5370847154379734
18.974999999999245,4,True,0.0918109887979451,0.027292399784839758,-3.521556964786406,-3.5178710496923986
18.97916666666591,4,True,0.10442253230813917,0.024638207978196918,-3.522353399830395,-3.545247410098445
18.983333333332578,4,True,0.1012681615159852,0.04511494137284182,-3.5234781686695693,-3.530736851211828
18.987499999999244,4,True,0.09676215354745607,0.018829201054069968,-3.524578152478918,-3.5277653046611017
18.99166666666591,4,True,0.0845721589917395,0.024296349774722822,-3.5259369387564794,-3.5294142310409424
18.995833333332577,4,True,0.08537431976060164,0.05739092219764937,-3.527241128258415,-3.512433531177499
18.999999999999243,4,True,0.20868128133530173,0.019750393005856418,-3.5284787716517827,-3.529301262957695
19.00416666666591,4,True,0.09436454930099299,0.025879088780754993,-3.5302021801254906,-3.512894908941845
19.008333333332576,4,True,0.08283430308415417,0.014501071512563742,-3.531212459470597,-3.539474985171523
19.012499999999243,4,True,0.16529061617023708,0.03025562171909744,-3.532108503903447,-3.5381773113633344
19.01666666666591,4,True,0.12655085067123506,0.023425598388000134,-3.533294419639413,-3.539768623284765
19.020833333332575,4,True,0.03754204936466685,0.009092324409553586,-3.534480812212698,-3.526629332497155
19.024999999999242,4,True,0.09330541317153829,0.034924163521535656,-3.5355857068026517,-3.5148089388267647
19.02916666666591,4,True,0.09594365629716745,0.033116569607326625,-3.5365802572376417,-3.556584218361516
19.033333333332575,4,True,0.13955177823657125,0.0064577393314419395,-3.5378372702759284,-3.537945097069152
19.03749999999924,4,True,0.11710033458256444,0.031542866511806066,-3.5390590744955253,-3.5420237369443313
19.041666666665908,4,True,0.029104498838680912,0.03734984370149017,-3.5402370931023075,-3.5328326155189855
19.045833333332574,4,True,0.12075077121591143,0.03614664336762713,-3.5413006754026104,-3.5242930283120084
19.04999999999924,4,True,0.16454656363169542,0.03377626104855745,-3.5422438364849134,-3.5342876405065637
19.054166666665907,4,True,0.11367665458066271,0.023805906312779603,-3.544046848654499,-3.537318160215416
19.058333333332573,4,True,0.1852588451291211,0.04658426753954163,-3.54520476606992,-3.5668784956123565
19.06249999999924,4,True,0.1043551188764482,0.05452076751234117,-3.54629443788058,-3.543050387993115
19.066666666665906,4,True,0.07026755245242028,0.04841894522123094,-3.547245300940351,-3.5459972358052094
19.070833333332573,4,True,0.07774143350035563,0.02861015083573968,-3.5485927674467717,-3.541339608081914
19.07499999999924,4,True,0.061736179444957136,0.04249451052758015,-3.5500772311545385,-3.5370037486836052
19.079166666665905,4,True,0.07550738337149464,0.025584090419895792,-3.551528193102965,-3.560898555840331
19.083333333332572,4,True,0.028268827846730158,0.02191915039005278,-3.552882133892664,-3.5602145759268353
19.08749999999924,4,True,0.07571114713655043,0.03399493083180822,-3.5540469684999967,-3.579636639817435
19.091666666665905,4,True,0.1257562811524974,0.029518399414298426,-3.5550698255146114,-3.564117689317466
19.09583333333257,4,True,0.10987650932455477,0.046433034944040365,-3.555986190388405,-3.577064249620329
19.099999999999238,4,True,0.0549678800315419,0.022529601806367892,-3.556836414028955,-3.5685246008897646
19.104166666665904,4,True,0.15522846426860487,0.01425238909832461,-3.5583682507918573,-3.549892903677964
19.10833333333257,4,True,0.06592217243805647,0.02782507850331246,-3.5594476959316377,-3.547314822344665
19.112499999999237,4,True,0.2730943484631746,0.0441588711976014,-3.5604737573118417,-3.5894077201513777
19.116666666665903,4,True,0.07492513512552905,0.03607378113032993,-3.561454914396678,-3.5529127424886946
19.12083333333257,4,True,0.08694822985610298,0.017643034744682443,-3.562405449188739,-3.5497709579641223
19.124999999999236,4,True,0.12498795524320468,0.04353713614927597,-3.563400698493225,-3.5451242310218265
19.129166666665903,4,True,0.06659909882599713,0.031992961153820144,-3.564505745155973,-3.565321149743864
19.13333333333257,4,True,0.1457212144826714,0.04166928471546454,-3.5655537101368138,-3.5610893371083656
19.137499999999235,4,True,0.17049170427138696,0.0513809558885764,-3.5665556899291175,-3.5610599411523625
19.141666666665902,4,True,0.11475736472111561,0.029172780634609284,-3.5675256681316263,-3.5716554259632955
19.14583333333257,4,True,0.06469444173073766,0.020457629868925575,-3.5685278110410197,-3.5654425886623518
19.149999999999235,4,True,0.06979086457338952,0.03153463311915603,-3.5696353167885606,-3.5642502605759043
19.1541666666659,4,True,0.11359663283462706,0.06743915017627775,-3.571188961054372,-3.593994467170474
19.158333333332568,4,True,0.12661095751557028,0.03648312641825916,-3.5721710452834565,-3.590901112608812
19.162499999999234,4,True,0.07941140028076646,0.01175629893042355,-3.5730729355119926,-3.583269365100681
19.1666666666659,4,True,0.026476924241533827,0.03136671710573702,-3.5741969477017315,-3.5866199965066015
19.170833333332567,4,True,0.14987016697157843,0.03310181184866545,-3.575260310386802,-3.5825238525768808
19.174999999999233,4,True,0.11314026832675494,0.032707048278102197,-3.576269403536568,-3.6084972745341037
19.1791666666659,4,True,0.12725189164407275,0.021002206588982043,-3.577237953815135,-3.590159524276728
19.183333333332566,4,True,0.09598025380566558,0.026106814357889897,-3.5781233785217648,-3.586833852298394
19.187499999999233,4,True,0.13576511226314722,0.033905562798616666,-3.579371281458661,-3.5973505322820234
19.1916666666659,4,True,0.05366694949827149,0.027619508798848207,-3.580739607357103,-3.575293410853207
19.195833333332565,4,True,0.15443882252559962,0.05571952015546085,-3.5820627632763085,-3.5615054626421645
19.199999999999232,4,True,0.12695865930554884,0.05053302640117989,-3.583328172957526,-3.5688755030727233
19.2041666666659,4,True,0.09909429443980267,0.032117040746556545,-3.584952364260168,-3.5987617760091615
19.208333333332565,4,True,0.13795845848444108,0.0332563891099499,-3.5858020191248428,-3.5796814748439365
19.21249999999923,4,True,0.09696798990350917,0.03236464730226783,-3.5865432353577207,-3.572964882995459
19.216666666665898,4,True,0.09810308133740454,0.05467079092488289,-3.5873856237672563,-3.5900989897003956
19.220833333332564,4,True,0.13777424254113227,0.06129281121941602,-3.588406931408172,-3.571382909074084
19.22499999999923,4,True,0.17302937632488735,0.01784226250557383,-3.5892602761642705,-3.5918184082180944
19.229166666665897,4,True,0.06701041141723638,0.05503949557535177,-3.5903564751456303,-3.580391878880268
19.233333333332563,4,True,0.06624532988639872,0.03126812360467268,-3.5914105940865317,-3.5885585391366823
19.23749999999923,4,True,0.07893726161139143,0.022203371818580824,-3.592422833112597,-3.6131951718935973
19.241666666665896,4,True,0.0788839526457147,0.016564476513040625,-3.5934005109832854,-3.607003414517163
19.245833333332563,4,True,0.11589574733851749,0.041276006504901354,-3.5941805210126834,-3.5758127028550057
19.24999999999923,4,True,0.24564337899771824,0.03586202916043742,-3.595202516148788,-3.6290709439781086
19.254166666665895,4,True,0.04512303684656359,0.029532973566075284,-3.5966518177285716,-3.613035696251677
19.258333333332562,4,True,0.07663100710803426,0.03983880496450301,-3.59757258567803,-3.5794219314481244
19.26249999999923,4,True,0.042140740581936224,0.06544553960411562,-3.5984028608082745,-3.611347126256959
19.266666666665895,4,True,0.12480565284109664,0.029317016892328702,-3.599441539602082,-3.6171177948693867
19.27083333333256,4,True,0.052786492445830425,0.025753603293573263,-3.6004192039133653,-3.5971645383974358
19.274999999999228,4,True,0.06721678300964642,0.04784401313758812,-3.601344052562962,-3.579622730156547
19.279166666665894,4,True,0.06751438700458749,0.02733248763757815,-3.6022293955135667,-3.6004491153309277
19.28333333333256,4,True,0.10760318345004524,0.026173659649377977,-3.6030213205859325,-3.6253594374186653
19.287499999999227,4,True,0.0840512121649676,0.061036963641838055,-3.6040236859501396,-3.6086190038004586
19.291666666665893,4,True,0.16386753231713633,0.020958235512798185,-3.604966583450224,-3.6126630081141142
19.29583333333256,4,True,0.11304327464999887,0.0506786180629068,-3.6058588468297454,-3.580480166052294
19.299999999999226,4,True,0.06917605371743168,0.01323588639050533,-3.6067138887359453,-3.603000729686312
19.304166666665893,4,True,0.09689598872065011,0.024922197273663873,-3.608241281184568,-3.59307063914034
19.30833333333256,4,True,0.09763098556744569,0.027664731815223307,-3.609079161322803,-3.6159477585871675
19.312499999999226,4,True,0.01713665451980909,0.035629615990664706,-3.610173118433223,-3.6142605996861867
19.316666666665892,4,True,0.060364768094399446,0.024200280659997683,-3.6112454124894504,-3.6270648960398084
19.32083333333256,4,True,0.1260928256968155,0.017869629936912004,-3.61228330203681,-3.621117182876124
19.324999999999225,4,True,0.052297261375058114,0.04178947730578938,-3.6131029850924135,-3.623893722901644
19.32916666666589,4,True,0.07815661175422087,0.016151325918901217,-3.6137666744131556,-3.6159496557418804
19.333333333332558,4,True,0.05583954081465591,0.025942208664241084,-3.6148360872422236,-3.6032511682666053
19.337499999999224,4,True,0.10691896106634598,0.005329678003839238,-3.616068517650212,-3.617102708358154
19.34166666666589,4,True,0.12494351830035991,0.020631568211022112,-3.617294500703517,-3.59981728815826
19.345833333332557,4,True,0.04488779627216701,0.04117644426071892,-3.618294568683009,-3.631612341612289
19.349999999999223,4,True,0.018764987992954674,0.008886133041411212,-3.6191200425398526,-3.618708782269348
19.35416666666589,4,True,0.08356354518653528,0.027495442424140655,-3.6201566309422564,-3.6216728546165293
19.358333333332556,4,True,0.14148474937932176,0.011827178134208615,-3.620933685838335,-3.6248058599014468
19.362499999999223,4,True,0.12780979509122287,0.021303307563554412,-3.6218205950740754,-3.6064792904408236
19.36666666666589,4,True,0.10529364859439558,0.0347828026929151,-3.6226993165103503,-3.6295454216770797
19.370833333332556,4,True,0.05015454315797343,0.05322847971963716,-3.623692607724741,-3.6281875132106
19.374999999999222,4,True,0.09141014562164869,0.025222241972506762,-3.6246390056803053,-3.625126552343668
19.37916666666589,4,True,0.10018052154545912,0.017106914687690856,-3.625542545552305,-3.6407137685749484
19.383333333332555,4,True,0.06119278045194891,0.019623912454693474,-3.6263420711503884,-3.623173640394175
19.38749999999922,4,True,0.048593562993290415,0.03479943612243772,-3.6269254262343917,-3.6215959468966648
19.391666666665888,4,True,0.08698341066001518,0.03559239500946782,-3.627915203003152,-3.6197023883650794
19.395833333332554,4,True,0.04868780572761093,0.02527133914294234,-3.629065690673556,-3.6206381103216607
19.39999999999922,4,True,0.047731274783008544,0.024076022373480468,-3.6302058996413535,-3.6174983356783206
19.404166666665887,4,True,0.1354369322376894,0.01054390308390066,-3.6316564080910028,-3.6376213778188897
19.408333333332553,4,True,0.04088449003081343,0.041083458946852475,-3.6323709873390415,-3.632699070995374
19.41249999999922,4,True,0.049019084242118004,0.012505453749715807,-3.6329735078525482,-3.630436529288833
19.416666666665886,4,True,0.0678646453947859,0.03697820691118144,-3.6336747610607243,-3.6359618141028283
19.420833333332553,4,True,0.11045080991136179,0.04297023875793552,-3.63481778242396,-3.62813641032836
19.42499999999922,4,True,0.18211341931944705,0.049521584026470965,-3.635803089104847,-3.646834127604047
19.429166666665886,4,True,0.10396176313103149,0.03786266745855087,-3.6366399993346343,-3.637952407160712
19.433333333332552,4,True,0.05863469782556282,0.025438496961303222,-3.6373735362291897,-3.615267477076333
19.43749999999922,4,True,0.08601567794161552,0.016704878276464465,-3.638037650934956,-3.6512801359976894
19.441666666665885,4,True,0.14779442874512663,0.04412201353137717,-3.63881431634099,-3.618395400091276
19.44583333333255,4,True,0.10060357973790574,0.03149669549450294,-3.639576520528236,-3.650193442206795
19.449999999999218,4,True,0.1308496298748132,0.008817062272996628,-3.6403806721179084,-3.6364634253335577
19.454166666665884,4,True,0.07562375468671052,0.023216999967163476,-3.641775581453309,-3.657684782137585
19.45833333333255,4,True,0.08378080340825225,0.032111167111356136,-3.642661836745906,-3.6519918471818547
19.462499999999217,4,True,0.06267973943379854,0.02627906274076545,-3.643443183033649,-3.641325126183729
19.466666666665883,4,True,0.14992904054163,0.06458810172170043,-3.6439994697387426,-3.659004348366515
19.47083333333255,4,True,0.07895941840344893,0.036458624183729145,-3.64481733161436,-3.6381550084651604
19.474999999999216,4,True,0.1030313892256402,0.010556935271744955,-3.645608936160804,-3.654217285214104
19.479166666665883,4,True,0.1137765257290505,0.03312862174891375,-3.646371258198801,-3.6377747390597808
19.48333333333255,4,True,0.01773820024958853,0.04894964615610871,-3.6470414170215,-3.6359653334063236
19.487499999999216,4,True,0.048832943425066194,0.039983914113470395,-3.6476884073649645,-3.648552747109921
19.491666666665882,4,True,0.1625144860851838,0.03299884674873268,-3.6487645946354004,-3.6362299627961328
19.49583333333255,4,True,0.13263080840773356,0.0359237339640344,-3.649842275739818,-3.6502012803671056
19.499999999999215,4,True,0.20790778667379095,0.027729538345758937,-3.650885970876041,-3.657103712640235
19.50416666666588,4,True,0.08345727716666344,0.015218526439690192,-3.6521696068175222,-3.6412103497960207
19.508333333332548,4,True,0.0722120198595508,0.045373474983604105,-3.6527620522217523,-3.6749087645842824
19.512499999999214,4,True,0.09909011094059242,0.015805970163903442,-3.6532415601816095,-3.6442399127477
19.51666666666588,4,True,0.012524950844015538,0.019903588773192094,-3.6538248358832632,-3.6393772213954225
19.520833333332547,4,True,0.08218496530649455,0.010331231089528702,-3.654860715875678,-3.6454682260411695
19.524999999999213,4,True,0.017011085464170708,0.015328733087000147,-3.6557437222413984,-3.6625052790500576
19.52916666666588,4,True,0.06500054970757667,0.03425289408052349,-3.6564763333053,-3.6558368030446964
19.533333333332546,4,True,0.12435067332487962,0.024036959449007963,-3.6571070890467574,-3.652649483328782
19.537499999999213,4,True,0.18169798543668997,0.0330962936727968,-3.657671322434888,-3.6420323135112076
19.54166666666588,4,True,0.08322027494859391,0.046331421810279216,-3.6583521489967716,-3.6905683786010006
19.545833333332546,4,True,0.1348521451300683,0.034574314824978594,-3.659021631305276,-3.6749317504713424
19.549999999999212,4,True,0.03810704741329502,0.03253242822973456,-3.6597320852649253,-3.6586866296878067
19.55416666666588,4,True,0.0745039857639684,0.01634913188522629,-3.6609984219656173,-3.6744413187636464
19.558333333332545,4,True,0.10255324079003263,0.031715003178809424,-3.661804079621603,-3.657576630129859
19.56249999999921,4,True,0.1115819672734037,0.05975820774365457,-3.662507112385843,-3.6537228236481827
19.566666666665878,4,True,0.12143798124419244,0.032489732006036644,-3.662979671189372,-3.6702120552926027
19.570833333332544,4,True,0.028032865235933555,0.05300829657273468,-3.6637158296850414,-3.661140217354695
19.57499999999921,4,True,0.15448231387230665,0.04214240108648826,-3.6644299771903306,-3.6855284963729016
19.579166666665877,4,True,0.09091214574212972,0.04258187716905537,-3.665116547300305,-3.657212058145787
19.583333333332543,4,True,0.08091883541360176,0.010297582081709259,-3.665711742359022,-3.6617812126990086
19.58749999999921,4,True,0.042525808565127575,0.025172421080101693,-3.666280587315686,-3.644479146018982
19.591666666665876,4,True,0.07836872978989612,0.03220296778172929,-3.667281924444063,-3.6748549089849676
19.595833333332543,4,True,0.025095136982020642,0.05873663088172585,-3.668287318701912,-3.678774848530381
19.59999999999921,4,True,0.12439308800369736,0.08852143968547108,-3.6692597396671163,-3.671698365891597
19.604166666665876,4,True,0.04994098215423348,0.025008802868219614,-3.670434605308775,-3.671563885214518
19.608333333332542,4,True,0.0729136880625714,0.02734366653288584,-3.6709464154931064,-3.6719326383478887
19.61249999999921,4,True,0.04686444013384707,0.03993928849107193,-3.6713426795573834,-3.6640803686611427
19.616666666665875,4,True,0.01672952507774273,0.046075509424840046,-3.671843574006301,-3.6695915726786486
19.62083333333254,4,True,0.09109060453791615,0.04268169675324041,-3.6725407125608736,-3.676441412831405
19.624999999999208,4,True,0.19513023622511824,0.05060765112527914,-3.673059707714595,-3.6898661446748933
19.629166666665874,4,True,0.17104028019059508,0.04073699104313576,-3.6736123245001737,-3.6900813962342744
19.63333333333254,4,True,0.0744940622980679,0.03229765139520894,-3.674317264779261,-3.6691067673713693
19.637499999999207,4,True,0.07464665624739254,0.024623018390097617,-3.6750022757283385,-3.676121842954323
19.641666666665873,4,True,0.061424686310623186,0.028545840567797187,-3.675664192837997,-3.6810279404639865
19.64583333333254,4,True,0.11582326430639231,0.07305073596432884,-3.6761165806806795,-3.6807376652863115
19.649999999999206,4,True,0.078772625819639,0.03631150089017963,-3.6768112583406456,-3.6588415144445507
19.654166666665873,4,True,0.06810293492898159,0.04202977644056266,-3.677779021021216,-3.669584414235487
19.65833333333254,4,True,0.05334046182723019,0.021039449047412607,-3.6783792000919484,-3.6853012985533002
19.662499999999206,4,True,0.10532356378100052,0.03965772283736858,-3.678887031090443,-3.660322101322052
19.666666666665872,4,True,0.12763200010086392,0.025846272260927325,-3.6796051326674886,-3.6686213650704333
19.67083333333254,4,True,0.04610614629672439,0.07330531503242431,-3.6802558703369423,-3.6586804091986873
19.674999999999205,4,True,0.12306880305685487,0.0487277277644029,-3.680849462960688,-3.665914213707738
19.67916666666587,4,True,0.08747700539646631,0.0396221914232699,-3.681401775046405,-3.6747451315756563
19.683333333332538,4,True,0.11176706615169459,0.056239360322858666,-3.6818611614543655,-3.6989746539953052
19.687499999999204,4,True,0.07222777070970045,0.05593586536117528,-3.6825371496532036,-3.695864230055209
19.69166666666587,4,True,0.11705151549046901,0.008208728634899154,-3.683149235412874,-3.6809877641219826
19.695833333332537,4,True,0.16178125376596023,0.06697694073890573,-3.6837078825680085,-3.6796691576624023
19.699999999999203,4,True,0.11227756155995408,0.03272360531678675,-3.6842289322142534,-3.68403263909141
19.70416666666587,4,True,0.11056774375824416,0.019214733427452547,-3.6849938735282994,-3.690045375945473
19.708333333332536,4,True,0.08262820014326455,0.03592350893584167,-3.6856151485391853,-3.697737558826578
19.712499999999203,4,True,0.10351319096565847,0.05814493755842432,-3.686178184865588,-3.6442652467931924
19.71666666666587,4,True,0.10247028348588384,0.022929531741850206,-3.6866976389957173,-3.687300510676918
19.720833333332536,4,True,0.07048433302181989,0.04205439028767111,-3.6871889797665944,-3.6840321749610574
19.724999999999202,4,True,0.06640560861094662,0.024627601781527626,-3.6876872635950293,-3.677253675993633
19.72916666666587,4,True,0.19117250613960657,0.03192857528675753,-3.6886127482345272,-3.703463335014037
19.733333333332535,4,True,0.11078483849177234,0.02619119993964418,-3.6895268894805975,-3.696634858917681
19.7374999999992,4,True,0.14857968689867695,0.029469510500816216,-3.6903971923971217,-3.685024231572962
19.741666666665868,4,True,0.08234973265282777,0.029960302364937175,-3.6912149634932794,-3.6959871434063007
19.745833333332534,4,True,0.17220445040929494,0.017695772074601858,-3.691784655699785,-3.705034673658306
19.7499999999992,4,True,0.07928500567781324,0.025203704484592658,-3.6921525924203973,-3.6971884891983686
19.754166666665867,4,True,0.0815066459536352,0.021122275833969178,-3.692506476272299,-3.6981017336021456
19.758333333332533,4,True,0.1307678280897261,0.017450704198578915,-3.693050159940532,-3.6847973264331313
19.7624999999992,4,True,0.06501544265567519,0.04150241525350788,-3.6935682262259766,-3.693116476859228
19.766666666665866,4,True,0.14833595429996912,0.01852198337154487,-3.6938828978434297,-3.6893440090126806
19.770833333332533,4,True,0.11771900433209535,0.03289991755325861,-3.694477047415731,-3.674690322131675
19.7749999999992,4,True,0.18402810828875116,0.02553585211928285,-3.6950687609502864,-3.7011935554914337
19.779166666665866,4,True,0.07321536857941184,0.03878512470434988,-3.695643516477494,-3.7015744347871067
19.783333333332532,4,True,0.050668082382651636,0.05151376217801809,-3.6961311754208013,-3.6923062298899816
19.7874999999992,4,True,0.0647228326928058,0.02853002017020493,-3.6965863122834546,-3.7139037351406854
19.791666666665865,4,True,0.11214330164677323,0.08008839074496793,-3.6971732148302174,-3.6902194088703975
19.79583333333253,4,True,0.16735893308216493,0.07159242491469059,-3.697721562086597,-3.7017380026235673
19.799999999999198,4,True,0.23189800116855733,0.02234577258100425,-3.698237390158401,-3.704575372464523
19.804166666665864,3,True,0.06705958676748368,0.05023509199534829,-3.698783071695754,-3.6653528663791852
19.80833333333253,3,True,0.14498318971098445,0.044357866293232726,-3.699476883313599,-3.6978409191748853
19.812499999999197,3,True,0.05758759711285269,0.03231012338905873,-3.700333769937856,-3.6991631998172356
19.816666666665864,3,True,0.05425718643856522,0.02775179312604145,-3.7011764878209132,-3.7135868477879974
19.82083333333253,3,True,0.09663176706822316,0.02697567994927637,-3.7019815585323075,-3.6952032563451405
19.824999999999196,3,True,0.05104239085587972,0.04308460111165466,-3.702539557767531,-3.693393303096419
19.829166666665863,3,True,0.10690301561721763,0.04032384282658372,-3.7028897564573566,-3.707920004154112
19.83333333333253,3,True,0.14156988159012146,0.030553673289707133,-3.703119461853371,-3.7171190798586426
19.837499999999196,3,True,0.06301311049965055,0.07335305158869433,-3.7032866635347053,-3.6997680433303057
19.841666666665862,3,True,0.08057917049663736,0.030553756313146163,-3.703789278902713,-3.7248017735279353
19.84583333333253,3,True,0.08253837454023032,0.015502376790836303,-3.7041426685883496,-3.701861248895208
19.849999999999195,3,True,0.08686749597024886,0.061642107670589245,-3.704535230711816,-3.6982057689674765
19.85416666666586,3,True,0.08235579560924132,0.01410246221786894,-3.705373951513403,-3.6984325738825152
19.858333333332528,3,True,0.0803083583982114,0.03505581126924106,-3.705917605076712,-3.7105905792789873
19.862499999999194,3,True,0.046018119558123426,0.0646514398717546,-3.706374276813034,-3.724140825545271
19.86666666666586,3,True,0.04613838871823388,0.09066009761578588,-3.7065975705278436,-3.723561701043981
19.870833333332527,3,True,0.050027404728191616,0.0921848213753752,-3.7072353628790804,-3.730079201269898
19.874999999999194,3,True,0.12664795827108347,0.0375045445274932,-3.7080536175786927,-3.6919744289131375
19.87916666666586,3,True,0.07724930825474803,0.020955517759005223,-3.7088722147891175,-3.6938718086386744
19.883333333332526,3,True,0.08324843859203539,0.02692303105098056,-3.7095869620376254,-3.6984058134124966
19.887499999999193,3,True,0.11650077396673239,0.03546937414799423,-3.7100312566294082,-3.6857581344931725
19.89166666666586,3,True,0.10228690239496059,0.041014618551176885,-3.7103125485767436,-3.703677975615747
19.895833333332526,3,True,0.17174367245506408,0.09106345957826135,-3.7105008329697813,-3.6960021925864597
19.899999999999192,3,True,0.1155885434369804,0.05136598130850102,-3.710646078216615,-3.7101167273721276
19.90416666666586,3,True,0.08689790323128221,0.05277720440469629,-3.7111897602594137,-3.722664845383309
19.908333333332525,3,True,0.04061552623155524,0.018216865053446468,-3.7115529532821356,-3.7021214776996674
19.91249999999919,3,True,0.15579178009155215,0.01642476170744516,-3.712090828268804,-3.707352492407966
19.916666666665858,3,True,0.1281569925330739,0.031184374981113813,-3.712623878538925,-3.7127309708280163
19.920833333332524,3,True,0.05307455317738438,0.06361946472235,-3.713141890922509,-3.7099068709450194
19.92499999999919,3,True,0.06839530448433553,0.024426168331560437,-3.7134479015851394,-3.729142636914783
19.929166666665857,3,True,0.04768106340573167,0.07569501397863675,-3.7135714163856037,-3.7293810378290395
19.933333333332524,3,True,0.18951867368116904,0.033752570787848726,-3.714131533013775,-3.730601182935158
19.93749999999919,3,True,0.09683621505290055,0.026302200773191467,-3.714891956954509,-3.692326518357055
19.941666666665856,3,True,0.14683516505063768,0.020935073012042532,-3.715669216753151,-3.7005693240460285
19.945833333332523,3,True,0.09119036540973507,0.03188919093064184,-3.7162159345787207,-3.7229977587665837
19.94999999999919,3,True,0.26452679394206036,0.09570176069309982,-3.7165551710039075,-3.7111474937175895
19.954166666665856,3,True,0.07930291836996144,0.029409947404029007,-3.7168515862623366,-3.7244495589465143
19.958333333332522,3,True,0.17169440315324092,0.011243237757145535,-3.7169874444563513,-3.7137566082980698
19.96249999999919,3,True,0.04916885050054694,0.046828417383386355,-3.717384002454035,-3.7073353349270635
19.966666666665855,3,True,0.06632105462204906,0.05193426190460475,-3.717605004540358,-3.7002443699645338
19.97083333333252,3,True,0.037797628122309204,0.05933655693990368,-3.7181133179012322,-3.7420506893525647
19.974999999999188,3,True,0.06489990883700429,0.028049361364331483,-3.718630168881468,-3.7056386615225096
19.979166666665854,3,True,0.17558999939083203,0.030928986524348348,-3.7191338613286984,-3.741515211672847
19.98333333333252,3,True,0.22039873344943547,0.020240341325302544,-3.7195496823608125,-3.725984000937933
19.987499999999187,3,True,0.16757735066301982,0.024532008599701557,-3.719725844827199,-3.7296150147319667
19.991666666665854,3,True,0.11760436687938063,0.03202477461830562,-3.719950880852055,-3.7176705176296023
19.99583333333252,3,True,0.18096749702653195,0.016560177665919065,-3.7203651594693015,-3.7237434797321596
19.999999999999186,3,True,0.06802795509103277,0.07622736471186535,-3.720786891394349,-3.749823112371113
20.004166666665853,3,True,0.03241816142549692,0.034281609227091184,-3.721219892808261,-3.7126410695917462
20.00833333333252,3,True,0.07497927374312963,0.024910427826207955,-3.7214618276963827,-3.709834770959599
20.012499999999186,3,True,0.10974888021155343,0.044820648540840134,-3.7221699609011445,-3.7118204004642052
20.016666666665852,3,True,0.23350984983403644,0.026823683897614293,-3.7229127933087027,-3.7300961255469436
20.02083333333252,3,True,0.11563151731574729,0.013367506912849485,-3.723641934256077,-3.718968209167815
20.024999999999185,3,True,0.07176790448156938,0.0653001795835037,-3.724128304370258,-3.7309228734504063
20.02916666666585,3,True,0.11391815317110024,0.02981643124195265,-3.7243962968058604,-3.710390355776829
20.033333333332518,3,True,0.05533118406141743,0.026745851410103823,-3.7245376915225665,-3.724341709597047
20.037499999999184,3,True,0.03470855101249187,0.05913319960946683,-3.724617478027396,-3.7185638005608173
20.04166666666585,3,True,0.1960273746278178,0.038154486696810735,-3.724843982260023,-3.7095009763281004
20.045833333332517,3,True,0.1322417134580118,0.023723603025712834,-3.725081466434595,-3.7103163925568885
20.049999999999184,3,True,0.08333256834305286,0.030629413887340386,-3.725365547155276,-3.699327075303872
20.05416666666585,3,True,0.10994216370891152,0.04259078162408714,-3.726060784279276,-3.7190192659943033
20.058333333332516,3,True,0.1440565228230009,0.011872910688334085,-3.72651537816706,-3.715535884559981
20.062499999999183,3,True,0.06995762295984413,0.020131559261565686,-3.726884870399057,-3.728657227438295
20.06666666666585,3,True,0.12824286082322023,0.05374817558040405,-3.7270155103493763,-3.7200573880418846
20.070833333332516,3,True,0.05118242534420595,0.03115284476880156,-3.7271945189229805,-3.714515269879028
20.074999999999182,3,True,0.042221717850770224,0.035492245287318945,-3.727566191308652,-3.7227281872419953
20.07916666666585,3,True,0.23089377659467916,0.08081358498260044,-3.7279471544865186,-3.7277429633651957
20.083333333332515,3,True,0.18333608880047658,0.03686379470291354,-3.728257614791617,-3.709994373649476
20.08749999999918,3,True,0.06945774597787248,0.04458789523437526,-3.728340826201628,-3.695835801041252
20.091666666665848,3,True,0.0480746868209736,0.007354988762947328,-3.728712228023722,-3.7242693557584365
20.095833333332514,3,True,0.15667371122606294,0.030747548960787362,-3.7290866005681393,-3.73180300703349
20.09999999999918,3,True,0.009192877942405387,0.03157660925032707,-3.7294505240950615,-3.734317873534045
20.104166666665847,3,True,0.05761328760998362,0.02980994913400045,-3.7297857894723343,-3.7406731783701574
20.108333333332514,3,True,0.08587971286905496,0.009110644464352509,-3.7299634021501986,-3.736190089737473
20.11249999999918,3,True,0.052941840684338534,0.016517529781848818,-3.730614020092797,-3.746627069318397
20.116666666665846,3,True,0.07825010268994388,0.0579045268793562,-3.7313011919431958,-3.739579666831536
20.120833333332513,3,True,0.10242864379548171,0.04777690262776209,-3.731976100046221,-3.733933335220661
20.12499999999918,3,True,0.012779215088708109,0.10459076409873434,-3.7324098255367466,-3.7311708214834867
20.129166666665846,3,True,0.06070765014980122,0.02133870567369142,-3.7326233892860907,-3.7312226533864816
20.133333333332512,3,True,0.011829835340272231,0.03829915977351601,-3.732711340808065,-3.754545903693865
20.13749999999918,3,True,0.19951273581595008,0.048708062157340734,-3.7327413511314402,-3.743737023729602
20.141666666665845,3,True,0.24095975016902532,0.046830484933610146,-3.7327611698195367,-3.7310836612727813
20.14583333333251,3,True,0.13192133139959517,0.09223179236585213,-3.7330876142484635,-3.72456755640883
20.149999999999178,3,True,0.07505071254596579,0.03975025372470115,-3.733330993997742,-3.72532151579255
20.154166666665844,3,True,0.019187546923976062,0.037245824274794385,-3.7335982311157334,-3.7372107403599704
20.15833333333251,3,True,0.15178608049459952,0.03978283565144869,-3.733747975335248,-3.701826860589454
20.162499999999177,4,True,0.06970601616124583,0.05931478725477973,-3.7340516858577404,-3.7352157358764804
20.166666666665844,3,True,0.10375889389932687,0.01211464142867712,-3.7344357313682472,-3.729916849644043
20.17083333333251,3,True,0.11382153200907456,0.04587807631812247,-3.7347344730656045,-3.7465876762717962
20.174999999999176,3,True,0.14427891868643503,0.04145378024871378,-3.7349765363339626,-3.7641872627685498
20.179166666665843,3,True,0.1396114377624276,0.06362711409912125,-3.7351865743912325,-3.7213034166924857
20.18333333333251,3,True,0.06652204771467075,0.0479351923300153,-3.7353184029062736,-3.729129192343187
20.187499999999176,3,True,0.11065921682876542,0.048240325991960195,-3.735443184705044,-3.731897498141808
20.191666666665842,3,True,0.04625089358583683,0.03837431715857031,-3.736043177171182,-3.7319947130374365
20.19583333333251,3,True,0.12091031064984883,0.02417119423302144,-3.7366671818070682,-3.7485247408745774
20.199999999999175,3,True,0.06514477675884149,0.026116416704276068,-3.737271539592727,-3.7228342799650584
20.20416666666584,3,True,0.12838199092804076,0.049860324406393736,-3.7379086512862965,-3.740800332295436
20.208333333332508,3,True,0.15445698654872567,0.009642246358220488,-3.738040836581386,-3.7290139308845074
20.212499999999174,4,True,0.12275942993950753,0.035456561643771374,-3.73805166068023,-3.7400752335405145
20.21666666666584,3,True,0.11166289730501601,0.05975707424773447,-3.7380112975291633,-3.7335151428127378
20.220833333332507,3,True,0.13782000798807723,0.023940570081039336,-3.7381311826437726,-3.758143248702009
20.224999999999174,3,True,0.08086925782895536,0.025513229797629232,-3.7382743773780986,-3.7499331590143172
20.22916666666584,3,True,0.19385441526504596,0.06988124977489252,-3.7382850755488923,-3.733676990865516
20.233333333332506,3,True,0.08141174768988166,0.03357353110556978,-3.738615808357843,-3.7153500081993553
20.237499999999173,3,True,0.10043599950885651,0.02114006314271893,-3.738980339373211,-3.737769654376984
20.24166666666584,3,True,0.11987996354809682,0.024172643351555393,-3.739350192508193,-3.743218076122908
20.245833333332506,3,True,0.07229911173919622,0.03202262227132072,-3.7395166255279344,-3.7472139277383096
20.249999999999172,3,True,0.14726704407553376,0.0196092563409145,-3.7395005203570046,-3.750214539232253
20.25416666666584,3,True,0.07225847819727664,0.02396781485536575,-3.7398439158756815,-3.7268062765465113
20.258333333332505,3,True,0.18947198560771722,0.026409104403812212,-3.7404555771675803,-3.7604648948313018
20.26249999999917,3,True,0.10526192967521596,0.01505342180898629,-3.7410205664789054,-3.7532889901389153
20.266666666665838,3,True,0.040468630259249086,0.03250510224519833,-3.741334711085941,-3.7363152141523983
20.270833333332504,3,True,0.24743278794100743,0.029176427055303288,-3.7414909100426934,-3.7431479758458983
20.27499999999917,3,True,0.08605881346657887,0.057368720369818535,-3.7415584073327643,-3.77142703240131
20.279166666665837,3,True,0.05865454703084612,0.045370891963143145,-3.7415907180294674,-3.761434688510584
20.283333333332504,3,True,0.06459198473326286,0.03009411498541343,-3.741557516086054,-3.735425517590782
20.28749999999917,3,True,0.1377786925038956,0.11511352325345965,-3.7415380069560285,-3.7590875002760336
20.291666666665837,3,True,0.14286364322618011,0.014859135515176794,-3.742019404953582,-3.7386984460988364
20.295833333332503,3,True,0.14105529950418472,0.043680115662670695,-3.742538129366862,-3.7425785919752523
20.29999999999917,3,True,0.17314974399548935,0.07035089223704882,-3.743048836635758,-3.7438075912722324
20.304166666665836,3,True,0.08886864474339455,0.03368961935480008,-3.743565805195379,-3.741536397914324
20.308333333332502,3,True,0.042554228420410664,0.020540301678941678,-3.743633019760047,-3.756799015758141
20.31249999999917,3,True,0.05156646195561497,0.04854025289714096,-3.7435896522098675,-3.7478753813507604
20.316666666665835,3,True,0.06510599235388262,0.023424323249442082,-3.743501477622873,-3.749124410098642
20.3208333333325,3,True,0.13420374129990603,0.035100468046753076,-3.7435782596697886,-3.727421454956894
20.324999999999168,3,True,0.12425277295230537,0.0341330514004002,-3.7436871755405186,-3.723512846079378
20.329166666665834,3,True,0.032858057239006755,0.08549642340649344,-3.7438532584095014,-3.7410887261595414
20.3333333333325,3,True,0.07029605737702271,0.036670846040265326,-3.744202236245366,-3.7596164385894375
20.337499999999167,3,True,0.15765786255029274,0.01530939529186838,-3.7445482198005418,-3.7390820624141465
20.341666666665834,3,True,0.13510830985245578,0.0250605417258404,-3.7448811844856422,-3.727007032813152
20.3458333333325,3,True,0.10524799159510075,0.06561963690527116,-3.7450047984320536,-3.7351692137950465
20.349999999999167,3,True,0.2835476687139016,0.06295119288417345,-3.744945976879653,-3.7551764636278286
20.354166666665833,3,True,0.09654211422583775,0.034570758913882456,-3.7451001993803215,-3.7383275169587122
20.3583333333325,3,True,0.14239693985292365,0.03877653596400526,-3.7453654715800173,-3.744214616787872
20.362499999999166,3,True,0.16583476911457945,0.01858176542043004,-3.745576541404175,-3.759397947298904
20.366666666665832,3,True,0.2289824431971294,0.0338147142776014,-3.745567632687387,-3.7701350846471806
20.3708333333325,3,True,0.05869600543357016,0.021612713063470488,-3.7456268252684186,-3.7374266545507058
20.374999999999165,3,True,0.1556708407868616,0.07019303371502464,-3.745885673178454,-3.7463826545767613
20.37916666666583,3,True,0.04925327692955421,0.03478693739486003,-3.746156121060173,-3.7402428412486084
20.383333333332498,3,True,0.09955468025719089,0.032299700515684156,-3.7463588344728844,-3.75314532912829
20.387499999999164,3,True,0.1831821782789196,0.0616551969525208,-3.7463369235114055,-3.7504527317279335
20.39166666666583,3,True,0.09895922380660488,0.043193717624305066,-3.7463818502127166,-3.7272705736130494
20.395833333332497,3,True,0.18183538226532606,0.05541138141532291,-3.7466265307133835,-3.7683170564270556
20.399999999999164,3,True,0.14849466398930558,0.07009023520817957,-3.746882713690078,-3.763991760615889
20.40416666666583,3,True,0.09045339681085039,0.029266644171854424,-3.7470768555434035,-3.7430029766255246
20.408333333332497,3,True,0.018524828050666093,0.061869893714296,-3.746972693291664,-3.7485963652847802
20.412499999999163,3,True,0.08543196185990205,0.05592389473144489,-3.7471909406208224,-3.756809089204629
20.41666666666583,3,True,0.15221758668593247,0.05016789616621056,-3.747435495534184,-3.762828270594182
20.420833333332496,3,True,0.083948978104236,0.005848005465111988,-3.747685389564182,-3.7488373154424903
20.424999999999162,3,True,0.044230492057632916,0.026712561225570686,-3.7477451783839175,-3.7314083042730593
20.42916666666583,3,True,0.21713268353461823,0.06610471455024067,-3.7476368179149153,-3.742899454402303
20.433333333332495,3,True,0.07997403580271127,0.0531701323749686,-3.7479877128523875,-3.745566968270325
20.43749999999916,3,True,0.288384529544542,0.12281757067760028,-3.7485482748595187,-3.7199228774200264
20.441666666665828,3,True,0.021233064376511377,0.04946737985492944,-3.7491266766573306,-3.7409326789517636
20.445833333332494,3,True,0.06792502015815544,0.021165967222039967,-3.749492404688058,-3.742519908995331
20.44999999999916,3,True,0.02870466173999482,0.03714200095143601,-3.749653139893323,-3.7530839306209383
20.454166666665827,3,True,0.16249143271202635,0.008773866678911689,-3.7496898302946398,-3.756799805470183
20.458333333332494,3,True,0.08122502666741481,0.02231249156156602,-3.7496604442121386,-3.7553813682579587
20.46249999999916,3,True,0.2317756225787395,0.019501703960774292,-3.749566597570026,-3.7497220589012956
20.466666666665827,3,True,0.03688552533972397,0.03354352282988788,-3.7494896892557885,-3.7467393393063344
20.470833333332493,3,True,0.039572255972997475,0.025214617045990977,-3.749918301501738,-3.7632949421870885
20.47499999999916,3,True,0.3356493886843908,0.10180808549288001,-3.7503818325902483,-3.756744903778701
20.479166666665826,3,True,0.07047014349451798,0.028122639509378773,-3.7508355264852415,-3.7719860308341917
20.483333333332492,3,True,0.0882747707374534,0.04700611488819293,-3.7511988790876103,-3.7476383446529393
20.48749999999916,3,True,0.1584256479688631,0.016993346898281463,-3.751316790730578,-3.764149690041689
20.491666666665825,3,True,0.014865761808130599,0.014984688757441281,-3.7512869643957334,-3.7544216334346285
20.49583333333249,3,True,0.058525189110360705,0.029563857508305338,-3.751186894595214,-3.758594203671912
20.499999999999158,3,True,0.1004887433477211,0.07046007068431483,-3.7510677171429685,-3.7378685265578024
20.504166666665824,3,True,0.09470925292797401,0.03169569504928981,-3.7512115407939075,-3.755655732976058
20.50833333333249,3,True,0.08722396339839818,0.05272529466339404,-3.7513280889952383,-3.775638655362939
20.512499999999157,3,True,0.2503074452123321,0.06546511733446435,-3.751388160002133,-3.756416341045288
20.516666666665824,3,True,0.05641948458651285,0.048372338817303503,-3.751419937796675,-3.7418001706264983
20.52083333333249,3,True,0.07681111651649501,0.033948720175066484,-3.7514473275960016,-3.756634905224855
20.524999999999157,3,True,0.10245322462212154,0.01889431559186664,-3.751522396387294,-3.7559907484110386
20.529166666665823,3,True,0.09825023438250881,0.04411238731786229,-3.751724898694397,-3.7398523252143367
20.53333333333249,3,True,0.12381070154818928,0.018243731761342946,-3.7518776315035707,-3.755381406436409
20.537499999999156,3,True,0.15716528695038287,0.017703001410749947,-3.7519976037966623,-3.734908118766449
20.541666666665822,3,True,0.1265621542561594,0.0396834771222219,-3.7521045005880214,-3.7853349338254825
20.54583333333249,3,True,0.1376131820913791,0.07027252786818845,-3.7520355905317624,-3.758693789642115
20.549999999999155,3,True,0.2582254091092307,0.08013460766808872,-3.752009677652216,-3.742777106153405
20.55416666666582,3,True,0.07864166332441014,0.05935918546638131,-3.7527352309573514,-3.7533802569478776
20.558333333332488,3,True,0.1195093116996847,0.04018489160462009,-3.753245055290089,-3.7619121846264694
20.562499999999154,3,True,0.11450752591314292,0.046714082437328386,-3.7536723022145417,-3.7520499247940733
20.56666666666582,3,True,0.032564512494277144,0.08600593113233149,-3.7538571115788044,-3.733816794159699
20.570833333332487,3,True,0.160846321938114,0.06565254418995971,-3.7538868983269897,-3.7633659498790446
20.574999999999154,3,True,0.034120554041684646,0.057497854199869185,-3.75383762411352,-3.763409387409613
20.57916666666582,3,True,0.07308555285657545,0.03543225400598174,-3.753759746725525,-3.7604085725201495
20.583333333332487,3,True,0.0793658982121806,0.03130813204143268,-3.753624354073203,-3.7457631542608207
20.587499999999153,3,True,0.20593926677006985,0.05127406678350732,-3.7537654737691932,-3.7607393962237112
20.59166666666582,3,True,0.10653646786918672,0.023870723301397126,-3.753862918246769,-3.7422798268741913
20.595833333332486,3,True,0.08165947979647739,0.035534416028082015,-3.7539291674337933,-3.7308143084518486
20.599999999999152,3,True,0.056003024280881934,0.02505899920858109,-3.7539823950015574,-3.7529148404412007
20.60416666666582,3,True,0.17326074293881485,0.07686017212338431,-3.75390089146892,-3.734622576767337
20.608333333332485,3,True,0.09150714064906369,0.04938316078630717,-3.754232008641553,-3.750080666607512
20.61249999999915,3,True,0.06988340417674921,0.0661659838273438,-3.7547439006636165,-3.7481197437248013
20.616666666665818,3,True,0.12470807401337869,0.029057026053874394,-3.755245439047307,-3.7719840038527703
20.620833333332484,3,True,0.13408395499364947,0.01761275049433259,-3.7557130253548276,-3.7547037425471803
20.62499999999915,4,True,0.14450604135145623,0.03938243410113313,-3.7559760041058485,-3.7598060188042983
20.629166666665817,3,True,0.17426574463342062,0.0162584743042523,-3.756038719806278,-3.7415893870884687
20.633333333332484,3,True,0.069555032997277,0.02141963062783125,-3.755988999977257,-3.7544462546037436
20.63749999999915,3,True,0.1853687104799353,0.06157216576076765,-3.7558906209368454,-3.755235457562046
20.641666666665817,3,True,0.18565547793818774,0.04158350973312258,-3.7557835782961595,-3.760247328067087
20.645833333332483,3,True,0.15200802261736143,0.02788259319174464,-3.7557432153790655,-3.7665938194421393
20.64999999999915,3,True,0.05861056942494545,0.060492558078119575,-3.755844963472965,-3.794134497647188
20.654166666665816,3,True,0.06483691147754954,0.04591350087111149,-3.75593305645782,-3.73910817534256
20.658333333332482,3,True,0.04920999482646801,0.07038742350830278,-3.755974077372237,-3.7583851289782686
20.66249999999915,3,True,0.08945547862051359,0.02837664252466221,-3.7559631833149663,-3.7571161728808744
20.666666666665815,3,True,0.050855764687792356,0.04860681706654139,-3.7559741389050245,-3.776814115895211
20.67083333333248,3,True,0.0891361361669687,0.03494484162590425,-3.7561419566171486,-3.722497086819983
20.674999999999148,3,True,0.3190013696781965,0.12666680816221307,-3.756285225252645,-3.783834711843504
20.679166666665814,3,True,0.13469336421564987,0.04775675698872861,-3.7564117784806723,-3.75163131274115
20.68333333333248,3,True,0.12275409606550024,0.021650110937079088,-3.7564789848733406,-3.7425880197710515
20.687499999999147,3,True,0.09749646193124047,0.09826439354310255,-3.7563548206292374,-3.764408008147408
20.691666666665814,3,True,0.0157127412080229,0.05091093340728546,-3.7565338453155768,-3.7625378465983608
20.69583333333248,3,True,0.2993283564634374,0.03585640997997575,-3.7567103059381086,-3.786962955237055
20.699999999999147,3,True,0.12370153858560354,0.03275784772100338,-3.7568758756255827,-3.760856038854802
20.704166666665813,3,True,0.10654466624488632,0.04587640470035254,-3.7569621143659924,-3.751718354287054
20.70833333333248,3,True,0.23752837971688012,0.03503689407019067,-3.756809605153126,-3.7770893809289072
20.712499999999146,3,True,0.10143763724544153,0.011734624170023663,-3.7569795438708415,-3.7618056400705475
20.716666666665812,3,True,0.1295595650818711,0.045986095552299905,-3.7571671698338176,-3.7899119617084738
20.72083333333248,3,True,2.8782197668192353,0.8853912778086985,-3.757354980842022,-2.911441452530697
20.724999999999145,3,True,0.15456602469761951,0.021140610624140938,-3.7573936682410953,-3.7483012317299846
20.72916666666581,4,True,0.16421529563266984,0.03910281361462237,-3.757273130694412,-3.7362610937562213
20.733333333332478,3,True,0.059438922611612724,0.04385611990955192,-3.7574691610674287,-3.737782478388689
20.737499999999145,3,True,0.14383555869971457,0.031947809295234476,-3.7576782470202126,-3.7607883620943494
20.74166666666581,3,True,0.06410018306322413,0.05852969644726096,-3.7578830700782224,-3.739499911289222
20.745833333332477,3,True,0.17781306062293759,0.020643564258405776,-3.7579387982056436,-3.7715668908177062
20.749999999999144,3,True,0.10095184135702712,0.03955266699737485,-3.7578329291249832,-3.774120053534619
20.75416666666581,3,True,0.19740206018039932,0.03342714692958086,-3.757923211261759,-3.753782372346791
20.758333333332477,3,True,0.10782789261377998,0.04448159715445569,-3.7581327200260763,-3.7534788487340762
20.762499999999143,3,True,0.10175857345962029,0.07481254574362962,-3.75830216400561,-3.763304727333736
20.76666666666581,3,True,0.08202662665217135,0.0349874623621167,-3.7582896652188142,-3.770617533383469
20.770833333332476,3,True,0.08902210260455236,0.01589792703553676,-3.7581556234814824,-3.7647539260006138
20.774999999999142,3,True,0.23443991989762464,0.13167570178625268,-3.7583521843195573,-3.783098532260322
20.77916666666581,3,True,0.11198598735343479,0.032408028707746284,-3.758576707257011,-3.751054909201327
20.783333333332475,4,True,0.14065145956523212,0.014554198797879761,-3.758759739689162,-3.7699552661041777
20.78749999999914,2,False,nan,nan,-3.758761269480339,nan
20.791666666665808,3,True,0.1215580043867661,0.012413367000211485,-3.7586387533317733,-3.7509568860336557
20.795833333332475,3,True,0.09561365918717811,0.04523632798751924,-3.75884386993356,-3.778157505590701
20.79999999999914,3,True,0.09306552420359272,0.02997570163089907,-3.7590741883088157,-3.7694529915229844
20.804166666665807,3,True,0.1199852160135706,0.048580446792776996,-3.759287313807769,-3.7598777980807383
20.808333333332474,3,True,0.11630092933697533,0.01816429268044672,-3.7592229348807313,-3.7424429007747295
20.81249999999914,3,True,0.04918083824676338,0.0430609658279533,-3.759251741246813,-3.7534074531957726
20.816666666665807,3,True,0.08564216614869709,0.037370431005078975,-3.759477789365206,-3.754812041240703
20.820833333332473,3,True,0.26464910381172174,0.11178699820859732,-3.759710824241658,-3.780046288904009
20.82499999999914,3,True,0.13895298653048724,0.026392455871142924,-3.759811648364114,-3.769471213321865
20.829166666665806,3,True,0.03564469113701726,0.013240630120983926,-3.7597511620619466,-3.746898112886987
20.833333333332472,3,True,0.21221313994638644,0.03366074697891925,-3.7597826677712956,-3.7393051633896137
20.83749999999914,3,True,0.05169297675855396,0.038759015495724816,-3.7600098524142673,-3.7640053500455304
20.841666666665805,3,True,0.3078736611775188,0.08311592711454903,-3.7602426629776375,-3.757594237885739
20.84583333333247,3,True,0.20052165447663658,0.07761629223323355,-3.7603467150149195,-3.728720099970188
20.849999999999138,3,True,0.10978755188161748,0.06823992900116614,-3.7602896522049467,-3.7532965092671815
20.854166666665805,3,True,0.07469967042590701,0.07567317902197461,-3.7604354974852447,-3.7792631018890783
20.85833333333247,3,True,0.09738648152322227,0.040703037048276006,-3.760668084597641,-3.7520857519362902
20.862499999999137,3,True,0.21943022755279115,0.013555225101648286,-3.760860642042804,-3.7560561332376325
20.866666666665804,3,True,0.2868697281962592,0.0768563618587079,-3.760880761436891,-3.7812895008878824
20.87083333333247,3,True,0.2408260159440999,0.021792864005891407,-3.760772808373169,-3.768034126544046
20.874999999999137,3,True,0.20477543115747338,0.026714219622924387,-3.7609867720555723,-3.759358997464653
20.879166666665803,3,True,0.06496899402529745,0.0407612908972505,-3.7612195527802954,-3.7823594363272117
20.88333333333247,3,True,0.10590552474712199,0.0409435282498892,-3.7614133398721865,-3.7568498125381087
20.887499999999136,3,True,0.20323945041626199,0.05267336246631842,-3.7614374072887324,-3.7711084032845843
20.891666666665802,3,True,0.25053179412084753,0.08151335098655463,-3.761332491124262,-3.7321015353061564
20.89583333333247,3,True,0.1162113586967643,0.04488211651147277,-3.761548130897511,-3.763595644336971
20.899999999999135,3,True,0.20920953766661413,0.09854832764287162,-3.7617811162745927,-3.7651580704334027
20.9041666666658,3,True,0.11912389142750836,0.0486811518314193,-3.7620109843151113,-3.78517439464291
20.908333333332468,3,True,0.09783848250343766,0.06853355508092435,-3.761964854823546,-3.760901804508685
20.912499999999135,3,True,0.13269514965334678,0.047310954129045915,-3.7620059084691317,-3.7610739497323835
20.9166666666658,3,True,0.059013756271038685,0.0211218628834401,-3.7622364989582193,-3.753392785200912
20.920833333332467,3,True,0.20121661424643242,0.042347730970490834,-3.7624685404009783,-3.759642675198839
20.924999999999134,3,True,0.17587426899063896,0.026015958387742576,-3.7625866655271745,-3.774231152504957
20.9291666666658,3,True,0.07814303379470794,0.0754433699729085,-3.7625444773723062,-3.756764530920597
20.933333333332467,3,True,4.357883446598,0.4440452558282997,-3.762406871125262,-3.4897017406181177
20.937499999999133,3,True,0.22819337717899862,0.0921771740559821,-3.762603539089911,-3.779089804784963
20.9416666666658,3,True,0.1668959110853303,0.050948652575991724,-3.762830687492805,-3.786410380841276
20.945833333332466,3,True,0.07221040919701292,0.053027124360763435,-3.7629598972246003,-3.7934280043971933
20.949999999999132,3,True,0.13737273825660976,0.022577279124596693,-3.7629345762447994,-3.763030176310151
20.9541666666658,3,True,0.17422354048739058,0.03803710105819484,-3.763116666685323,-3.799345443206626
20.958333333332465,3,True,0.01114093953874841,0.010251701556972933,-3.7633635317448033,-3.76439949706841
20.96249999999913,3,True,0.8627229070632786,0.25608316918726054,-3.7635743325553603,-4.0194315007342505
20.966666666665798,3,True,0.16458334631208055,0.04439550712462258,-3.7636256498987697,-3.778183657947635
20.970833333332465,3,True,0.1487603570768675,0.030637179826846807,-3.7635424076693837,-3.762813809383885
20.97499999999913,3,True,0.10288630969825427,0.06389445830950846,-3.7637721864717806,-3.7638837017048927
20.979166666665797,3,True,0.12811077152506456,0.09794154582004631,-3.7640126642005427,-3.756747364043264
20.983333333332464,3,True,0.060178595358976766,0.026482927938243757,-3.7642181883216166,-3.745225067313854
20.98749999999913,3,True,0.14532774580243113,0.022538647675586512,-3.7642678658337534,-3.7709332234096253
20.991666666665797,3,True,0.07843214386553708,0.027004849912354797,-3.7641825529501034,-3.761029629809136
20.995833333332463,3,True,0.17622942775410885,0.051478164304161196,-3.7644096938431058,-3.760652493328087
20.99999999999913,3,True,0.12233004906448636,0.04949872884005225,-3.7646467658154195,-3.750517857910599
21.004166666665796,3,True,0.03871733063108095,0.0180337947702238,-3.7648973105885566,-3.770749060079357
21.008333333332462,3,True,0.18603562889421907,0.06609036323606868,-3.7648728533610187,-3.7769407822506698
21.01249999999913,3,True,0.08925990274939559,0.08445158240459914,-3.764746376687653,-3.769213305617057
21.016666666665795,3,True,0.23276692358535905,0.07244870762171338,-3.7649481742017215,-3.7755874510265937
21.02083333333246,3,True,0.11505788226745993,0.023230200082265166,-3.7651739758672296,-3.7546718592165256
21.024999999999128,3,True,0.11858171908450893,0.04145658943236661,-3.76531883251394,-3.7614963697445676
21.029166666665795,3,True,0.06343856778910814,0.027695407869800848,-3.765310166626272,-3.790229953011275
21.03333333333246,3,True,0.0958216345580103,0.039509780498423686,-3.765381141676447,-3.753638943529667
21.037499999999127,3,True,0.06043942799367777,0.02806154420165802,-3.7656306976775777,-3.773370034230562
21.041666666665794,3,True,0.13149859587226873,0.03688626441214155,-3.765873328628319,-3.7475053015386304
21.04583333333246,3,True,0.20745051323892888,0.07138050344632867,-3.7660261080532336,-3.7544627763356586
21.049999999999127,3,True,0.16891892590184698,0.02496591552481148,-3.766018462008489,-3.764173955443457
21.054166666665793,3,True,0.16112428353482097,0.0519139822878074,-3.7662077854500398,-3.7677227340399106
21.05833333333246,3,True,0.06767137608568957,0.02616169612308266,-3.7664492853192075,-3.7649712812970315
21.062499999999126,3,True,5.720786453634748,0.5588620239065738,-3.766660081413662,-3.386864484015638
21.066666666665792,3,True,0.28650136202641374,0.08510461339396695,-3.7667285406203246,-3.7684319054818105
21.07083333333246,3,True,0.135304020535538,0.04710136858647611,-3.766657067241323,-3.7839639450041505
21.074999999999125,3,True,0.14585403115498455,0.06371778909113186,-3.766891466754001,-3.7743080198916474
21.07916666666579,3,True,0.1637245646483134,0.03790967128848337,-3.7671292630422912,-3.767582372433618
21.083333333332458,3,True,0.10586605135969764,0.04538018083234777,-3.7673380848782094,-3.7861199704952213
21.087499999999125,3,True,6.420893495675095,2.404775038247333,-3.7674087725760166,-3.083577512835677
21.09166666666579,3,True,0.12898068583353028,0.026984551722818016,-3.7673386665123068,-3.781525888686957
21.095833333332457,3,True,0.10548645077909372,0.07205568705023406,-3.7673679823263755,-3.775313012982307
21.099999999999124,3,True,0.17024751996829074,0.04095054545572518,-3.767587631843185,-3.777573525458007
21.10416666666579,3,True,0.18995038766840128,0.01806806754722109,-3.767860146757155,-3.7622680527855845
21.108333333332457,3,True,0.07579070706760684,0.046170869088934925,-3.7678688189287235,-3.7701082889810573
21.112499999999123,3,True,0.09331023652275552,0.044858418338903534,-3.7679503693993452,-3.7771873513144194
21.11666666666579,3,True,0.11565321178276756,0.04745285517499654,-3.7682033849576593,-3.7416964372986308
21.120833333332456,3,True,0.09480449685954531,0.03125901204714159,-3.7684433845625804,-3.7593494148204494
21.124999999999122,3,True,0.14124306002922643,0.027742901490778463,-3.768612649867376,-3.7749756037843203
21.12916666666579,3,True,0.04374756950359005,0.060452942520875554,-3.7686227083328867,-3.75297276598066
21.133333333332455,3,True,0.06570184203370742,0.05435685487685309,-3.7687008495384604,-3.7993337898457384
21.13749999999912,3,True,0.0777303185475613,0.02152015183140993,-3.768948358521277,-3.787613708892237
21.141666666665788,3,True,0.11664915824812179,0.05268032341267481,-3.7691807904122263,-3.7918619158917064
21.145833333332455,3,True,0.06289514435890091,0.03254776092715251,-3.7693477535731184,-3.774306774039064
21.14999999999912,3,True,0.11975485951237469,0.021374701164765707,-3.7693565149726544,-3.7878959167830852
21.154166666665787,3,True,0.19024985548673012,0.07593181787575251,-3.769555289757227,-3.7724333430412247
21.158333333332454,3,True,0.16836479320792874,0.029432003849714717,-3.7697933085331377,-3.7715548416722284
21.16249999999912,3,True,0.18581101328718852,0.13551724753511507,-3.770006667597564,-3.765901505744195
21.166666666665787,3,True,0.15448978454968496,0.02816661816786702,-3.7700972780293966,-3.7841778669632564
21.170833333332453,3,True,0.06007804341652152,0.02089258123958826,-3.7700412728905572,-3.7819250834192406
21.17499999999912,3,True,0.12455085231936362,0.031339544027300915,-3.7700768474263064,-3.780942709463512
21.179166666665786,3,True,0.2989926883317812,0.032832820557176845,-3.7702952958737557,-3.793754198523037
21.183333333332452,3,True,0.14699941615598947,0.0686332982403359,-3.77050891640827,-3.7764443343361647
21.18749999999912,3,True,0.1389150733176353,0.07738868209508208,-3.770612806635451,-3.7544394820377547
21.191666666665785,3,True,0.18911447302615553,0.04404427511200355,-3.7705730187028363,-3.76989763654474
21.195833333332452,3,True,0.2018328500048679,0.083096205160425,-3.770828490240778,-3.7724246210099266
21.199999999999118,3,True,0.09258429100096234,0.04042207087429018,-3.771076332495777,-3.7693227639224856
21.204166666665785,3,True,0.13970499318402008,0.01619397802040028,-3.771376921102531,-3.7599887507385175
21.20833333333245,3,True,0.12804696934035792,0.05552545943160018,-3.7714051484153863,-3.7902176614866265
21.212499999999118,3,True,0.14341783734822927,0.10761718803626967,-3.771493547989939,-3.7680810495463124
21.216666666665784,3,True,0.22361542253440825,0.04141183954584223,-3.7717438366316283,-3.764416283929185
21.22083333333245,3,True,0.045857478510642966,0.04331301327892957,-3.771971571413348,-3.7702244952969326
21.224999999999117,3,True,0.1110317448586755,0.03572786007415261,-3.77215516081743,-3.758724148504152
21.229166666665783,3,True,0.09282837863749502,0.03495505207638722,-3.7721820947992977,-3.78331905407927
21.23333333333245,3,True,0.11965957799487102,0.05371633242578831,-3.7722679137442956,-3.7932537806027784
21.237499999999116,3,True,0.11025621714173256,0.020049354507617582,-3.7725145233868824,-3.7787180711724746
21.241666666665783,3,True,0.19089057135113935,0.06142524604482089,-3.772737227015585,-3.775092867067119
21.24583333333245,3,True,0.0910519286396127,0.05792776675229149,-3.7729220170127515,-3.80934059976241
21.249999999999115,3,True,0.2632637198191243,0.10186696340151012,-3.7729511413598003,-3.8023990805741814
21.254166666665782,3,True,0.07975089982718275,0.038247822643160304,-3.7731623096463114,-3.7516218786656577
21.25833333333245,3,True,0.16471384919149776,0.06124444555307787,-3.7733966805861794,-3.7748191657978887
21.262499999999115,3,True,0.10398999699342257,0.03366945560806904,-3.7736123427008805,-3.755254263299474
21.26666666666578,3,True,0.13419719192710142,0.05968795128031448,-3.7737270918089996,-3.7969881241289403
21.270833333332448,2,False,nan,nan,-3.7736875533271563,nan
21.274999999999114,2,False,nan,nan,-3.7739367192377413,nan
21.27916666666578,2,False,nan,nan,-3.7741699151068007,nan
21.283333333332447,2,False,nan,nan,-3.7743856187764293,nan
21.287499999999113,2,False,nan,nan,-3.774505110044573,nan
21.29166666666578,2,False,nan,nan,-3.774468901993128,nan
21.295833333332446,2,False,nan,nan,-3.7747194179369674,nan
21.299999999999113,2,False,nan,nan,-3.7749516116708666,nan
21.30416666666578,2,False,nan,nan,-3.7752503017746237,nan
21.308333333332445,2,False,nan,nan,-3.7752922775415256,nan
21.312499999999112,2,False,nan,nan,-3.775385160998842,nan
21.31666666666578,2,False,nan,nan,-3.7756307747455766,nan
21.320833333332445,2,False,nan,nan,-3.7758440279951833,nan
21.32499999999911,2,False,nan,nan,-3.776043322012409,nan
21.329166666665778,3,True,2.3003868702245365,0.7115207780143364,-3.7760898900977664,-4.30486396534918
21.333333333332444,2,False,nan,nan,-3.7761851106984854,nan
21.33749999999911,2,False,nan,nan,-3.7764307678557287,nan
21.341666666665777,2,False,nan,nan,-3.7766416622149332,nan
21.345833333332443,2,False,nan,nan,-3.7768447803363014,nan
21.34999999999911,2,False,nan,nan,-3.776895924580336,nan
21.354166666665776,2,False,nan,nan,-3.7771198772100316,nan
21.358333333332443,2,False,nan,nan,-3.7773484827828785,nan
21.36249999999911,3,True,4.798949852821793,1.5811524352458055,-3.777564178241475,-3.550227557444367
21.366666666665775,2,False,nan,nan,-3.777703301663461,nan
21.370833333332442,2,False,nan,nan,-3.777680641134808,nan
21.37499999999911,2,False,nan,nan,-3.7779362933033145,nan
21.379166666665775,2,False,nan,nan,-3.7781633933165355,nan
21.38333333333244,2,False,nan,nan,-3.778378476507104,nan
21.387499999999108,2,False,nan,nan,-3.7785220137743267,nan
21.391666666665774,2,False,nan,nan,-3.7785022861438398,nan
21.39583333333244,2,False,nan,nan,-3.778758757621913,nan
21.399999999999107,2,False,nan,nan,-3.7789839904032414,nan
21.404166666665773,2,False,nan,nan,-3.7792920318921484,nan
21.40833333333244,2,False,nan,nan,-3.7793556238738226,nan
21.412499999999106,2,False,nan,nan,-3.779458629059408,nan
21.416666666665773,2,False,nan,nan,-3.7797025728109124,nan
21.42083333333244,2,False,nan,nan,-3.779901549927648,nan
21.424999999999105,2,False,nan,nan,-3.7801167361875683,nan
21.429166666665772,2,False,nan,nan,-3.7801839753175615,nan
21.43333333333244,2,False,nan,nan,-3.7802883215207417,nan
21.437499999999105,2,False,nan,nan,-3.7805311914565127,nan
21.44166666666577,2,False,nan,nan,-3.7807264162545593,nan
21.445833333332438,3,True,0.15917857375161593,0.026040902608441427,-3.780908374662309,-3.758075176121532
21.449999999999104,3,True,0.04084717211746865,0.06214069319461971,-3.781235957277186,-3.7953902010416196
21.45416666666577,3,True,0.10870134145741242,0.02768895704990744,-3.7823760326513622,-3.7845104022307674
21.458333333332437,3,True,0.1483182642963775,0.06509589309112998,-3.7831685830258754,-3.7566650582367447
21.462499999999103,3,True,0.11544228208301865,0.04562703569381996,-3.7839489816634266,-3.7604605777513234
21.46666666666577,3,True,0.2039353282429332,0.027546047616644493,-3.784754276551572,-3.7713902174437757
21.470833333332436,3,True,0.07671451402552924,0.011398787814500794,-3.785862388682772,-3.7926763386485973
21.474999999999103,3,True,0.1085902765036598,0.10255590877863027,-3.7872897994504653,-3.8117209240986627
21.47916666666577,3,True,0.027422314342964046,0.023016994721242908,-3.788961968528738,-3.804444387357641
21.483333333332435,3,True,0.16307573068601047,0.04319527833955783,-3.7907660726907637,-3.7916295338830737
21.487499999999102,3,True,0.05447810462434651,0.037264694093145166,-3.7926772411552614,-3.7635105375968414
21.49166666666577,3,True,0.04380481940107763,0.0924411934616433,-3.7947179560904507,-3.8069573566019397
21.495833333332435,3,True,0.1331837508775266,0.07110677746092568,-3.7968569207265572,-3.8043302085384108
21.4999999999991,3,True,0.06101391291243761,0.054322639192310264,-3.799069964624276,-3.793781895681183
21.504166666665768,3,True,0.020833889951851252,0.07998877976657731,-3.802488779120123,-3.791837922294928
21.508333333332434,3,True,0.2043178613339089,0.06336790731466833,-3.8048143614083902,-3.8484354612602014
21.5124999999991,3,True,0.12536389168143455,0.05725247535503444,-3.8071652046054894,-3.8053675594329133
21.516666666665767,3,True,0.17710095380366486,0.02281812924826878,-3.809533737944491,-3.8156883049805463
21.520833333332433,3,True,0.16960840619567077,0.06480436960937086,-3.8119141093451194,-3.8080056547523617
21.5249999999991,3,True,0.16697277816954362,0.028900599031448117,-3.8143017944911097,-3.800098000060524
21.529166666665766,3,True,0.11992584003110424,0.10333283188842325,-3.8166932950580645,-3.8230103864846425
21.533333333332433,3,True,0.1309359987754577,0.03895592263233431,-3.8190859057349766,-3.8087636121564756
21.5374999999991,3,True,0.06371508206538407,0.04742413865451635,-3.8214775343336833,-3.8157537912551756
21.541666666665765,2,False,nan,nan,-3.8238665628686657,nan
21.545833333332432,3,True,0.22463894449055952,0.03670055753841876,-3.8262517402578684,-3.8594837492221883
21.5499999999991,3,True,0.1252984307934253,0.04190799940879309,-3.8286320994307292,-3.841744519855657
21.554166666665765,3,True,0.11152444669679695,0.0845430440545946,-3.8321920174513333,-3.80888418894281
21.55833333333243,3,True,0.19057537602427552,0.05936047634815684,-3.8345574246309155,-3.807980611476106
21.562499999999098,4,True,0.06118257399071127,0.029224420271993873,-3.8369160631566106,-3.841021627188502
21.566666666665764,3,True,0.054161167274725114,0.03982053619054563,-3.8392676334844156,-3.832707359039073
21.57083333333243,3,True,0.12524932513592069,0.04679772350914043,-3.8416119063205265,-3.87567649190426
21.574999999999097,3,True,0.28639556275466216,0.00911692393146902,-3.843948707023108,-3.840543693887321
21.579166666665763,3,True,0.12583826111752316,0.022110593967937825,-3.8462779035193355,-3.8643382798984964
21.58333333333243,3,True,0.16915332737781794,0.05356063801741133,-3.848599396939843,-3.8501711992653886
21.587499999999096,3,True,0.06744583476484879,0.037074041185107855,-3.850913114354248,-3.854366909079417
21.591666666665763,3,True,0.18493784250442394,0.030399777165887546,-3.853219003131799,-3.8302378846365968
21.59583333333243,3,True,0.20946385447511504,0.040398001973707034,-3.8555170265595886,-3.8652155099908962
21.599999999999095,3,True,0.16195365888022956,0.07536562751388162,-3.857807160434237,-3.860320687729397
21.604166666665762,3,True,0.14267689921034732,0.039114650985111056,-3.8612275391230324,-3.8538063578040758
21.60833333333243,3,True,0.06262090690333164,0.03900205395617698,-3.863497902919393,-3.8714154888876595
21.612499999999095,3,True,0.1280795678462992,0.051039362326780205,-3.8657603575658346,-3.8482316595136408
21.61666666666576,3,True,0.1390939210216999,0.016795406713375555,-3.868014909635927,-3.8662511381929003
21.620833333332428,3,True,0.3607844408673221,0.08394910531735088,-3.8702615692011917,-3.870214582915881
21.624999999999094,3,True,0.10587556256784542,0.06203660550698825,-3.8725003491392527,-3.865683391898637
21.62916666666576,3,True,0.18568151537329805,0.06037436027530745,-3.8738007416155105,-3.8680356975935197
21.633333333332427,3,True,0.12581607174140064,0.05081739757579069,-3.8740941582669244,-3.8806459846244943
21.637499999999093,3,True,0.12351053188113653,0.07368645023414305,-3.8736123596449565,-3.871894633722181
21.64166666666576,3,True,0.12834129831532834,0.023644383046446362,-3.872534336371454,-3.865513676970761
21.645833333332426,3,True,0.10744742490306938,0.05015793796453431,-3.8709983225626696,-3.8573601343174775
21.649999999999093,3,True,0.03990535214237574,0.015252305834555913,-3.869111074312588,-3.8598766751189584
21.65416666666576,3,True,0.13569881797699127,0.024352019495476253,-3.8657967256357835,-3.857840862526598
21.658333333332425,3,True,0.05315801881918371,0.041902500594697155,-3.863352207054949,-3.8631130967774423
21.662499999999092,3,True,0.07447419648666989,0.05520959113174451,-3.8607719374567555,-3.830356411341469
21.66666666666576,3,True,0.07009119371702355,0.015128162571013709,-3.8580892763512624,-3.844298089019083
21.670833333332425,3,True,0.21987534999356834,0.11580601089136064,-3.8553299805655756,-3.820609316430012
21.67499999999909,3,True,0.1582136414634678,0.029818862176390317,-3.852513935035516,-3.8544041152765836
21.679166666665758,3,True,0.09567525417155694,0.04123627814915417,-3.8496564895726992,-3.8261772866488344
21.683333333332424,3,True,0.06461311797410976,0.042343730870236164,-3.846769491309526,-3.864107656090982
21.68749999999909,4,True,0.09211401900501175,0.055115687229102234,-3.843862082103137,-3.856186236313917
21.691666666665757,4,True,0.2063588724407767,0.028572920424725815,-3.8409413144070372,-3.818053359725946
21.695833333332423,3,True,0.0816001973461611,0.04473229001723817,-3.838012626937422,-3.8727282817796014
21.69999999999909,3,True,0.10043099196188443,0.03799994000802441,-3.835080212052843,-3.816467482233071
21.704166666665756,3,True,0.1270502811635328,0.060744903545928715,-3.8306814576864587,-3.8493334905880743
21.708333333332423,3,True,0.13339695039060007,0.07050255450563396,-3.827752275481336,-3.83256819833554
21.71249999999909,3,True,0.16038912639492472,0.021461457876608536,-3.824827776793608,-3.833762592193123
21.716666666665756,3,True,0.0921222488057323,0.03644215563380304,-3.821909247937587,-3.8111288654908457
21.720833333332422,3,True,0.11767751335815194,0.025392079409724006,-3.8189976742320337,-3.8285886592560505
21.72499999999909,3,True,0.2904234379604658,0.03537272619558432,-3.8160938085360123,-3.816492893542162
21.729166666665755,3,True,0.14200884893323928,0.07442621245839319,-3.813198224183343,-3.801234337310174
21.73333333333242,3,True,0.17861769785063897,0.05491198110501836,-3.81031135586736,-3.7997823375563686
21.737499999999088,3,True,0.2335914015919197,0.08257229340470056,-3.807433531219041,-3.8224799378197667
21.741666666665754,3,True,0.27811514285877414,0.054949951916162185,-3.804564995197154,-3.793561703939755
21.74583333333242,3,True,0.1190331254302073,0.041579132999695206,-3.801705928926743,-3.770444758080727
21.749999999999087,3,True,0.17053339873555176,0.04562798193202008,-3.798856464249716,-3.8283378419703316
21.754166666665753,3,True,0.09176980917303555,0.037726160568322856,-3.794600467180254,-3.801073384046794
21.75833333333242,3,True,0.09566940155321453,0.0465150951209909,-3.79177535449656,-3.800024256847575
21.762499999999086,3,True,0.15913296203453134,0.05488660176369062,-3.7889600574734628,-3.8137323910963445
21.766666666665753,3,True,0.15018986465781817,0.0357047349820067,-3.786154593231574,-3.782670269151732
21.77083333333242,3,True,0.0942010392340979,0.008878493585432435,-3.7833589670582857,-3.7781127217834545
21.774999999999086,3,True,0.1088613688184582,0.02513187026744349,-3.780573175123981,-3.7625216547152363
21.779166666665752,3,True,0.08931718090307512,0.04812984377707331,-3.7777972065802454,-3.7614526781297095
21.78333333333242,3,True,0.34199751001646633,0.1136700146148297,-3.7750310451808073,-3.8001271381952084
21.787499999999085,3,True,0.25120148502189066,0.023889104721554814,-3.7722746705337578,-3.753880379680151
21.79166666666575,3,True,0.18757442641364236,0.0339281221705595,-3.7695280590690006,-3.784023739547703
21.795833333332418,3,True,0.06384475904805452,0.033575015917595014,-3.7667911847857143,-3.7429770753156646
21.799999999999084,3,True,0.25433863914008353,0.03312346309324585,-3.7640640198298687,-3.7544910054579925
21.80416666666575,3,True,0.1312754259520107,0.03115502622700483,-3.759991413078496,-3.743849279893779
21.808333333332417,3,True,0.10426026028760826,0.020245388231267068,-3.7572883911757393,-3.7520875286492026
21.812499999999083,4,True,0.052107051021147724,0.013501802335496901,-3.7545949721062835,-3.7421031002858083
21.81666666666575,3,True,0.10714012519273841,0.0333508985902617,-3.751911123929121,-3.7600538872723894
21.820833333332416,3,True,0.11174433302381592,0.03642387356309463,-3.7492368143382615,-3.7387181906284495
21.824999999999083,3,True,1.3902735741230796,0.38249004388922686,-3.7465720107709357,-3.3785120570917644
21.82916666666575,3,True,0.151916288203063,0.01623632889216451,-3.7439166804912127,-3.7388805499112903
21.833333333332416,3,True,0.187363576839837,0.039840144975519014,-3.7412707906546765,-3.750101699267693
21.837499999999082,3,True,0.09706619725253392,0.049946956684394396,-3.7386343083584124,-3.7567496938769867
21.84166666666575,3,True,3.767083035365071,0.6259342707953788,-3.736007200679654,-3.1270792106352303
21.845833333332415,3,True,0.10270673326213618,0.045158909245737004,-3.7333894347056837,-3.722818089663107
21.84999999999908,3,True,0.08221504170361581,0.05629002309645157,-3.7307809775569063,-3.7437690022747985
21.854166666665748,3,True,0.1239303612390194,0.021616850079162236,-3.7268856740857954,-3.731304430064386
21.858333333332414,3,True,0.17857726979114205,0.060248212601671236,-3.7243003455195076,-3.7191662449607783
21.86249999999908,3,True,0.11862075652833039,0.014408318769014515,-3.7217242111842594,-3.709371750981821
21.866666666665747,3,True,0.09392544454422462,0.06126457761398348,-3.7191572385195393,-3.6999959226265555
21.870833333332413,3,True,0.14156421913949097,0.013992943441476427,-3.7165993950573712,-3.7189569063841033
21.87499999999908,3,True,0.11422948115332045,0.0444627995716243,-3.714050648426565,-3.700224196649307
21.879166666665746,3,True,0.0887302586227199,0.024340879290310567,-3.7115109663559793,-3.6959744725028556
21.883333333332413,3,True,0.13804248298545385,0.05339483689562142,-3.7089803166769886,-3.70902316492067
21.88749999999908,3,True,0.09872639340858524,0.023036843374855023,-3.70645866732536,-3.6989545654282594
21.891666666665746,3,True,0.15806582954351586,0.02639479154970451,-3.7039459863426583,-3.707240910848335
21.895833333332412,3,True,0.11175006418995377,0.06528324425711816,-3.7014422418772708,-3.698266429622462
21.89999999999908,3,True,0.13892479820675557,0.04776808070679324,-3.6989474021851576,-3.7220561738302256
21.904166666665745,3,True,0.33752476182122176,0.08263407048295522,-3.695221769922909,-3.7308770470497348
21.90833333333241,3,True,0.1912574663213896,0.03136819023441562,-3.6927490539940324,-3.686177334072831
21.912499999999078,3,True,0.0347006573067863,0.03009912549705937,-3.6902851325875106,-3.6888048913811766
21.916666666665744,3,True,0.12994831516939032,0.056717558660125615,-3.687829974447638,-3.675849626751648
21.92083333333241,3,True,0.15995700364045629,0.0561621737638556,-3.6853835484274553,-3.6601315766370255
21.924999999999077,3,True,0.0992793387868183,0.02325475460846433,-3.6829458234886667,-3.6994271339277573
21.929166666665743,3,True,0.03719504861225945,0.037115990050315587,-3.6805167687015063,-3.68586282985188
21.93333333333241,3,True,0.2102116071765251,0.09938493170964967,-3.678096353244566,-3.664520738556537
21.937499999999076,3,True,0.15018629176408574,0.013317566054281164,-3.6756845464046,-3.6740943190148405
21.941666666665743,3,True,0.13740142369436667,0.01972244808044835,-3.673281317576286,-3.659144828970273
21.94583333333241,3,True,0.07546042511497604,0.0789498549356476,-3.6708866362619847,-3.6551155045669534
21.949999999999076,3,True,0.10957595837344863,0.0263673890246237,-3.6685004720714742,-3.6897378745139604
21.954166666665742,3,True,0.13395116671887436,0.02418744589764915,-3.6649371291777864,-3.679165845902416
21.95833333333241,3,True,0.1471886705478153,0.03774512801841563,-3.662572125541893,-3.6481034237173424
21.962499999999075,3,True,0.1958160250939097,0.08211984323899797,-3.660215533505785,-3.6815067739766922
21.96666666666574,3,True,0.2151394996544732,0.021708929515161814,-3.6578673231590138,-3.6697927356429836
21.970833333332408,3,True,0.18280246638347392,0.06792032539185157,-3.655527464696895,-3.666525532262832
21.974999999999074,3,True,0.2060215072767408,0.04643532197222836,-3.65319592842019,-3.6466458984610535
21.97916666666574,3,True,4.895784406188203,1.4476790345482953,-3.6508726847347814,-5.044728949352888
21.983333333332407,3,True,0.208055701500501,0.06090908658547579,-3.648557704151332,-3.642477270382235
21.987499999999073,3,True,0.1613988194928128,0.04447665974055906,-3.6462509572849733,-3.686588990632994
21.99166666666574,3,True,0.16698431737208533,0.08965172060893407,-3.6439524148549483,-3.6526052877426203
21.995833333332406,3,True,0.12459321569709865,0.07333918507566226,-3.641662047684288,-3.6707833621973025
21.999999999999073,3,True,0.19167361668102256,0.0324971860809298,-3.6393798266994666,-3.6375199959374536
22.00416666666574,3,True,0.04268271499988246,0.044995797240008344,-3.635971705975995,-3.613515647139165
22.008333333332406,3,True,0.2265647343665918,0.08019269557427709,-3.633709723934878,-3.6336915369714258
22.012499999999072,3,True,0.04992228515640628,0.05778425165466358,-3.631455787131963,-3.618059664243317
22.01666666666574,3,True,0.1414639874823061,0.037575894265067175,-3.629209866954997,-3.6450705618119534
22.020833333332405,3,True,0.10732695307070816,0.052609546399522096,-3.626971934893291,-3.623848563349899
22.02499999999907,3,True,0.07683361892925526,0.02971206932840775,-3.6247419625373656,-3.6026314871636496
22.029166666665738,3,True,0.19575110039298171,0.06502314859778754,-3.622519921578621,-3.625669948540886
22.033333333332404,3,True,0.18355979684314128,0.05034481903728565,-3.620305783808981,-3.629890318716282
22.03749999999907,3,True,0.1819042366160558,0.047619691013520996,-3.6180995211205498,-3.638915076453312
22.041666666665737,3,True,0.21099645662157196,0.08701825417472149,-3.615901105505274,-3.611667677891174
22.045833333332403,3,True,0.12165299693279281,0.04316069079500277,-3.6137105090545916,-3.627919750008778
22.04999999999907,3,True,0.06645448763954952,0.06385305821324351,-3.6115277039590925,-3.5788597419279147
22.054166666665736,3,True,0.12563178396693564,0.040936057272721156,-3.6082680445168,-3.621339853429433
22.058333333332403,3,True,0.15911719921095777,0.031774728160837845,-3.606104596790661,-3.5894558894180837
22.06249999999907,3,True,0.24700517866593036,0.04638727098413149,-3.6039488438626193,-3.5967828013310825
22.066666666665736,3,True,0.10361904368761025,0.09087593437174392,-3.6018007583651985,-3.630528791245101
22.070833333332402,3,True,0.0505580566508308,0.009508884890519886,-3.599660313028188,-3.5926878107672806
22.07499999999907,3,True,0.24930419655168395,0.03554073459977156,-3.5975274806783037,-3.595414229167
22.079166666665735,3,True,0.09592354024547833,0.009853000059702653,-3.595402234238851,-3.5961158936697006
22.0833333333324,3,True,0.03203559514991701,0.017275317326036158,-3.5932845467293886,-3.581382146033173
22.087499999999068,3,True,0.07694439030556027,0.03019807606037335,-3.591174391265381,-3.5950963327132643
22.091666666665734,3,True,0.029809613916343226,0.013410168829350545,-3.58907174105787,-3.590493478116034
22.0958333333324,3,True,0.08344797682873392,0.0493084807123221,-3.586976569413138,-3.5711384913158604
22.099999999999067,3,True,0.10244739687818466,0.0255270291160885,-3.584888849732363,-3.5672311946543016
22.104166666665733,3,True,0.1260624628789785,0.03353429376975737,-3.5817711846913625,-3.5651420755802263
22.1083333333324,3,True,0.10436030478733292,0.01357180889070127,-3.579701979170454,-3.579137869979863
22.112499999999066,3,True,0.0949805346519733,0.04608956999653918,-3.577640133260191,-3.588497667069065
22.116666666665733,3,True,0.03573224446627951,0.03270336730249613,-3.5755856207846977,-3.5979610436991365
22.1208333333324,3,True,0.13095858242023858,0.03501856718451206,-3.573538415661173,-3.579177457285992
22.124999999999066,3,True,0.1598535827839751,0.0884616763762746,-3.5714984918995643,-3.5979225269190573
22.129166666665732,3,True,0.11060418086631976,0.04695790610297969,-3.5694658236022367,-3.5768965962309927
22.1333333333324,3,True,0.1106551168122647,0.05153760923545956,-3.5674403849636493,-3.5537191520652316
22.137499999999065,3,True,0.20664646853990867,0.04694596724325512,-3.565422150270023,-3.584197478783609
22.14166666666573,3,True,0.11052939594120297,0.02478488012593295,-3.5634110938990227,-3.5482122486747913
22.145833333332398,3,True,0.0657109875616503,0.0496447762890934,-3.56140719031943,-3.5606108627916258
22.149999999999064,3,True,0.11283381760090204,0.055518992700069124,-3.559410414090829,-3.5968179023219307
22.15416666666573,3,True,0.034847677528434165,0.01942600468578382,-3.5564285581026476,-3.551527841733554
22.158333333332397,3,True,0.09969230808661168,0.01967271892804041,-3.5544494895425736,-3.5703749264178612
22.162499999999064,3,True,0.13876422098418995,0.028626065573833907,-3.552477460002363,-3.5363014247468247
22.16666666666573,3,True,0.07018298757236995,0.05756497951331461,-3.5505124444461984,-3.5626721239072343
22.170833333332396,3,True,0.017039608646216998,0.0442171184548737,-3.5485544179272974,-3.5639504049242388
22.174999999999063,3,True,0.19737992532001597,0.06967574906127048,-3.5466033555876018,-3.553442991701
22.17916666666573,3,True,0.05227698060193747,0.03986650386547916,-3.544659232657456,-3.5589059716711935
22.183333333332396,3,True,0.08947224629264748,0.03415597369285842,-3.5427220244552995,-3.5444693511104344
22.187499999999062,3,True,0.18357515715832226,0.017895311040939957,-3.5407917063873517,-3.545290823217396
22.19166666666573,3,True,0.08834834154379463,0.06268458831500083,-3.5388682539472986,-3.5275715048187424
22.195833333332395,3,True,0.14346750959519397,0.07375478725504137,-3.5369516427159837,-3.5496683017308155
22.19999999999906,3,True,0.13684051155715488,0.03675091932844101,-3.535041848361098,-3.525097440640887
22.204166666665728,3,True,0.0988878838223281,0.030726217905157744,-3.5321898854580414,-3.527473669495045
22.208333333332394,3,True,0.10574927634952491,0.019631546859086357,-3.5302970274075367,-3.5221760876974715
22.21249999999906,3,True,0.19276354951709376,0.05830164883072589,-3.5284109017498624,-3.556401274128439
22.216666666665727,3,True,0.09882465022221494,0.022097080841019613,-3.5265314845397224,-3.5471031849194348
22.220833333332394,3,True,0.1579619199574565,0.08503515052283594,-3.5246587519169847,-3.510171299366167
22.22499999999906,3,True,0.13889314425474678,0.03981051036132411,-3.5227926801063774,-3.5331737113620885
22.229166666665726,3,True,0.05417428971485511,0.046569657544735424,-3.5209332454171913,-3.5068419224077028
22.233333333332393,3,True,0.04660335939600923,0.04513974213474558,-3.519080424242974,-3.5132133830835235
22.23749999999906,3,True,0.12409627217312047,0.0465954400496193,-3.517234193061232,-3.485634130224361
22.241666666665726,3,True,0.07702608142846823,0.03456303236912702,-3.515394528433137,-3.522781833195964
22.245833333332392,3,True,0.13553199471951943,0.07983674685946417,-3.513561407003221,-3.5131733065538437
22.24999999999906,3,True,0.2614725913513831,0.06398640647531263,-3.511734805499086,-3.543719770246928
22.254166666665725,3,True,0.17017683182803706,0.05490859778033726,-3.509007077398972,-3.5431332473072747
22.25833333333239,3,True,0.1342010662789163,0.06379369094881046,-3.507196674435008,-3.502999190876471
22.262499999999058,3,True,0.18500579419316307,0.09305656003860024,-3.505392710593329,-3.5027740939313365
22.266666666665724,3,True,0.08470463660452343,0.040180936188342155,-3.5035951629717017,-3.4970113872345245
22.27083333333239,3,True,0.2042954313774104,0.0657280136258555,-3.5018040087493456,-3.537218230619223
22.274999999999057,3,True,0.25642306554475186,0.05637811972803431,-3.5000192251866507,-3.49399597464508
22.279166666665724,3,True,0.09155657182977403,0.03662649417529142,-3.4982407896248797,-3.4757080148048245
22.28333333333239,3,True,0.05815419233772099,0.039387143693582885,-3.4964686794858912,-3.5027733057896353
22.287499999999056,3,True,0.23014310934574186,0.07344159968742504,-3.494702872271844,-3.514547608717353
22.291666666665723,3,True,0.0856247935024708,0.045150121221110555,-3.492943345564916,-3.5092993005018114
22.29583333333239,3,True,0.20789080098826868,0.07320196736224276,-3.491190077027019,-3.492061209195762
22.299999999999056,3,True,0.13743467383269833,0.018899652669833338,-3.489443044399514,-3.4958785101017824
22.304166666665722,3,True,0.12487566723928692,0.028074734050723877,-3.486834139294226,-3.486656088577064
22.30833333333239,3,True,0.10905225387971866,0.0395065822862375,-3.485102599580003,-3.50465821205726
22.312499999999055,3,True,0.10898112057042929,0.03145101502632606,-3.4833772184925365,-3.483880158767841
22.31666666666572,3,True,0.09512479848552526,0.04672702521279676,-3.4816579741272315,-3.4957050306983772
22.320833333332388,3,True,0.2160334007024554,0.0847449887145349,-3.4799448446574033,-3.480636607201479
22.324999999999054,3,True,0.20782450439251154,0.030353547738817408,-3.4782378083339953,-3.477760700864817
22.32916666666572,3,True,0.05040606674313099,0.08784431378700745,-3.4765368434853086,-3.481022065913098
22.333333333332387,3,True,0.0788313958078098,0.04720420176631997,-3.4748419285167214,-3.4740790244510587
22.337499999999054,3,True,0.05843317627878494,0.033921836162746986,-3.4731530419104217,-3.46820589458789
22.34166666666572,3,True,0.09474789630309674,0.06172146019764651,-3.471470162225128,-3.458387210112143
22.345833333332386,3,True,0.15939992118503304,0.027296026563746464,-3.469793268095823,-3.4791863900508564
22.349999999999053,3,True,0.21095755239380848,0.018238920377553525,-3.468122338233473,-3.4500389370694586
22.35416666666572,3,True,0.14594324339126183,0.06972275194380595,-3.4656270800570104,-3.4787792712910597
22.358333333332386,3,True,0.1664818516845512,0.029211408376684664,-3.463970968218788,-3.449129469367724
22.362499999999052,3,True,0.0910723067805112,0.09249156682025741,-3.462320746730439,-3.4727570350015102
22.36666666666572,4,True,0.24028987247707204,0.060740184303267844,-3.4606763946415557,-3.4507663556216572
22.370833333332385,3,True,0.19887114430232872,0.05975219637393237,-3.4590378910762447,-3.4318236388634618
22.37499999999905,3,True,0.03456882938788295,0.025289022648666285,-3.457405215232863,-3.4723768484285196
22.379166666665718,3,True,0.12527962734647055,0.05287654158404163,-3.4557783463837515,-3.48340405884579
22.383333333332384,3,True,0.06767088269189357,0.04042794003134368,-3.4541572638749765,-3.451041598301085
22.38749999999905,3,True,0.12121319207035168,0.014019382153382045,-3.452541947126064,-3.4438584262052783
22.391666666665717,3,True,0.1787111200395474,0.12454034403145162,-3.450932375629736,-3.4545442617894264
22.395833333332384,3,True,0.2736537929480583,0.04362362102138403,-3.4493285289516584,-3.4727927719500005
22.39999999999905,3,True,0.07895385548441572,0.03544976899792402,-3.4477303867301727,-3.4365128792681237
22.404166666665716,3,True,0.08491915078035163,0.016596075122636323,-3.4453438248910917,-3.45070106839259
22.408333333332383,3,True,0.037123870935044094,0.0636793925853062,-3.4437598552034663,-3.425658884585856
22.41249999999905,3,True,1.0878256999998723,0.20221529432730254,-3.4421815192752616,-3.278430299448005
22.416666666665716,3,True,0.07587876109726202,0.05731111235674215,-3.4406087970686907,-3.4367360727819163
22.420833333332382,3,True,0.014855899128063359,0.04240936037289737,-3.4390416686172385,-3.4433461698294097
22.42499999999905,3,True,0.06170417300910668,0.04951124560977805,-3.437480114025403,-3.4549709720556447
22.429166666665715,3,True,0.13742047584732656,0.043482528182531996,-3.435924113468449,-3.440947520152395
22.43333333333238,3,True,0.19074729340821936,0.05399599091969808,-3.434373647192148,-3.41276776923863
22.437499999999048,3,True,0.2831051102787278,0.032329947722261165,-3.4328286955125358,-3.439439742987739
22.441666666665714,3,True,0.21051411852525875,0.0418155555761618,-3.4312892388156553,-3.3980453674999938
22.44583333333238,3,True,0.18325250681046562,0.0364527871424447,-3.4297552575573143,-3.4343181749806324
22.449999999999047,3,True,0.19133591399628358,0.022736798739001567,-3.428226732262832,-3.448721537807177
22.454166666665714,3,True,0.26252001286122856,0.025231655517146873,-3.4259441318228805,-3.425569294243398
22.45833333333238,3,True,0.11322344797534865,0.03436580872531777,-3.424429161690273,-3.4120652600585073
22.462499999999046,3,True,0.17395829909322472,0.05509566055854721,-3.422919579904,-3.43179250307114
22.466666666665713,3,True,0.17658136205839406,0.029554005310645715,-3.421415367299146,-3.410651539054876
22.47083333333238,3,True,0.1419619512686076,0.05305048979674681,-3.41991650477896,-3.4005071515588896
22.474999999999046,3,True,0.1464465667758219,0.058779497266951565,-3.4184229733146108,-3.4157086095688367
22.479166666665712,3,True,0.11299110401126611,0.03183589144950205,-3.4169347539449495,-3.4443202376500186
22.48333333333238,3,True,0.16294419704310395,0.02622234566512668,-3.415451827776267,-3.420367473491995
22.487499999999045,3,True,0.08470020435890993,0.033630523658304455,-3.413974175982052,-3.428526534449205
22.49166666666571,3,True,0.17425495434134608,0.04034996461091319,-3.4125017798027564,-3.411216473766602
22.495833333332378,3,True,0.1222812339613157,0.08822219572019885,-3.4110346205455553,-3.4210165649374096
22.499999999999044,3,True,0.19807144296991916,0.0325548693928241,-3.4095726795841066,-3.394653135751113
22.50416666666571,3,True,0.1381636828196753,0.05985751181983084,-3.4073895118643267,-3.4211927874949306
22.508333333332377,3,True,0.15517261601326693,0.038732797526065864,-3.405940535586198,-3.3717538520271977
22.512499999999044,3,True,0.19464558540722296,0.031447430551761524,-3.4044967129317962,-3.3873947852114954
22.51666666666571,3,True,0.11813942899147846,0.047179383271097663,-3.4030580255710503,-3.423958578729738
22.520833333332376,3,True,0.15144274643478692,0.07637152909474006,-3.401624455239085,-3.400596821088501
22.524999999999043,3,True,0.15658823000344546,0.010351571526970055,-3.4001959837359887,-3.4080424554390816
22.52916666666571,3,True,0.1254601815166791,0.019065639254759438,-3.39877259292658,-3.389000284496114
22.533333333332376,3,True,0.15035527770277596,0.07102158926808613,-3.3973542647401826,-3.404448526966441
22.537499999999042,3,True,0.023230975783328056,0.038267039131178904,-3.3959409811703907,-3.3755804123124293
22.54166666666571,3,True,0.14425397047017396,0.034604184890070284,-3.394532724274844,-3.4276950606708607
22.545833333332375,3,True,0.014182651929669117,0.046342766388069404,-3.393129476174996,-3.3949541393257423
22.54999999999904,3,True,0.262442360202018,0.08553203831130357,-3.391731219055892,-3.3838472612286137
22.554166666665708,3,True,0.0821072721043402,0.01857525781112058,-3.3896431526517907,-3.380272912537046
22.558333333332374,3,True,0.06885781320812524,0.036460559766989344,-3.3882572954593795,-3.3983738183053833
22.56249999999904,3,True,0.07995986374927162,0.05394989408046615,-3.3868763673928735,-3.371766471369369
22.566666666665707,3,True,0.10276216046479479,0.027848451053513593,-3.3855003509206827,-3.3807739205382266
22.570833333332374,3,True,0.17672122659457362,0.07087009943714834,-3.3841292285735687,-3.355238049245864
22.57499999999904,3,True,0.1609433887864302,0.09275912449910115,-3.3827629829444303,-3.3939807461170117
22.579166666665706,3,True,0.11540546894333084,0.06128816437560333,-3.3814015966880766,-3.381666189636038
22.583333333332373,3,True,0.1313522282530997,0.08222901495503486,-3.380045052521009,-3.386926794711986
22.58749999999904,3,True,0.2797246807206497,0.04841103068490133,-3.3786933332212015,-3.3734678613863878
22.591666666665706,3,True,0.0641285974816277,0.04117440412901747,-3.377346421627884,-3.3703217958890224
22.595833333332372,3,True,0.005846361515477108,0.024438787765156456,-3.3760043006413225,-3.3715522873362302
22.59999999999904,3,True,0.05542638243307561,0.07970050171095644,-3.3746669532225995,-3.36312526500589
22.604166666665705,3,True,0.1697163362084737,0.05584493226107105,-3.372669845410673,-3.3771709392166716
22.60833333333237,3,True,0.12006808998744524,0.048144392771769566,-3.3713443577634674,-3.3809523342157592
22.612499999999038,3,True,0.08640739036463024,0.033302844310021854,-3.3700235845237323,-3.394490225473558
22.616666666665704,3,True,0.0701514888043227,0.027543847513117586,-3.3687075089235714,-3.3626356529238466
22.62083333333237,3,True,0.19452037636736952,0.05105989412754322,-3.3673961142547295,-3.365826230857877
22.624999999999037,3,True,0.0835671182027322,0.0313734134833859,-3.3660893838683754,-3.368182143582237
22.629166666665704,4,True,0.15169660024572326,0.06783886039730136,-3.364787301174897,-3.3667917573080945
22.63333333333237,3,True,0.06912221412467315,0.023293365720277334,-3.3634898496436842,-3.3508913716630513
22.637499999999037,3,True,0.2750420212774217,0.04804589126888045,-3.362197012802925,-3.3419383436959462
22.641666666665703,3,True,0.1141634692176196,0.027648815895293416,-3.3609087742393884,-3.33928189366739
22.64583333333237,3,True,0.15885738828260787,0.0630210750213107,-3.3596251175982257,-3.3723527705629044
22.649999999999036,3,True,0.1575959112911682,0.05039331315194878,-3.3583460265827556,-3.379286739072466
22.654166666665702,3,True,0.19420951742747158,0.03530243752993373,-3.3564359151013283,-3.3613690799990787
22.65833333333237,3,True,0.06905502041775104,0.08142350836734803,-3.3551681672319873,-3.361668565290905
22.662499999999035,3,True,0.18640271416006784,0.04470199998872296,-3.353904928405063,-3.3805636706009228
22.6666666666657,3,True,0.22392685109320987,0.0699887023872608,-3.3526461825830887,-3.341235509839197
22.670833333332368,3,True,0.03616102965311182,0.028869202391623005,-3.351391913785642,-3.3525120310744865
22.674999999999034,3,True,0.18657167782091943,0.10095568398119849,-3.3501421060891334,-3.3585464156312774
22.6791666666657,3,True,0.11114479188401734,0.055956437361273884,-3.3488967436266126,-3.341287504330221
22.683333333332367,3,True,0.1553098697589741,0.07439542434746307,-3.3476558105875633,-3.368333277673787
22.687499999999034,3,True,0.11604291785258669,0.05393072018247883,-3.3464192912177033,-3.329372338907056
22.6916666666657,3,True,0.10408117510554031,0.013096684146867812,-3.3451871698187836,-3.3448890612412305
22.695833333332367,3,True,0.16840193052571484,0.06100713859917656,-3.343959430748389,-3.3440878895689305
22.699999999999033,3,True,0.11951385896254045,0.03847888334421853,-3.342736058419741,-3.3362565839747043
22.7041666666657,3,True,0.17260689546054656,0.023193804235294047,-3.3409091536078472,-3.3249007132045354
22.708333333332366,3,True,0.15413780748122496,0.04594581980771714,-3.3396966303047377,-3.3476887263358033
22.712499999999032,3,True,0.16598110932922164,0.024143937068111614,-3.3384884196249325,-3.321870937276769
22.7166666666657,3,True,0.24905493642111118,0.060391706042114364,-3.3372845062295773,-3.3524898880782334
22.720833333332365,3,True,0.1807111723570901,0.0413506738642567,-3.3360848748343708,-3.3457775968533516
22.72499999999903,3,True,0.07267855400167351,0.05787790208337922,-3.3348895102093765,-3.3063193780320765
22.729166666665698,3,True,0.30980144911563723,0.0924702397394731,-3.3336983971788285,-3.3296145125742727
22.733333333332364,3,True,0.12085803347428994,0.0357938959957161,-3.332511520620932,-3.34572123601216
22.73749999999903,3,True,0.13344458983760277,0.033005018166717914,-3.33132886546768,-3.3144397085220914
22.741666666665697,3,True,0.06901822160562097,0.04376329777169457,-3.330150416704656,-3.3297830503719674
22.745833333332364,3,True,0.13292512661365283,0.08557137639043198,-3.32897615937085,-3.3216694702016625
22.74999999999903,3,True,0.060011151621806896,0.03571912361084188,-3.32780607855846,-3.3308600410505274
22.754166666665697,3,True,0.1768216202809164,0.02262903053541061,-3.326058755837158,-3.324285597343212
22.758333333332363,3,True,0.12557105642404018,0.06254992730635868,-3.3248990514541825,-3.31202210620239
22.76249999999903,3,True,0.12898015370066976,0.04675294953207752,-3.323743471831643,-3.3117007826950493
22.766666666665696,3,True,0.17258954326611864,0.030552464414248755,-3.3225920022988618,-3.3498841938391006
22.770833333332362,3,True,0.1286824821630134,0.046071158377346134,-3.3214446282373427,-3.321678010174152
22.77499999999903,3,True,0.1226456421924402,0.05255133822539682,-3.3203013350805817,-3.307511768785348
22.779166666665695,3,True,0.08182159779350057,0.08542732684068231,-3.3191621083138845,-3.296478627031838
22.78333333333236,3,True,0.07046167651621583,0.03222648071504303,-3.3180269334741803,-3.335737253635097
22.787499999999028,3,True,0.09821376090685677,0.03738300690250057,-3.3168957961498444,-3.2890706636421743
22.791666666665694,3,True,0.18282193435193828,0.05492515311920536,-3.3157686819805035,-3.285987318167621
22.79583333333236,3,True,0.13189834683266258,0.02635138074101995,-3.314645576656866,-3.310928394018383
22.799999999999027,3,True,0.10500214635597693,0.03647690678258994,-3.3135264659205332,-3.342313865228257
22.804166666665694,3,True,0.04584273381625743,0.04740521830617438,-3.311855258601738,-3.3039740497808765
22.80833333333236,3,True,0.08581317203065507,0.022172479009468248,-3.3107460722855304,-3.2961475688946673
22.812499999999027,3,True,0.27925970535146405,0.07934478506921785,-3.3096408310504137,-3.3051624234014554
22.816666666665693,3,True,0.18672233152432002,0.04240276440127064,-3.308539520864784,-3.3111918204676347
22.82083333333236,3,True,0.09186264105167907,0.0421650198429595,-3.3074421277469415,-3.319114310869053
22.824999999999026,3,True,0.16612706447487682,0.03694484651352767,-3.306348637764917,-3.3252724461081464
22.829166666665692,3,True,0.1788159450702668,0.04311892795408254,-3.3052590370362935,-3.3173616010259788
22.83333333333236,3,True,0.15873831898936822,0.05398582704091669,-3.3041733117280274,-3.302258145154665
22.837499999999025,3,True,0.21323893676520683,0.03225474523096764,-3.3030914480562816,-3.3288648937990293
22.84166666666569,3,True,0.12471503983054426,0.02779638564950468,-3.302013432286238,-3.2974505712222344
22.845833333332358,3,True,0.12496631201604015,0.03319113897358671,-3.300939250731934,-3.3266846776884775
22.849999999999024,3,True,0.2644744526057624,0.029003382346265778,-3.2998688897560813,-3.2899811661171054
22.85416666666569,3,True,0.20495224686339736,0.04511931519565543,-3.2982704821646576,-3.28958435964267
22.858333333332357,3,True,1.9755125727668579,0.2855555370757921,-3.2972096132896884,-3.1006084133759146
22.862499999999024,3,True,0.04849226743564178,0.023531832069766688,-3.296152517643509,-3.2910946205894573
22.86666666666569,3,True,0.09769528917182098,0.044802139546444755,-3.295099181805743,-3.287816246053899
22.870833333332357,3,True,0.06342180812112631,0.04636740345102493,-3.2940495924037525,-3.304078031666519
22.874999999999023,3,True,0.02727204341852286,0.02965743253234148,-3.2930037361124618,-3.3129435990645817
22.87916666666569,3,True,0.1270752046569403,0.05043231475981854,-3.291961599654187,-3.2851952716881745
22.883333333332356,3,True,0.046620093592496886,0.05372993704882973,-3.290923169798469,-3.2944475321272306
22.887499999999022,3,True,0.1945149846588351,0.02958133539116652,-3.289888433361908,-3.3035400911767567
22.89166666666569,3,True,0.08409165148776966,0.029881779564226017,-3.288857377207994,-3.278740736025629
22.895833333332355,3,True,0.06014680168963247,0.06260606794751426,-3.287829988246937,-3.273676056002627
22.89999999999902,3,True,0.1640440708566934,0.04343456456309476,-3.2868062534355076,-3.2976583197120726
22.904166666665688,3,True,0.14393999787768041,0.05989309445208826,-3.285277474330981,-3.3022675992367607
22.908333333332354,3,True,0.10414077762180012,0.040313690618647514,-3.284262818133522,-3.250911892861086
22.91249999999902,3,True,0.0896316818399086,0.04710210213177162,-3.283251770798633,-3.312761681853892
22.916666666665687,3,True,0.19451251998799549,0.08235058120648396,-3.282244319490548,-3.2856539410871504
22.920833333332354,3,True,0.1088368155752213,0.03460875008452007,-3.2812404514191544,-3.273177925234834
22.92499999999902,3,True,0.08786440378368518,0.00693723446265332,-3.2802401538398325,-3.2755483144120836
22.929166666665687,3,True,0.14947709914184382,0.05467063058115138,-3.27924341405329,-3.2891693116364396
22.933333333332353,3,True,0.03456144606877849,0.05546341587833804,-3.2782502194054017,-3.259436428967123
22.93749999999902,3,True,0.16957992379680228,0.037079372082981586,-3.2772605572870517,-3.276250260941905
22.941666666665686,3,True,0.21806510534525606,0.06471761998224483,-3.27627441513397,-3.307833287367295
22.945833333332352,3,True,0.10733875459564152,0.04852779441826538,-3.2752917804265778,-3.2885078156317498
22.94999999999902,3,True,0.1699070685535405,0.06500304448960004,-3.274312640689821,-3.24771687842776
22.954166666665685,3,True,0.06317303770308326,0.08083785786124931,-3.272850456974602,-3.2662298056782446
22.95833333333235,3,True,0.30700103860403466,0.04807089699364562,-3.271880000376871,-3.252360870817594
22.962499999999018,3,True,3.993627001061886,1.4697683794901877,-3.270912995435474,-4.198460727293857
22.966666666665684,3,True,0.0927036323242474,0.06155527472905019,-3.2699494298737855,-3.270276445302282
22.97083333333235,3,True,0.11287187206689588,0.021308302483149223,-3.2689892914588476,-3.2503352017003637
22.974999999999017,3,True,0.12472475961277917,0.06561951904499212,-3.2680325680012077,-3.26217918750908
22.979166666665684,3,True,0.09710829281090053,0.0779445709790074,-3.2670792473547716,-3.2796685998004653
22.98333333333235,3,True,0.25111959172637405,0.09011824106307624,-3.2661293174166417,-3.260964600728013
22.987499999999017,3,True,0.2523419850573909,0.02814826150674611,-3.2651827661269697,-3.270459101462794
22.991666666665683,3,True,0.134228265339191,0.05632510236811479,-3.264239581468802,-3.2304985503866868
22.99583333333235,3,True,0.08332443783026483,0.049917105047227045,-3.263299751467923,-3.2721660492560334
22.999999999999016,3,True,0.06433159679280669,0.02376718506915276,-3.2623632641927083,-3.271525352746385
