t=0.229 cam_oblique_w: ghost detection for mk_back_left
t=0.229 mk_back_left: rejected as fit outlier (residual 4.04 mm)
t=0.279 cam_oblique_w: ghost detection for mk_back_left
t=0.279 mk_back_left: rejected as fit outlier (residual 3.20 mm)
t=0.300 cam_oblique_w: ghost detection for mk_front_left
t=0.300 mk_front_left: rejected as fit outlier (residual 7.56 mm)
t=0.329 cam_oblique_w: ghost detection for mk_front_left
t=0.475 cam_oblique_w: ghost detection for mk_back_left
t=0.475 mk_back_left: rejected as fit outlier (residual 8.07 mm)
t=0.521 cam_overhead: ghost detection for mk_back_right
t=0.521 mk_back_right: rejected as fit outlier (residual 5.87 mm)
t=0.533 cam_overhead: ghost detection for mk_back_right
t=0.533 mk_back_right: rejected as fit outlier (residual 6.58 mm)
t=1.033 cam_overhead: ghost detection for mk_back_right
t=1.112 cam_overhead: ghost detection for mk_back_right
t=1.112 mk_back_right: rejected as fit outlier (residual 9.51 mm)
t=1.192 mk_back_right: dropout (1/2 cams)
t=1.196 mk_back_right: dropout (1/2 cams)
t=1.200 mk_back_right: dropout (1/2 cams)
t=1.204 mk_back_right: dropout (1/2 cams)
t=1.208 mk_back_right: dropout (1/2 cams)
t=1.212 mk_back_right: dropout (1/2 cams)
t=1.217 mk_back_right: dropout (1/2 cams)
t=1.221 mk_back_right: dropout (1/2 cams)
t=1.225 mk_back_right: dropout (1/2 cams)
t=1.229 mk_back_right: dropout (1/2 cams)
t=1.233 mk_back_right: dropout (1/2 cams)
t=1.237 mk_back_right: dropout (1/2 cams)
t=1.242 mk_back_right: dropout (1/2 cams)
t=1.246 mk_back_right: dropout (1/2 cams)
t=1.250 mk_back_right: dropout (1/2 cams)
t=1.254 mk_back_right: dropout (1/2 cams)
t=1.258 mk_back_right: dropout (1/2 cams)
t=1.262 mk_back_right: dropout (1/2 cams)
t=1.267 mk_back_right: dropout (1/2 cams)
t=1.271 mk_back_right: dropout (1/2 cams)
t=1.275 mk_back_right: dropout (1/2 cams)
t=1.279 mk_back_right: dropout (1/2 cams)
t=1.283 mk_back_right: dropout (1/2 cams)
t=1.287 mk_back_right: dropout (1/2 cams)
t=1.292 mk_back_right: dropout (1/2 cams)
t=1.296 mk_back_right: dropout (1/2 cams)
t=1.300 mk_back_right: dropout (1/2 cams)
t=1.304 mk_back_right: dropout (1/2 cams)
t=1.308 mk_back_right: dropout (1/2 cams)
t=1.312 mk_back_right: dropout (1/2 cams)
t=1.317 mk_back_right: dropout (1/2 cams)
t=1.321 mk_back_right: dropout (1/2 cams)
t=1.325 mk_back_right: dropout (1/2 cams)
t=1.329 mk_back_right: dropout (1/2 cams)
t=1.333 mk_back_right: dropout (1/2 cams)
t=1.337 mk_back_right: dropout (1/2 cams)
t=1.342 mk_back_right: dropout (1/2 cams)
t=1.346 mk_back_right: dropout (1/2 cams)
t=1.350 mk_back_right: dropout (1/2 cams)
t=1.354 mk_back_right: dropout (1/2 cams)
t=1.358 mk_back_right: dropout (1/2 cams)
t=1.362 mk_back_right: dropout (1/2 cams)
t=1.367 mk_back_right: dropout (1/2 cams)
t=1.371 mk_back_right: dropout (1/2 cams)
t=1.375 mk_back_right: dropout (1/2 cams)
t=1.379 mk_back_right: dropout (1/2 cams)
t=1.383 mk_back_right: dropout (1/2 cams)
t=1.387 mk_back_right: dropout (1/2 cams)
t=1.392 mk_back_right: dropout (1/2 cams)
t=1.396 mk_back_right: dropout (1/2 cams)
t=1.400 mk_back_right: dropout (1/2 cams)
t=1.404 mk_back_right: dropout (1/2 cams)
t=1.408 mk_back_right: dropout (1/2 cams)
t=1.412 mk_back_right: dropout (1/2 cams)
t=1.417 mk_back_right: dropout (1/2 cams)
t=1.421 cam_oblique_w: ghost detection for mk_back_left
t=1.421 mk_back_right: dropout (1/2 cams)
t=1.425 mk_back_right: dropout (1/2 cams)
t=1.429 mk_back_right: dropout (1/2 cams)
t=1.433 mk_back_right: dropout (1/2 cams)
t=1.437 mk_back_right: dropout (1/2 cams)
t=1.442 mk_back_right: dropout (1/2 cams)
t=1.446 mk_back_right: dropout (1/2 cams)
t=1.450 mk_back_right: dropout (1/2 cams)
t=1.454 mk_back_right: dropout (1/2 cams)
t=1.458 mk_back_right: dropout (1/2 cams)
t=1.462 mk_back_right: dropout (1/2 cams)
t=1.467 mk_back_right: dropout (1/2 cams)
t=1.471 mk_back_right: dropout (1/2 cams)
t=1.475 mk_back_right: dropout (1/2 cams)
t=1.479 mk_back_right: dropout (1/2 cams)
t=1.483 mk_back_right: dropout (1/2 cams)
t=1.487 mk_back_right: dropout (1/2 cams)
t=1.492 mk_back_right: dropout (1/2 cams)
t=1.496 mk_back_right: dropout (1/2 cams)
t=1.500 mk_back_right: dropout (1/2 cams)
t=1.504 mk_back_right: dropout (1/2 cams)
t=1.508 mk_back_right: dropout (1/2 cams)
t=1.512 mk_back_right: dropout (1/2 cams)
t=1.517 mk_back_right: dropout (1/2 cams)
t=1.521 mk_back_right: dropout (1/2 cams)
t=1.525 mk_back_right: dropout (1/2 cams)
t=1.529 mk_back_right: dropout (1/2 cams)
t=1.533 mk_back_right: dropout (1/2 cams)
t=1.537 mk_back_right: dropout (1/2 cams)
t=1.542 mk_back_right: dropout (1/2 cams)
t=1.546 mk_back_right: dropout (1/2 cams)
t=1.550 mk_back_right: dropout (1/2 cams)
t=1.554 mk_back_right: dropout (1/2 cams)
t=1.558 mk_back_right: dropout (1/2 cams)
t=1.562 mk_back_right: dropout (1/2 cams)
t=1.567 mk_back_right: dropout (1/2 cams)
t=1.571 mk_back_right: dropout (1/2 cams)
t=1.575 mk_back_right: dropout (1/2 cams)
t=1.579 mk_back_right: dropout (1/2 cams)
t=1.583 mk_back_right: dropout (1/2 cams)
t=1.587 mk_back_right: dropout (1/2 cams)
t=1.592 mk_back_right: dropout (1/2 cams)
t=1.596 mk_back_right: dropout (1/2 cams)
t=1.600 mk_back_right: dropout (1/2 cams)
t=1.604 mk_back_right: dropout (1/2 cams)
t=1.608 mk_back_right: dropout (1/2 cams)
t=1.612 mk_back_right: dropout (1/2 cams)
t=1.617 mk_back_right: dropout (1/2 cams)
t=1.621 mk_back_right: dropout (1/2 cams)
t=1.625 mk_back_right: dropout (1/2 cams)
t=1.629 mk_back_right: dropout (1/2 cams)
t=1.671 cam_oblique_w: ghost detection for mk_front_left
t=1.671 mk_front_left: rejected as fit outlier (residual 6.45 mm)
t=1.742 cam_oblique_w: ghost detection for mk_back_left
t=1.742 mk_back_left: rejected as fit outlier (residual 5.09 mm)
t=1.800 cam_oblique_w: ghost detection for mk_front_left
t=1.800 mk_front_left: rejected by temporal gate (jump 29.12 mm over 4.2 ms, limit 17.37 mm)
t=1.850 cam_oblique_w: ghost detection for mk_back_left
t=1.850 mk_back_left: rejected as fit outlier (residual 2.24 mm)
t=2.167 cam_oblique_w: ghost detection for mk_front_left
t=2.167 mk_front_left: rejected as fit outlier (residual 5.30 mm)
t=2.233 cam_oblique_w: ghost detection for mk_back_left
t=2.233 mk_back_left: rejected by temporal gate (jump 23.36 mm over 4.2 ms, limit 17.38 mm)
t=2.554 mk_back_left: dropout (1/2 cams)
t=2.558 mk_back_left: dropout (1/2 cams)
t=2.563 mk_back_left: dropout (1/2 cams)
t=2.567 mk_back_left: dropout (1/2 cams)
t=2.571 mk_back_left: dropout (1/2 cams)
t=2.575 mk_back_left: dropout (1/2 cams)
t=2.579 mk_back_left: dropout (1/2 cams)
t=2.583 mk_back_left: dropout (1/2 cams)
t=2.588 mk_back_left: dropout (1/2 cams)
t=2.592 mk_back_left: dropout (1/2 cams)
t=2.596 mk_back_left: dropout (1/2 cams)
t=2.600 mk_back_left: dropout (1/2 cams)
t=2.604 mk_back_left: dropout (1/2 cams)
t=2.608 mk_back_left: dropout (1/2 cams)
t=2.613 mk_back_left: dropout (1/2 cams)
t=2.617 mk_back_left: dropout (1/2 cams)
t=2.621 mk_back_left: dropout (1/2 cams)
t=2.625 mk_back_left: dropout (1/2 cams)
t=2.629 mk_back_left: dropout (1/2 cams)
t=2.633 mk_back_left: dropout (1/2 cams)
t=2.638 mk_back_left: dropout (1/2 cams)
t=2.642 mk_back_left: dropout (1/2 cams)
t=2.646 mk_back_left: dropout (1/2 cams)
t=3.017 mk_back_left: dropout (1/2 cams)
t=3.021 mk_back_left: dropout (1/2 cams)
t=3.025 mk_back_left: dropout (1/2 cams)
t=3.029 mk_back_left: dropout (1/2 cams)
t=3.033 mk_back_left: dropout (1/2 cams)
t=3.038 mk_back_left: dropout (1/2 cams)
t=3.042 cam_oblique_w: ghost detection for mk_back_left
t=3.042 mk_back_left: rejected as fit outlier (residual 5.88 mm)
t=3.046 mk_back_left: dropout (1/2 cams)
t=3.050 mk_back_left: dropout (1/2 cams)
t=3.054 mk_back_left: dropout (1/2 cams)
t=3.058 mk_back_left: dropout (1/2 cams)
t=3.063 mk_back_left: dropout (1/2 cams)
t=3.067 mk_back_left: dropout (1/2 cams)
t=3.071 mk_back_left: dropout (1/2 cams)
t=3.075 mk_back_left: dropout (1/2 cams)
t=3.079 mk_back_left: dropout (1/2 cams)
t=3.083 mk_back_left: dropout (1/2 cams)
t=3.088 mk_back_left: dropout (1/2 cams)
t=3.092 mk_back_left: dropout (1/2 cams)
t=3.096 mk_back_left: dropout (1/2 cams)
t=3.100 mk_back_left: dropout (1/2 cams)
t=3.104 mk_back_left: dropout (1/2 cams)
t=3.108 mk_back_left: dropout (1/2 cams)
t=3.113 mk_back_left: dropout (1/2 cams)
t=3.117 mk_back_left: dropout (1/2 cams)
t=3.121 mk_back_left: dropout (1/2 cams)
t=3.125 mk_back_left: dropout (1/2 cams)
t=3.129 mk_back_left: dropout (1/2 cams)
t=3.133 mk_back_left: dropout (1/2 cams)
t=3.138 mk_back_left: dropout (1/2 cams)
t=3.142 mk_back_left: dropout (1/2 cams)
t=3.146 mk_back_left: dropout (1/2 cams)
t=3.150 mk_back_left: dropout (1/2 cams)
t=3.154 mk_back_left: dropout (1/2 cams)
t=3.158 mk_back_left: dropout (1/2 cams)
t=3.163 mk_back_left: dropout (1/2 cams)
t=3.167 mk_back_left: dropout (1/2 cams)
t=3.171 mk_back_left: dropout (1/2 cams)
t=3.175 mk_back_left: dropout (1/2 cams)
t=3.179 mk_back_left: dropout (1/2 cams)
t=3.183 mk_back_left: dropout (1/2 cams)
t=3.188 mk_back_left: dropout (1/2 cams)
t=3.192 mk_back_left: dropout (1/2 cams)
t=3.196 mk_back_left: dropout (1/2 cams)
t=3.200 mk_back_left: dropout (1/2 cams)
t=3.204 mk_back_left: dropout (1/2 cams)
t=3.208 mk_back_left: dropout (1/2 cams)
t=3.213 mk_back_left: dropout (1/2 cams)
t=3.217 mk_back_left: dropout (1/2 cams)
t=3.221 mk_back_left: dropout (1/2 cams)
t=3.225 mk_back_left: dropout (1/2 cams)
t=3.229 mk_back_left: dropout (1/2 cams)
t=3.233 cam_overhead: ghost detection for mk_back_left
t=3.233 mk_back_left: rejected as fit outlier (residual 2.99 mm)
t=3.238 mk_back_left: dropout (1/2 cams)
t=3.242 mk_back_left: dropout (1/2 cams)
t=3.246 mk_back_left: dropout (1/2 cams)
t=3.250 mk_back_left: dropout (1/2 cams)
t=3.254 mk_back_left: dropout (1/2 cams)
t=3.258 mk_back_left: dropout (1/2 cams)
t=3.263 mk_back_left: dropout (1/2 cams)
t=3.267 mk_back_left: dropout (1/2 cams)
t=3.271 mk_back_left: dropout (1/2 cams)
t=3.275 mk_back_left: dropout (1/2 cams)
t=3.279 mk_back_left: dropout (1/2 cams)
t=3.283 mk_back_left: dropout (1/2 cams)
t=3.288 mk_back_left: dropout (1/2 cams)
t=3.292 mk_back_left: dropout (1/2 cams)
t=3.296 mk_back_left: dropout (1/2 cams)
t=3.300 mk_back_left: dropout (1/2 cams)
t=3.304 mk_back_left: dropout (1/2 cams)
t=3.308 mk_back_left: dropout (1/2 cams)
t=3.313 mk_back_left: dropout (1/2 cams)
t=3.317 mk_back_left: dropout (1/2 cams)
t=3.321 mk_back_left: dropout (1/2 cams)
t=3.325 mk_back_left: dropout (1/2 cams)
t=3.329 mk_back_left: dropout (1/2 cams)
t=3.333 mk_back_left: dropout (1/2 cams)
t=3.338 mk_back_left: dropout (1/2 cams)
t=3.342 mk_back_left: dropout (1/2 cams)
t=3.346 mk_back_left: dropout (1/2 cams)
t=3.350 mk_back_left: dropout (1/2 cams)
t=3.354 mk_back_left: dropout (1/2 cams)
t=3.358 mk_back_left: dropout (1/2 cams)
t=3.363 mk_back_left: dropout (1/2 cams)
t=3.367 mk_back_left: dropout (1/2 cams)
t=3.371 mk_back_left: dropout (1/2 cams)
t=3.375 mk_back_left: dropout (1/2 cams)
t=3.379 mk_back_left: dropout (1/2 cams)
t=3.383 mk_back_left: dropout (1/2 cams)
t=3.388 mk_back_left: dropout (1/2 cams)
t=3.392 mk_back_left: dropout (1/2 cams)
t=3.396 mk_back_left: dropout (1/2 cams)
t=3.400 mk_back_left: dropout (1/2 cams)
t=3.404 mk_back_left: dropout (1/2 cams)
t=3.408 mk_back_left: dropout (1/2 cams)
t=3.413 mk_back_left: dropout (1/2 cams)
t=3.417 mk_back_left: dropout (1/2 cams)
t=3.421 mk_back_left: dropout (1/2 cams)
t=3.425 cam_oblique_w: ghost detection for mk_back_left
t=3.425 mk_back_left: rejected as fit outlier (residual 8.47 mm)
t=3.429 mk_back_left: dropout (1/2 cams)
t=3.433 mk_back_left: dropout (1/2 cams)
t=3.438 mk_back_left: dropout (1/2 cams)
t=3.442 mk_back_left: dropout (1/2 cams)
t=3.446 mk_back_left: dropout (1/2 cams)
t=3.450 mk_back_left: dropout (1/2 cams)
t=3.454 mk_back_left: dropout (1/2 cams)
t=3.458 mk_back_left: dropout (1/2 cams)
t=3.463 mk_back_left: dropout (1/2 cams)
t=3.467 mk_back_left: dropout (1/2 cams)
t=3.471 mk_back_left: dropout (1/2 cams)
t=3.475 mk_back_left: dropout (1/2 cams)
t=3.479 mk_back_left: dropout (1/2 cams)
t=3.483 mk_back_left: dropout (1/2 cams)
t=3.488 mk_back_left: dropout (1/2 cams)
t=3.492 mk_back_left: dropout (1/2 cams)
t=3.496 mk_back_left: dropout (1/2 cams)
t=3.500 mk_back_left: dropout (1/2 cams)
t=3.504 mk_back_left: dropout (1/2 cams)
t=3.508 mk_back_left: dropout (1/2 cams)
t=3.513 mk_back_left: dropout (1/2 cams)
t=3.517 mk_back_left: dropout (1/2 cams)
t=3.521 mk_back_left: dropout (1/2 cams)
t=3.525 mk_back_left: dropout (1/2 cams)
t=3.529 mk_back_left: dropout (1/2 cams)
t=3.533 mk_back_left: dropout (1/2 cams)
t=3.538 mk_back_left: dropout (1/2 cams)
t=3.542 mk_back_left: dropout (1/2 cams)
t=3.546 mk_back_left: dropout (1/2 cams)
t=3.550 mk_back_left: dropout (1/2 cams)
t=3.554 mk_back_left: dropout (1/2 cams)
t=3.558 mk_back_left: dropout (1/2 cams)
t=3.563 mk_back_left: dropout (1/2 cams)
t=3.567 mk_back_left: dropout (1/2 cams)
t=3.571 mk_back_left: dropout (1/2 cams)
t=3.575 mk_back_left: dropout (1/2 cams)
t=3.579 mk_back_left: dropout (1/2 cams)
t=3.583 mk_back_left: dropout (1/2 cams)
t=3.588 mk_back_left: dropout (1/2 cams)
t=3.592 cam_oblique_w: ghost detection for mk_back_left
t=3.592 mk_back_left: rejected as fit outlier (residual 15.25 mm)
t=3.596 mk_back_left: dropout (1/2 cams)
t=3.600 mk_back_left: dropout (1/2 cams)
t=3.604 mk_back_left: dropout (1/2 cams)
t=3.608 mk_back_left: dropout (1/2 cams)
t=3.613 mk_back_left: dropout (1/2 cams)
t=3.617 mk_back_left: dropout (1/2 cams)
t=3.621 mk_back_left: dropout (1/2 cams)
t=3.625 mk_back_left: dropout (1/2 cams)
t=3.629 mk_back_left: dropout (1/2 cams)
t=3.633 mk_back_left: dropout (1/2 cams)
t=3.638 mk_back_left: dropout (1/2 cams)
t=3.642 mk_back_left: dropout (1/2 cams)
t=3.646 mk_back_left: dropout (1/2 cams)
t=3.650 mk_back_left: dropout (1/2 cams)
t=3.654 mk_back_left: dropout (1/2 cams)
t=3.658 mk_back_left: dropout (1/2 cams)
t=3.663 mk_back_left: dropout (1/2 cams)
t=3.667 mk_back_left: dropout (1/2 cams)
t=3.671 mk_back_left: dropout (1/2 cams)
t=3.675 mk_back_left: dropout (1/2 cams)
t=3.679 mk_back_left: dropout (1/2 cams)
t=3.683 mk_back_left: dropout (1/2 cams)
t=3.688 mk_back_left: dropout (1/2 cams)
t=3.692 mk_back_left: dropout (1/2 cams)
t=3.696 mk_back_left: dropout (1/2 cams)
t=3.700 mk_back_left: dropout (1/2 cams)
t=3.704 mk_back_left: dropout (1/2 cams)
t=3.708 mk_back_left: dropout (1/2 cams)
t=3.713 mk_back_left: dropout (1/2 cams)
t=3.717 mk_back_left: dropout (1/2 cams)
t=3.721 mk_back_left: dropout (1/2 cams)
t=3.725 mk_back_left: dropout (1/2 cams)
t=3.729 mk_back_left: dropout (1/2 cams)
t=3.733 mk_back_left: dropout (1/2 cams)
t=3.738 mk_back_left: dropout (1/2 cams)
t=3.742 mk_back_left: dropout (1/2 cams)
t=3.746 mk_back_left: dropout (1/2 cams)
t=3.750 mk_back_left: dropout (1/2 cams)
t=3.754 mk_back_left: dropout (1/2 cams)
t=3.758 mk_back_left: dropout (1/2 cams)
t=3.763 mk_back_left: dropout (1/2 cams)
t=3.767 mk_back_left: dropout (1/2 cams)
t=3.771 mk_back_left: dropout (1/2 cams)
t=3.775 mk_back_left: dropout (1/2 cams)
t=3.779 mk_back_left: dropout (1/2 cams)
t=3.783 mk_back_left: dropout (1/2 cams)
t=3.788 mk_back_left: dropout (1/2 cams)
t=3.792 mk_back_left: dropout (1/2 cams)
t=3.796 mk_back_left: dropout (1/2 cams)
t=3.800 mk_back_left: dropout (1/2 cams)
t=3.804 mk_back_left: dropout (1/2 cams)
t=3.808 mk_back_left: dropout (1/2 cams)
t=3.813 mk_back_left: dropout (1/2 cams)
t=3.817 mk_back_left: dropout (1/2 cams)
t=3.821 mk_back_left: dropout (1/2 cams)
t=3.825 mk_back_left: dropout (1/2 cams)
t=3.829 mk_back_left: dropout (1/2 cams)
t=3.833 mk_back_left: dropout (1/2 cams)
t=3.838 mk_back_left: dropout (1/2 cams)
t=3.842 mk_back_left: dropout (1/2 cams)
t=3.846 mk_back_left: dropout (1/2 cams)
t=3.850 mk_back_left: dropout (1/2 cams)
t=3.854 mk_back_left: dropout (1/2 cams)
t=3.858 mk_back_left: dropout (1/2 cams)
t=3.863 mk_back_left: dropout (1/2 cams)
t=3.867 mk_back_left: dropout (1/2 cams)
t=3.871 mk_back_left: dropout (1/2 cams)
t=3.875 mk_back_left: dropout (1/2 cams)
t=3.879 mk_back_left: dropout (1/2 cams)
t=3.883 mk_back_left: dropout (1/2 cams)
t=3.888 mk_back_left: dropout (1/2 cams)
t=3.892 mk_back_left: dropout (1/2 cams)
t=3.896 mk_back_left: dropout (1/2 cams)
t=3.900 mk_back_left: dropout (1/2 cams)
t=3.904 mk_back_left: dropout (1/2 cams)
t=3.908 mk_back_left: dropout (1/2 cams)
t=3.913 mk_back_left: dropout (1/2 cams)
t=3.917 mk_back_left: dropout (1/2 cams)
t=3.921 mk_back_left: dropout (1/2 cams)
t=3.925 mk_back_left: dropout (1/2 cams)
t=3.929 mk_back_left: dropout (1/2 cams)
t=3.933 mk_back_left: dropout (1/2 cams)
t=3.938 mk_back_left: dropout (1/2 cams)
t=3.942 mk_back_left: dropout (1/2 cams)
t=3.946 mk_back_left: dropout (1/2 cams)
t=3.950 mk_back_left: dropout (1/2 cams)
t=3.954 mk_back_left: dropout (1/2 cams)
t=3.958 mk_back_left: dropout (1/2 cams)
t=3.963 mk_back_left: dropout (1/2 cams)
t=3.967 mk_back_left: dropout (1/2 cams)
t=3.971 mk_back_left: dropout (1/2 cams)
t=3.975 mk_back_left: dropout (1/2 cams)
t=3.979 mk_back_left: dropout (1/2 cams)
t=3.983 mk_back_left: dropout (1/2 cams)
t=3.988 mk_back_left: dropout (1/2 cams)
t=3.992 mk_back_left: dropout (1/2 cams)
t=3.996 mk_back_left: dropout (1/2 cams)
t=4.000 mk_back_left: dropout (1/2 cams)
t=4.004 mk_back_left: dropout (1/2 cams)
t=4.008 mk_back_left: dropout (1/2 cams)
t=4.013 cam_oblique_w: ghost detection for mk_back_left
t=4.013 mk_back_left: rejected as fit outlier (residual 7.12 mm)
t=4.017 mk_back_left: dropout (1/2 cams)
t=4.021 mk_back_left: dropout (1/2 cams)
t=4.025 mk_back_left: dropout (1/2 cams)
t=4.029 mk_back_left: dropout (1/2 cams)
t=4.033 mk_back_left: dropout (1/2 cams)
t=4.038 mk_back_left: dropout (1/2 cams)
t=4.042 mk_back_left: dropout (1/2 cams)
t=4.046 mk_back_left: dropout (1/2 cams)
t=4.050 mk_back_left: dropout (1/2 cams)
t=4.054 mk_back_left: dropout (1/2 cams)
t=4.058 cam_overhead: ghost detection for mk_back_left
t=4.058 mk_back_left: rejected as fit outlier (residual 2.64 mm)
t=4.063 mk_back_left: dropout (1/2 cams)
t=4.067 mk_back_left: dropout (1/2 cams)
t=4.071 mk_back_left: dropout (1/2 cams)
t=4.075 mk_back_left: dropout (1/2 cams)
t=4.079 mk_back_left: dropout (1/2 cams)
t=4.083 mk_back_left: dropout (1/2 cams)
t=4.088 mk_back_left: dropout (1/2 cams)
t=4.092 mk_back_left: dropout (1/2 cams)
t=4.096 mk_back_left: dropout (1/2 cams)
t=4.100 mk_back_left: dropout (1/2 cams)
t=4.104 mk_back_left: dropout (1/2 cams)
t=4.108 mk_back_left: dropout (1/2 cams)
t=4.113 mk_back_left: dropout (1/2 cams)
t=4.117 mk_back_left: dropout (1/2 cams)
t=4.121 mk_back_left: dropout (1/2 cams)
t=4.125 mk_back_left: dropout (1/2 cams)
t=4.129 mk_back_left: dropout (1/2 cams)
t=4.133 mk_back_left: dropout (1/2 cams)
t=4.138 mk_back_left: dropout (1/2 cams)
t=4.142 mk_back_left: dropout (1/2 cams)
t=4.146 mk_back_left: dropout (1/2 cams)
t=4.150 mk_back_left: dropout (1/2 cams)
t=4.154 mk_back_left: dropout (1/2 cams)
t=4.158 cam_oblique_w: ghost detection for mk_back_left
t=4.158 mk_back_left: rejected as fit outlier (residual 8.35 mm)
t=4.163 mk_back_left: dropout (1/2 cams)
t=4.167 mk_back_left: dropout (1/2 cams)
t=4.171 mk_back_left: dropout (1/2 cams)
t=4.175 mk_back_left: dropout (1/2 cams)
t=4.179 mk_back_left: dropout (1/2 cams)
t=4.183 mk_back_left: dropout (1/2 cams)
t=4.188 mk_back_left: dropout (1/2 cams)
t=4.192 mk_back_left: dropout (1/2 cams)
t=4.196 mk_back_left: dropout (1/2 cams)
t=4.200 mk_back_left: dropout (1/2 cams)
t=4.204 mk_back_left: dropout (1/2 cams)
t=4.208 mk_back_left: dropout (1/2 cams)
t=4.213 mk_back_left: dropout (1/2 cams)
t=4.217 mk_back_left: dropout (1/2 cams)
t=4.221 mk_back_left: dropout (1/2 cams)
t=4.225 mk_back_left: dropout (1/2 cams)
t=4.229 mk_back_left: dropout (1/2 cams)
t=4.233 mk_back_left: dropout (1/2 cams)
t=4.238 mk_back_left: dropout (1/2 cams)
t=4.242 mk_back_left: dropout (1/2 cams)
t=4.246 mk_back_left: dropout (1/2 cams)
t=4.250 mk_back_left: dropout (1/2 cams)
t=4.254 mk_back_left: dropout (1/2 cams)
t=4.258 mk_back_left: dropout (1/2 cams)
t=4.263 mk_back_left: dropout (1/2 cams)
t=4.267 mk_back_left: dropout (1/2 cams)
t=4.271 mk_back_left: dropout (1/2 cams)
t=4.275 mk_back_left: dropout (1/2 cams)
t=4.279 mk_back_left: dropout (1/2 cams)
t=4.283 mk_back_left: dropout (1/2 cams)
t=4.288 mk_back_left: dropout (1/2 cams)
t=4.292 mk_back_left: dropout (1/2 cams)
t=4.296 mk_back_left: dropout (1/2 cams)
t=4.300 cam_oblique_w: ghost detection for mk_back_left
t=4.300 mk_back_left: rejected as fit outlier (residual 17.21 mm)
t=4.304 mk_back_left: dropout (1/2 cams)
t=4.308 mk_back_left: dropout (1/2 cams)
t=4.313 mk_back_left: dropout (1/2 cams)
t=4.317 mk_back_left: dropout (1/2 cams)
t=4.321 mk_back_left: dropout (1/2 cams)
t=4.325 mk_back_left: dropout (1/2 cams)
t=4.329 mk_back_left: dropout (1/2 cams)
t=4.333 mk_back_left: dropout (1/2 cams)
t=4.338 mk_back_left: dropout (1/2 cams)
t=4.342 mk_back_left: dropout (1/2 cams)
t=4.346 mk_back_left: dropout (1/2 cams)
t=4.350 mk_back_left: dropout (1/2 cams)
t=4.354 mk_back_left: dropout (1/2 cams)
t=4.358 mk_back_left: dropout (1/2 cams)
t=4.363 mk_back_left: dropout (1/2 cams)
t=4.367 mk_back_left: dropout (1/2 cams)
t=4.371 mk_back_left: dropout (1/2 cams)
t=4.375 mk_back_left: dropout (1/2 cams)
t=4.379 mk_back_left: dropout (1/2 cams)
t=4.383 mk_back_left: dropout (1/2 cams)
t=4.388 mk_back_left: dropout (1/2 cams)
t=4.392 mk_back_left: dropout (1/2 cams)
t=4.396 mk_back_left: dropout (1/2 cams)
t=4.400 mk_back_left: dropout (1/2 cams)
t=4.404 cam_overhead: ghost detection for mk_back_left
t=4.404 mk_back_left: rejected as fit outlier (residual 4.13 mm)
t=4.408 mk_back_left: dropout (1/2 cams)
t=4.413 mk_back_left: dropout (1/2 cams)
t=4.417 mk_back_left: dropout (1/2 cams)
t=4.421 cam_oblique_w: ghost detection for mk_back_left
t=4.421 mk_back_left: rejected as fit outlier (residual 9.41 mm)
t=4.425 mk_back_left: dropout (1/2 cams)
t=4.429 mk_back_left: dropout (1/2 cams)
t=4.433 mk_back_left: dropout (1/2 cams)
t=4.438 mk_back_left: dropout (1/2 cams)
t=4.442 mk_back_left: dropout (1/2 cams)
t=4.446 mk_back_left: dropout (1/2 cams)
t=4.450 mk_back_left: dropout (1/2 cams)
t=4.454 mk_back_left: dropout (1/2 cams)
t=4.458 mk_back_left: dropout (1/2 cams)
t=4.463 mk_back_left: dropout (1/2 cams)
t=4.467 mk_back_left: dropout (1/2 cams)
t=4.471 mk_back_left: dropout (1/2 cams)
t=4.475 mk_back_left: dropout (1/2 cams)
t=4.479 mk_back_left: dropout (1/2 cams)
t=4.483 mk_back_left: dropout (1/2 cams)
t=4.488 mk_back_left: dropout (1/2 cams)
t=4.492 mk_back_left: dropout (1/2 cams)
t=4.496 mk_back_left: dropout (1/2 cams)
t=4.500 mk_back_left: dropout (1/2 cams)
t=4.504 mk_back_left: dropout (1/2 cams)
t=4.508 mk_back_left: dropout (1/2 cams)
t=4.513 mk_back_left: dropout (1/2 cams)
t=4.517 mk_back_left: dropout (1/2 cams)
t=4.521 mk_back_left: dropout (1/2 cams)
t=4.525 mk_back_left: dropout (1/2 cams)
t=4.529 mk_back_left: dropout (1/2 cams)
t=4.533 mk_back_left: dropout (1/2 cams)
t=4.538 mk_back_left: dropout (1/2 cams)
t=4.542 mk_back_left: dropout (1/2 cams)
t=4.546 mk_back_left: dropout (1/2 cams)
t=4.550 mk_back_left: dropout (1/2 cams)
t=4.554 mk_back_left: dropout (1/2 cams)
t=4.558 mk_back_left: dropout (1/2 cams)
t=4.563 mk_back_left: dropout (1/2 cams)
t=4.567 mk_back_left: dropout (1/2 cams)
t=4.571 mk_back_left: dropout (1/2 cams)
t=4.575 mk_back_left: dropout (1/2 cams)
t=4.579 mk_back_left: dropout (1/2 cams)
t=4.583 mk_back_left: dropout (1/2 cams)
t=4.588 mk_back_left: dropout (1/2 cams)
t=4.592 mk_back_left: dropout (1/2 cams)
t=4.596 mk_back_left: dropout (1/2 cams)
t=4.600 mk_back_left: dropout (1/2 cams)
t=4.604 mk_back_left: dropout (1/2 cams)
t=4.608 mk_back_left: dropout (1/2 cams)
t=4.613 mk_back_left: dropout (1/2 cams)
t=4.617 mk_back_left: dropout (1/2 cams)
t=4.621 mk_back_left: dropout (1/2 cams)
t=4.625 mk_back_left: dropout (1/2 cams)
t=4.629 mk_back_left: dropout (1/2 cams)
t=4.633 mk_back_left: dropout (1/2 cams)
t=4.638 mk_back_left: dropout (1/2 cams)
t=4.642 mk_back_left: dropout (1/2 cams)
t=4.646 mk_back_left: dropout (1/2 cams)
t=4.650 mk_back_left: dropout (1/2 cams)
t=4.654 mk_back_left: dropout (1/2 cams)
t=4.658 mk_back_left: dropout (1/2 cams)
t=4.663 mk_back_left: dropout (1/2 cams)
t=4.667 mk_back_left: dropout (1/2 cams)
t=4.671 mk_back_left: dropout (1/2 cams)
t=4.675 mk_back_left: dropout (1/2 cams)
t=4.679 mk_back_left: dropout (1/2 cams)
t=4.683 mk_back_left: dropout (1/2 cams)
t=4.688 mk_back_left: dropout (1/2 cams)
t=4.692 mk_back_left: dropout (1/2 cams)
t=4.696 mk_back_left: dropout (1/2 cams)
t=4.700 mk_back_left: dropout (1/2 cams)
t=4.704 mk_back_left: dropout (1/2 cams)
t=4.708 mk_back_left: dropout (1/2 cams)
t=4.713 mk_back_left: dropout (1/2 cams)
t=4.717 mk_back_left: dropout (1/2 cams)
t=4.721 mk_back_left: dropout (1/2 cams)
t=4.725 mk_back_left: dropout (1/2 cams)
t=4.729 mk_back_left: dropout (1/2 cams)
t=4.733 mk_back_left: dropout (1/2 cams)
t=4.738 mk_back_left: dropout (1/2 cams)
t=4.742 mk_back_left: dropout (1/2 cams)
t=4.746 mk_back_left: dropout (1/2 cams)
t=4.750 mk_back_left: dropout (1/2 cams)
t=4.754 mk_back_left: dropout (1/2 cams)
t=4.758 mk_back_left: dropout (1/2 cams)
t=4.763 mk_back_left: dropout (1/2 cams)
t=4.767 mk_back_left: dropout (1/2 cams)
t=4.771 mk_back_left: dropout (1/2 cams)
t=4.775 mk_back_left: dropout (1/2 cams)
t=4.779 mk_back_left: dropout (1/2 cams)
t=4.783 mk_back_left: dropout (1/2 cams)
t=4.788 mk_back_left: dropout (1/2 cams)
t=4.792 mk_back_left: dropout (1/2 cams)
t=4.796 mk_back_left: dropout (1/2 cams)
t=4.800 mk_back_left: dropout (1/2 cams)
t=4.804 mk_back_left: dropout (1/2 cams)
t=4.808 mk_back_left: dropout (1/2 cams)
t=4.813 mk_back_left: dropout (1/2 cams)
t=4.817 mk_back_left: dropout (1/2 cams)
t=4.821 mk_back_left: dropout (1/2 cams)
t=4.825 mk_back_left: dropout (1/2 cams)
t=4.829 mk_back_left: dropout (1/2 cams)
t=4.833 mk_back_left: dropout (1/2 cams)
t=4.838 mk_back_left: dropout (1/2 cams)
t=4.842 mk_back_left: dropout (1/2 cams)
t=4.846 mk_back_left: dropout (1/2 cams)
t=4.850 cam_overhead: ghost detection for mk_back_left
t=4.850 mk_back_left: rejected as fit outlier (residual 6.58 mm)
t=4.854 mk_back_left: dropout (1/2 cams)
t=4.858 mk_back_left: dropout (1/2 cams)
t=4.863 mk_back_left: dropout (1/2 cams)
t=4.867 mk_back_left: dropout (1/2 cams)
t=4.871 mk_back_left: dropout (1/2 cams)
t=4.875 mk_back_left: dropout (1/2 cams)
t=4.879 mk_back_left: dropout (1/2 cams)
t=4.883 mk_back_left: dropout (1/2 cams)
t=4.888 mk_back_left: dropout (1/2 cams)
t=4.892 mk_back_left: dropout (1/2 cams)
t=4.896 mk_back_left: dropout (1/2 cams)
t=4.900 mk_back_left: dropout (1/2 cams)
t=4.904 mk_back_left: dropout (1/2 cams)
t=4.908 mk_back_left: dropout (1/2 cams)
t=4.913 mk_back_left: dropout (1/2 cams)
t=4.917 mk_back_left: dropout (1/2 cams)
t=4.921 mk_back_left: dropout (1/2 cams)
t=4.925 mk_back_left: dropout (1/2 cams)
t=4.929 mk_back_left: dropout (1/2 cams)
t=4.933 mk_back_left: dropout (1/2 cams)
t=4.938 mk_back_left: dropout (1/2 cams)
t=4.942 mk_back_left: dropout (1/2 cams)
t=4.946 mk_back_left: dropout (1/2 cams)
t=4.950 mk_back_left: dropout (1/2 cams)
t=4.954 mk_back_left: dropout (1/2 cams)
t=4.958 mk_back_left: dropout (1/2 cams)
t=4.963 mk_back_left: dropout (1/2 cams)
t=4.967 mk_back_left: dropout (1/2 cams)
t=4.971 cam_oblique_w: ghost detection for mk_back_left
t=4.971 mk_back_left: rejected as fit outlier (residual 6.43 mm)
t=4.975 mk_back_left: dropout (1/2 cams)
t=4.979 mk_back_left: dropout (1/2 cams)
t=4.983 mk_back_left: dropout (1/2 cams)
t=4.988 mk_back_left: dropout (1/2 cams)
t=4.992 mk_back_left: dropout (1/2 cams)
t=4.996 mk_back_left: dropout (1/2 cams)
t=5.000 mk_back_left: dropout (1/2 cams)
t=5.004 mk_back_left: dropout (1/2 cams)
t=5.008 mk_back_left: dropout (1/2 cams)
t=5.013 mk_back_left: dropout (1/2 cams)
t=5.017 mk_back_left: dropout (1/2 cams)
t=5.021 mk_back_left: dropout (1/2 cams)
t=5.025 mk_back_left: dropout (1/2 cams)
t=5.029 mk_back_left: dropout (1/2 cams)
t=5.033 mk_back_left: dropout (1/2 cams)
t=5.038 mk_back_left: dropout (1/2 cams)
t=5.042 mk_back_left: dropout (1/2 cams)
t=5.046 mk_back_left: dropout (1/2 cams)
t=5.050 mk_back_left: dropout (1/2 cams)
t=5.054 mk_back_left: dropout (1/2 cams)
t=5.058 mk_back_left: dropout (1/2 cams)
t=5.063 mk_back_left: dropout (1/2 cams)
t=5.067 mk_back_left: dropout (1/2 cams)
t=5.071 mk_back_left: dropout (1/2 cams)
t=5.075 mk_back_left: dropout (1/2 cams)
t=5.079 mk_back_left: dropout (1/2 cams)
t=5.083 mk_back_left: dropout (1/2 cams)
t=5.088 mk_back_left: dropout (1/2 cams)
t=5.092 mk_back_left: dropout (1/2 cams)
t=5.096 mk_back_left: dropout (1/2 cams)
t=5.100 mk_back_left: dropout (1/2 cams)
t=5.104 mk_back_left: dropout (1/2 cams)
t=5.108 mk_back_left: dropout (1/2 cams)
t=5.113 mk_back_left: dropout (1/2 cams)
t=5.117 mk_back_left: dropout (1/2 cams)
t=5.121 mk_back_left: dropout (1/2 cams)
t=5.125 mk_back_left: dropout (1/2 cams)
t=5.129 mk_back_left: dropout (1/2 cams)
t=5.133 mk_back_left: dropout (1/2 cams)
t=5.138 mk_back_left: dropout (1/2 cams)
t=5.142 mk_back_left: dropout (1/2 cams)
t=5.146 mk_back_left: dropout (1/2 cams)
t=5.150 mk_back_left: dropout (1/2 cams)
t=5.154 mk_back_left: dropout (1/2 cams)
t=5.158 cam_oblique_w: ghost detection for mk_back_left
t=5.158 mk_back_left: rejected as fit outlier (residual 9.99 mm)
t=5.163 mk_back_left: dropout (1/2 cams)
t=5.167 mk_back_left: dropout (1/2 cams)
t=5.171 mk_back_left: dropout (1/2 cams)
t=5.175 mk_back_left: dropout (1/2 cams)
t=5.179 mk_back_left: dropout (1/2 cams)
t=5.183 mk_back_left: dropout (1/2 cams)
t=5.188 mk_back_left: dropout (1/2 cams)
t=5.192 mk_back_left: dropout (1/2 cams)
t=5.196 mk_back_left: dropout (1/2 cams)
t=5.200 mk_back_left: dropout (1/2 cams)
t=5.204 mk_back_left: dropout (1/2 cams)
t=5.208 mk_back_left: dropout (1/2 cams)
t=5.213 mk_back_left: dropout (1/2 cams)
t=5.217 mk_back_left: dropout (1/2 cams)
t=5.221 mk_back_left: dropout (1/2 cams)
t=5.225 mk_back_left: dropout (1/2 cams)
t=5.229 mk_back_left: dropout (1/2 cams)
t=5.233 mk_back_left: dropout (1/2 cams)
t=5.238 mk_back_left: dropout (1/2 cams)
t=5.242 mk_back_left: dropout (1/2 cams)
t=5.246 mk_back_left: dropout (1/2 cams)
t=5.250 mk_back_left: dropout (1/2 cams)
t=5.254 mk_back_left: dropout (1/2 cams)
t=5.258 mk_back_left: dropout (1/2 cams)
t=5.263 mk_back_left: dropout (1/2 cams)
t=5.267 mk_back_left: dropout (1/2 cams)
t=5.271 mk_back_left: dropout (1/2 cams)
t=5.275 mk_back_left: dropout (1/2 cams)
t=5.279 mk_back_left: dropout (1/2 cams)
t=5.283 mk_back_left: dropout (1/2 cams)
t=5.288 mk_back_left: dropout (1/2 cams)
t=5.292 mk_back_left: dropout (1/2 cams)
t=5.450 cam_oblique_w: ghost detection for mk_back_left
t=5.450 mk_back_left: rejected as fit outlier (residual 5.77 mm)
t=5.617 mk_back_left: dropout (1/2 cams)
t=5.621 mk_back_left: dropout (1/2 cams)
t=5.625 mk_back_left: dropout (1/2 cams)
t=5.629 mk_back_left: dropout (1/2 cams)
t=5.633 mk_back_left: dropout (1/2 cams)
t=5.638 mk_back_left: dropout (1/2 cams)
t=5.642 mk_back_left: dropout (1/2 cams)
t=5.646 mk_back_left: dropout (1/2 cams)
t=5.650 mk_back_left: dropout (1/2 cams)
t=5.654 mk_back_left: dropout (1/2 cams)
t=5.658 mk_back_left: dropout (1/2 cams)
t=5.662 mk_back_left: dropout (1/2 cams)
t=5.667 mk_back_left: dropout (1/2 cams)
t=5.671 mk_back_left: dropout (1/2 cams)
t=5.675 mk_back_left: dropout (1/2 cams)
t=5.679 mk_back_left: dropout (1/2 cams)
t=5.683 mk_back_left: dropout (1/2 cams)
t=5.687 mk_back_left: dropout (1/2 cams)
t=5.692 mk_back_left: dropout (1/2 cams)
t=5.696 mk_back_left: dropout (1/2 cams)
t=5.700 mk_back_left: dropout (1/2 cams)
t=5.704 mk_back_left: dropout (1/2 cams)
t=5.708 mk_back_left: dropout (1/2 cams)
t=5.712 mk_back_left: dropout (1/2 cams)
t=5.717 mk_back_left: dropout (1/2 cams)
t=5.721 mk_back_left: dropout (1/2 cams)
t=5.725 mk_back_left: dropout (1/2 cams)
t=5.729 mk_back_left: dropout (1/2 cams)
t=5.733 mk_back_left: dropout (1/2 cams)
t=5.737 mk_back_left: dropout (1/2 cams)
t=5.742 mk_back_left: dropout (1/2 cams)
t=5.746 mk_back_left: dropout (1/2 cams)
t=5.750 mk_back_left: dropout (1/2 cams)
t=5.754 mk_back_left: dropout (1/2 cams)
t=5.758 mk_back_left: dropout (1/2 cams)
t=5.762 mk_back_left: dropout (1/2 cams)
t=5.767 mk_back_left: dropout (1/2 cams)
t=5.771 mk_back_left: dropout (1/2 cams)
t=5.775 mk_back_left: dropout (1/2 cams)
t=5.779 mk_back_left: dropout (1/2 cams)
t=5.783 mk_back_left: dropout (1/2 cams)
t=5.787 mk_back_left: dropout (1/2 cams)
t=5.792 mk_back_left: dropout (1/2 cams)
t=5.796 cam_oblique_e: ghost detection for mk_back_right
t=5.796 mk_back_left: dropout (1/2 cams)
t=5.800 mk_back_left: dropout (1/2 cams)
t=5.804 mk_back_left: dropout (1/2 cams)
t=5.808 mk_back_left: dropout (1/2 cams)
t=5.812 mk_back_left: dropout (1/2 cams)
t=5.817 mk_back_left: dropout (1/2 cams)
t=5.821 mk_back_left: dropout (1/2 cams)
t=5.825 mk_back_left: dropout (1/2 cams)
t=5.829 mk_back_left: dropout (1/2 cams)
t=5.833 mk_back_left: dropout (1/2 cams)
t=5.837 mk_back_left: dropout (1/2 cams)
t=5.842 mk_back_left: dropout (1/2 cams)
t=5.846 mk_back_left: dropout (1/2 cams)
t=5.850 mk_back_left: dropout (1/2 cams)
t=5.854 mk_back_left: dropout (1/2 cams)
t=5.858 mk_back_left: dropout (1/2 cams)
t=5.862 mk_back_left: dropout (1/2 cams)
t=5.867 mk_back_left: dropout (1/2 cams)
t=5.871 mk_back_left: dropout (1/2 cams)
t=5.875 mk_back_left: dropout (1/2 cams)
t=5.879 mk_back_left: dropout (1/2 cams)
t=5.883 mk_back_left: dropout (1/2 cams)
t=5.887 mk_back_left: dropout (1/2 cams)
t=5.892 mk_back_left: dropout (1/2 cams)
t=5.896 mk_back_left: dropout (1/2 cams)
t=5.900 cam_oblique_w: ghost detection for mk_front_left
t=5.900 mk_back_left: dropout (1/2 cams)
t=5.904 mk_back_left: dropout (1/2 cams)
t=5.908 cam_oblique_e: ghost detection for mk_back_right
t=5.908 mk_back_left: dropout (1/2 cams)
t=5.912 mk_back_left: dropout (1/2 cams)
t=5.917 mk_back_left: dropout (1/2 cams)
t=5.921 mk_back_left: dropout (1/2 cams)
t=5.925 mk_back_left: dropout (1/2 cams)
t=5.929 mk_back_left: dropout (1/2 cams)
t=5.933 mk_back_left: dropout (1/2 cams)
t=5.937 mk_back_left: dropout (1/2 cams)
t=5.942 mk_back_left: dropout (1/2 cams)
t=5.946 mk_back_left: dropout (1/2 cams)
t=5.950 mk_back_left: dropout (1/2 cams)
t=5.954 mk_back_left: dropout (1/2 cams)
t=5.958 mk_back_left: dropout (1/2 cams)
t=5.962 mk_back_left: dropout (1/2 cams)
t=5.967 mk_back_left: dropout (1/2 cams)
t=5.971 mk_back_left: dropout (1/2 cams)
t=5.975 mk_back_left: dropout (1/2 cams)
t=5.979 mk_back_left: dropout (1/2 cams)
t=5.983 mk_back_left: dropout (1/2 cams)
t=5.987 mk_back_left: dropout (1/2 cams)
t=5.992 mk_back_left: dropout (1/2 cams)
t=5.996 mk_back_left: dropout (1/2 cams)
t=6.000 mk_back_left: dropout (1/2 cams)
t=6.004 mk_back_left: dropout (1/2 cams)
t=6.008 mk_back_left: dropout (1/2 cams)
t=6.012 mk_back_left: dropout (1/2 cams)
t=6.017 mk_back_left: dropout (1/2 cams)
t=6.021 mk_back_left: dropout (1/2 cams)
t=6.025 mk_back_left: dropout (1/2 cams)
t=6.029 mk_back_left: dropout (1/2 cams)
t=6.033 mk_back_left: dropout (1/2 cams)
t=6.037 mk_back_left: dropout (1/2 cams)
t=6.042 mk_back_left: dropout (1/2 cams)
t=6.046 mk_back_left: dropout (1/2 cams)
t=6.050 mk_back_left: dropout (1/2 cams)
t=6.054 mk_back_left: dropout (1/2 cams)
t=6.058 mk_back_left: dropout (1/2 cams)
t=6.062 mk_back_left: dropout (1/2 cams)
t=6.067 mk_back_left: dropout (1/2 cams)
t=6.071 mk_back_left: dropout (1/2 cams)
t=6.075 mk_back_left: dropout (1/2 cams)
t=6.079 mk_back_left: dropout (1/2 cams)
t=6.133 cam_oblique_w: ghost detection for mk_back_left
t=6.133 mk_back_left: rejected as fit outlier (residual 9.70 mm)
t=6.137 mk_back_left: rejected by temporal gate (jump 17.46 mm over 4.2 ms, limit 17.37 mm)
t=6.271 cam_oblique_w: ghost detection for mk_front_left
t=6.317 mk_back_right: dropout (1/2 cams)
t=6.321 mk_back_right: dropout (1/2 cams)
t=6.325 mk_back_right: dropout (1/2 cams)
t=6.329 mk_back_right: dropout (1/2 cams)
t=6.333 mk_back_right: dropout (1/2 cams)
t=6.337 mk_back_right: dropout (1/2 cams)
t=6.342 mk_back_right: dropout (1/2 cams)
t=6.346 mk_back_right: dropout (1/2 cams)
t=6.350 mk_back_right: dropout (1/2 cams)
t=6.354 mk_back_right: dropout (1/2 cams)
t=6.358 mk_back_right: dropout (1/2 cams)
t=6.362 mk_back_right: dropout (1/2 cams)
t=6.367 mk_back_right: dropout (1/2 cams)
t=6.371 mk_back_right: dropout (1/2 cams)
t=6.375 mk_back_right: dropout (1/2 cams)
t=6.379 mk_back_right: dropout (1/2 cams)
t=6.383 mk_back_right: dropout (1/2 cams)
t=6.387 mk_back_right: dropout (1/2 cams)
t=6.392 mk_back_right: dropout (1/2 cams)
t=6.396 mk_back_right: dropout (1/2 cams)
t=6.400 mk_back_right: dropout (1/2 cams)
t=6.404 mk_back_right: dropout (1/2 cams)
t=6.408 mk_back_right: dropout (1/2 cams)
t=6.412 mk_back_right: dropout (1/2 cams)
t=6.417 mk_back_right: dropout (1/2 cams)
t=6.421 mk_back_right: dropout (1/2 cams)
t=6.425 mk_back_right: dropout (1/2 cams)
t=6.429 mk_back_right: dropout (1/2 cams)
t=6.433 mk_back_right: dropout (1/2 cams)
t=6.437 mk_back_right: dropout (1/2 cams)
t=6.442 mk_back_right: dropout (1/2 cams)
t=6.446 mk_back_right: dropout (1/2 cams)
t=6.450 mk_back_right: dropout (1/2 cams)
t=6.454 mk_back_right: dropout (1/2 cams)
t=6.458 mk_back_right: dropout (1/2 cams)
t=6.462 mk_back_right: dropout (1/2 cams)
t=6.467 mk_back_right: dropout (1/2 cams)
t=6.471 mk_back_right: dropout (1/2 cams)
t=6.475 mk_back_right: dropout (1/2 cams)
t=6.479 mk_back_right: dropout (1/2 cams)
t=6.483 mk_back_right: dropout (1/2 cams)
t=6.487 mk_back_right: dropout (1/2 cams)
t=6.492 mk_back_right: dropout (1/2 cams)
t=6.496 mk_back_right: dropout (1/2 cams)
t=6.500 mk_back_right: dropout (1/2 cams)
t=6.504 mk_back_right: dropout (1/2 cams)
t=6.508 mk_back_right: dropout (1/2 cams)
t=6.512 mk_back_right: dropout (1/2 cams)
t=6.517 mk_back_right: dropout (1/2 cams)
t=6.521 cam_oblique_w: ghost detection for mk_back_left
t=6.521 mk_back_right: dropout (1/2 cams)
t=6.525 mk_back_right: dropout (1/2 cams)
t=6.529 mk_back_right: dropout (1/2 cams)
t=6.533 cam_oblique_w: ghost detection for mk_back_left
t=6.533 mk_back_right: dropout (1/2 cams)
t=6.537 mk_back_right: dropout (1/2 cams)
t=6.542 mk_back_right: dropout (1/2 cams)
t=6.546 mk_back_right: dropout (1/2 cams)
t=6.550 mk_back_right: dropout (1/2 cams)
t=6.554 mk_back_right: dropout (1/2 cams)
t=6.571 cam_overhead: ghost detection for mk_back_right
t=6.571 mk_back_right: rejected as fit outlier (residual 2.66 mm)
t=6.687 cam_overhead: ghost detection for mk_back_right
t=6.687 mk_back_right: rejected as fit outlier (residual 4.39 mm)
t=6.754 cam_oblique_w: ghost detection for mk_back_left
t=6.754 mk_back_left: rejected as fit outlier (residual 2.27 mm)
t=6.771 cam_oblique_w: ghost detection for mk_front_left
t=6.771 mk_front_left: rejected as fit outlier (residual 4.41 mm)
t=7.017 cam_oblique_w: ghost detection for mk_front_left
t=7.017 cam_oblique_w: ghost detection for mk_back_left
t=7.017 mk_front_left: rejected as fit outlier (residual 3.14 mm)
t=7.029 cam_oblique_w: ghost detection for mk_front_left
t=7.033 cam_overhead: ghost detection for mk_back_right
t=7.033 mk_back_right: rejected as fit outlier (residual 4.21 mm)
t=7.429 cam_overhead: ghost detection for mk_back_right
t=7.429 mk_back_right: rejected as fit outlier (residual 5.67 mm)
t=7.471 cam_oblique_w: ghost detection for mk_back_left
t=7.471 mk_back_left: rejected as fit outlier (residual 4.89 mm)
t=7.737 cam_oblique_w: ghost detection for mk_front_left
t=7.737 mk_front_left: rejected as fit outlier (residual 4.20 mm)
t=7.787 mk_back_right: dropout (1/2 cams)
t=7.792 mk_back_right: dropout (1/2 cams)
t=7.796 mk_back_right: dropout (1/2 cams)
t=7.800 mk_back_right: dropout (1/2 cams)
t=7.804 mk_back_right: dropout (1/2 cams)
t=7.808 mk_back_right: dropout (1/2 cams)
t=8.079 mk_back_left: dropout (1/2 cams)
t=8.083 mk_back_left: dropout (1/2 cams)
t=8.087 mk_back_left: dropout (1/2 cams)
t=8.092 cam_oblique_w: ghost detection for mk_front_left
t=8.092 mk_back_left: dropout (1/2 cams)
t=8.096 mk_back_left: dropout (1/2 cams)
t=8.100 mk_back_left: dropout (1/2 cams)
t=8.104 mk_back_left: dropout (1/2 cams)
t=8.108 mk_back_left: dropout (1/2 cams)
t=8.112 mk_back_left: dropout (1/2 cams)
t=8.117 mk_back_left: dropout (1/2 cams)
t=8.121 mk_back_left: dropout (1/2 cams)
t=8.125 mk_back_left: dropout (1/2 cams)
t=8.129 mk_back_left: dropout (1/2 cams)
t=8.133 mk_back_left: dropout (1/2 cams)
t=8.137 mk_back_left: dropout (1/2 cams)
t=8.142 mk_back_left: dropout (1/2 cams)
t=8.146 mk_back_left: dropout (1/2 cams)
t=8.150 mk_back_left: dropout (1/2 cams)
t=8.154 mk_back_left: dropout (1/2 cams)
t=8.158 mk_back_left: dropout (1/2 cams)
t=8.162 mk_back_left: dropout (1/2 cams)
t=8.167 mk_back_left: dropout (1/2 cams)
t=8.171 mk_back_left: dropout (1/2 cams)
t=8.175 mk_back_left: dropout (1/2 cams)
t=8.179 mk_back_left: dropout (1/2 cams)
t=8.183 cam_oblique_e: ghost detection for mk_back_right
t=8.183 mk_back_left: dropout (1/2 cams)
t=8.183 mk_back_right: rejected by temporal gate (jump 20.00 mm over 4.2 ms, limit 17.37 mm)
t=8.183 pose: DROPPED (2/3 markers)
t=8.187 mk_back_left: dropout (1/2 cams)
t=8.192 mk_back_left: dropout (1/2 cams)
t=8.196 mk_back_left: dropout (1/2 cams)
t=8.200 mk_back_left: dropout (1/2 cams)
t=8.204 mk_back_left: dropout (1/2 cams)
t=8.208 mk_back_left: dropout (1/2 cams)
t=8.212 mk_back_left: dropout (1/2 cams)
t=8.217 mk_back_left: dropout (1/2 cams)
t=8.221 mk_back_left: dropout (1/2 cams)
t=8.225 mk_back_left: dropout (1/2 cams)
t=8.229 mk_back_left: dropout (1/2 cams)
t=8.233 mk_back_left: dropout (1/2 cams)
t=8.237 mk_back_left: dropout (1/2 cams)
t=8.242 mk_back_left: dropout (1/2 cams)
t=8.246 mk_back_left: dropout (1/2 cams)
t=8.250 mk_back_left: dropout (1/2 cams)
t=8.254 mk_back_left: dropout (1/2 cams)
t=8.258 mk_back_left: dropout (1/2 cams)
t=8.262 cam_oblique_e: ghost detection for mk_back_right
t=8.262 mk_back_left: dropout (1/2 cams)
t=8.267 mk_back_left: dropout (1/2 cams)
t=8.271 mk_back_left: dropout (1/2 cams)
t=8.275 mk_back_left: dropout (1/2 cams)
t=8.279 mk_back_left: dropout (1/2 cams)
t=8.283 mk_back_left: dropout (1/2 cams)
t=8.287 mk_back_left: dropout (1/2 cams)
t=8.292 mk_back_left: dropout (1/2 cams)
t=8.296 mk_back_left: dropout (1/2 cams)
t=8.300 mk_back_left: dropout (1/2 cams)
t=8.304 mk_back_left: dropout (1/2 cams)
t=8.308 mk_back_left: dropout (1/2 cams)
t=8.312 mk_back_left: dropout (1/2 cams)
t=8.317 mk_back_left: dropout (1/2 cams)
t=8.321 mk_back_left: dropout (1/2 cams)
t=8.325 mk_back_left: dropout (1/2 cams)
t=8.329 mk_back_left: dropout (1/2 cams)
t=8.333 mk_back_left: dropout (1/2 cams)
t=8.337 mk_back_left: dropout (1/2 cams)
t=8.342 mk_back_left: dropout (1/2 cams)
t=8.346 mk_back_left: dropout (1/2 cams)
t=8.350 mk_back_left: dropout (1/2 cams)
t=8.354 cam_oblique_w: ghost detection for mk_back_left
t=8.354 mk_back_left: rejected as fit outlier (residual 6.59 mm)
t=8.358 mk_back_left: dropout (1/2 cams)
t=8.362 mk_back_left: dropout (1/2 cams)
t=8.367 mk_back_left: dropout (1/2 cams)
t=8.371 mk_back_left: dropout (1/2 cams)
t=8.375 mk_back_left: dropout (1/2 cams)
t=8.379 mk_back_left: dropout (1/2 cams)
t=8.383 mk_back_left: dropout (1/2 cams)
t=8.387 mk_back_left: dropout (1/2 cams)
t=8.392 mk_back_left: dropout (1/2 cams)
t=8.396 mk_back_left: dropout (1/2 cams)
t=8.400 mk_back_left: dropout (1/2 cams)
t=8.404 mk_back_left: dropout (1/2 cams)
t=8.408 mk_back_left: dropout (1/2 cams)
t=8.412 mk_back_left: dropout (1/2 cams)
t=8.417 mk_back_left: dropout (1/2 cams)
t=8.421 mk_back_left: dropout (1/2 cams)
t=8.425 mk_back_left: dropout (1/2 cams)
t=8.429 mk_back_left: dropout (1/2 cams)
t=8.433 mk_back_left: dropout (1/2 cams)
t=8.437 mk_back_left: dropout (1/2 cams)
t=8.442 mk_back_left: dropout (1/2 cams)
t=8.446 mk_back_left: dropout (1/2 cams)
t=8.450 mk_back_left: dropout (1/2 cams)
t=8.454 mk_back_left: dropout (1/2 cams)
t=8.458 mk_back_left: dropout (1/2 cams)
t=8.462 mk_back_left: dropout (1/2 cams)
t=8.467 mk_back_left: dropout (1/2 cams)
t=8.471 mk_back_left: dropout (1/2 cams)
t=8.475 mk_back_left: dropout (1/2 cams)
t=8.479 mk_back_left: dropout (1/2 cams)
t=8.483 mk_back_left: dropout (1/2 cams)
t=8.487 cam_overhead: ghost detection for mk_back_left
t=8.487 mk_back_left: rejected as fit outlier (residual 6.29 mm)
t=8.492 mk_back_left: dropout (1/2 cams)
t=8.496 mk_back_left: dropout (1/2 cams)
t=8.500 mk_back_left: dropout (1/2 cams)
t=8.504 mk_back_left: dropout (1/2 cams)
t=8.508 mk_back_left: dropout (1/2 cams)
t=8.512 mk_back_left: dropout (1/2 cams)
t=8.517 mk_back_left: dropout (1/2 cams)
t=8.521 mk_back_left: dropout (1/2 cams)
t=8.525 mk_back_left: dropout (1/2 cams)
t=8.529 mk_back_left: dropout (1/2 cams)
t=8.533 mk_back_left: dropout (1/2 cams)
t=8.537 mk_back_left: dropout (1/2 cams)
t=8.542 cam_oblique_w: ghost detection for mk_front_left
t=8.542 mk_back_left: dropout (1/2 cams)
t=8.542 mk_front_left: rejected by temporal gate (jump 21.55 mm over 4.2 ms, limit 17.37 mm)
t=8.542 pose: DROPPED (2/3 markers)
t=8.546 mk_back_left: dropout (1/2 cams)
t=8.550 mk_back_left: dropout (1/2 cams)
t=8.554 mk_back_left: dropout (1/2 cams)
t=8.558 mk_back_left: dropout (1/2 cams)
t=8.562 mk_back_left: dropout (1/2 cams)
t=8.567 mk_back_left: dropout (1/2 cams)
t=8.571 mk_back_left: dropout (1/2 cams)
t=8.575 mk_back_left: dropout (1/2 cams)
t=8.579 mk_back_left: dropout (1/2 cams)
t=8.583 mk_back_left: dropout (1/2 cams)
t=8.587 mk_back_left: dropout (1/2 cams)
t=8.592 mk_back_left: dropout (1/2 cams)
t=8.596 mk_back_left: dropout (1/2 cams)
t=8.600 mk_back_left: dropout (1/2 cams)
t=8.604 mk_back_left: dropout (1/2 cams)
t=8.608 mk_back_left: dropout (1/2 cams)
t=8.612 mk_back_left: dropout (1/2 cams)
t=8.617 mk_back_left: dropout (1/2 cams)
t=8.621 mk_back_left: dropout (1/2 cams)
t=8.625 mk_back_left: dropout (1/2 cams)
t=8.629 mk_back_left: dropout (1/2 cams)
t=8.633 mk_back_left: dropout (1/2 cams)
t=8.637 mk_back_left: dropout (1/2 cams)
t=8.642 mk_back_left: dropout (1/2 cams)
t=8.646 mk_back_left: dropout (1/2 cams)
t=8.650 mk_back_left: dropout (1/2 cams)
t=8.654 mk_back_left: dropout (1/2 cams)
t=8.658 mk_back_left: dropout (1/2 cams)
t=8.662 mk_back_left: dropout (1/2 cams)
t=8.667 mk_back_left: dropout (1/2 cams)
t=8.671 mk_back_left: dropout (1/2 cams)
t=8.675 mk_back_left: dropout (1/2 cams)
t=8.679 mk_back_left: dropout (1/2 cams)
t=8.683 mk_back_left: dropout (1/2 cams)
t=8.687 mk_back_left: dropout (1/2 cams)
t=8.692 mk_back_left: dropout (1/2 cams)
t=8.696 mk_back_left: dropout (1/2 cams)
t=8.700 mk_back_left: dropout (1/2 cams)
t=8.704 mk_back_left: dropout (1/2 cams)
t=8.708 mk_back_left: dropout (1/2 cams)
t=8.712 mk_back_left: dropout (1/2 cams)
t=8.717 mk_back_left: dropout (1/2 cams)
t=8.721 mk_back_left: dropout (1/2 cams)
t=8.725 mk_back_left: dropout (1/2 cams)
t=8.729 mk_back_left: dropout (1/2 cams)
t=8.733 mk_back_left: dropout (1/2 cams)
t=8.737 mk_back_left: dropout (1/2 cams)
t=8.742 mk_back_left: dropout (1/2 cams)
t=8.746 mk_back_left: dropout (1/2 cams)
t=8.750 mk_back_left: dropout (1/2 cams)
t=8.754 mk_back_left: dropout (1/2 cams)
t=8.758 mk_back_left: dropout (1/2 cams)
t=8.762 mk_back_left: dropout (1/2 cams)
t=8.767 mk_back_left: dropout (1/2 cams)
t=8.771 mk_back_left: dropout (1/2 cams)
t=8.775 mk_back_left: dropout (1/2 cams)
t=8.779 mk_back_left: dropout (1/2 cams)
t=8.783 mk_back_left: dropout (1/2 cams)
t=8.787 mk_back_left: dropout (1/2 cams)
t=8.792 mk_back_left: dropout (1/2 cams)
t=8.796 mk_back_left: dropout (1/2 cams)
t=8.800 mk_back_left: dropout (1/2 cams)
t=8.804 cam_overhead: ghost detection for mk_back_left
t=8.804 mk_back_left: rejected as fit outlier (residual 9.87 mm)
t=8.808 mk_back_left: dropout (1/2 cams)
t=8.812 cam_overhead: ghost detection for mk_back_left
t=8.812 mk_back_left: rejected by temporal gate (jump 37.78 mm over 8.3 ms, limit 31.75 mm)
t=8.817 cam_oblique_w: ghost detection for mk_front_left
t=8.817 mk_back_left: dropout (1/2 cams)
t=8.821 mk_back_left: dropout (1/2 cams)
t=8.825 mk_back_left: dropout (1/2 cams)
t=8.829 mk_back_left: dropout (1/2 cams)
t=8.833 mk_back_left: dropout (1/2 cams)
t=8.837 mk_back_left: dropout (1/2 cams)
t=8.842 mk_back_left: dropout (1/2 cams)
t=8.846 mk_back_left: dropout (1/2 cams)
t=8.850 mk_back_left: dropout (1/2 cams)
t=8.854 mk_back_left: dropout (1/2 cams)
t=8.858 mk_back_left: dropout (1/2 cams)
t=8.862 mk_back_left: dropout (1/2 cams)
t=8.867 mk_back_left: dropout (1/2 cams)
t=8.871 mk_back_left: dropout (1/2 cams)
t=8.875 mk_back_left: dropout (1/2 cams)
t=8.879 mk_back_left: dropout (1/2 cams)
t=8.883 mk_back_left: dropout (1/2 cams)
t=8.887 cam_oblique_w: ghost detection for mk_front_left
t=8.887 mk_back_left: dropout (1/2 cams)
t=8.892 mk_back_left: dropout (1/2 cams)
t=8.896 mk_back_left: dropout (1/2 cams)
t=8.900 mk_back_left: dropout (1/2 cams)
t=8.904 mk_back_left: dropout (1/2 cams)
t=8.908 mk_back_left: dropout (1/2 cams)
t=8.912 mk_back_left: dropout (1/2 cams)
t=8.917 cam_oblique_e: ghost detection for mk_back_right
t=8.917 mk_back_left: dropout (1/2 cams)
t=8.921 mk_back_left: dropout (1/2 cams)
t=8.925 mk_back_left: dropout (1/2 cams)
t=8.929 mk_back_left: dropout (1/2 cams)
t=8.933 mk_back_left: dropout (1/2 cams)
t=8.937 mk_back_left: dropout (1/2 cams)
t=8.942 cam_oblique_e: ghost detection for mk_back_right
t=8.942 mk_back_left: dropout (1/2 cams)
t=8.942 mk_back_right: rejected by temporal gate (jump 24.71 mm over 4.2 ms, limit 17.37 mm)
t=8.942 pose: DROPPED (2/3 markers)
t=8.946 mk_back_left: dropout (1/2 cams)
t=8.950 mk_back_left: dropout (1/2 cams)
t=8.954 mk_back_left: dropout (1/2 cams)
t=8.958 mk_back_left: dropout (1/2 cams)
t=8.962 mk_back_left: dropout (1/2 cams)
t=8.967 mk_back_left: dropout (1/2 cams)
t=8.971 mk_back_left: dropout (1/2 cams)
t=8.975 mk_back_left: dropout (1/2 cams)
t=8.979 mk_back_left: dropout (1/2 cams)
t=8.983 mk_back_left: dropout (1/2 cams)
t=8.987 mk_back_left: dropout (1/2 cams)
t=8.992 mk_back_left: dropout (1/2 cams)
t=8.996 mk_back_left: dropout (1/2 cams)
t=9.000 cam_oblique_e: ghost detection for mk_back_right
t=9.000 mk_back_left: dropout (1/2 cams)
t=9.004 mk_back_left: dropout (1/2 cams)
t=9.008 mk_back_left: dropout (1/2 cams)
t=9.012 mk_back_left: dropout (1/2 cams)
t=9.017 mk_back_left: dropout (1/2 cams)
t=9.021 mk_back_left: dropout (1/2 cams)
t=9.421 mk_back_left: dropout (1/2 cams)
t=9.425 mk_back_left: dropout (1/2 cams)
t=9.429 mk_back_left: dropout (1/2 cams)
t=9.433 mk_back_left: dropout (1/2 cams)
t=9.437 mk_back_left: dropout (1/2 cams)
t=9.442 mk_back_left: dropout (1/2 cams)
t=9.446 mk_back_left: dropout (1/2 cams)
t=9.450 mk_back_left: dropout (1/2 cams)
t=9.454 mk_back_left: dropout (1/2 cams)
t=9.458 mk_back_left: dropout (1/2 cams)
t=9.462 mk_back_left: dropout (1/2 cams)
t=9.467 mk_back_left: dropout (1/2 cams)
t=9.471 mk_back_left: dropout (1/2 cams)
t=9.475 mk_back_left: dropout (1/2 cams)
t=9.479 mk_back_left: dropout (1/2 cams)
t=9.483 mk_back_left: dropout (1/2 cams)
t=9.487 mk_back_left: dropout (1/2 cams)
t=9.492 mk_back_left: dropout (1/2 cams)
t=9.496 mk_back_left: dropout (1/2 cams)
t=9.500 mk_back_left: dropout (1/2 cams)
t=9.504 mk_back_left: dropout (1/2 cams)
t=9.508 mk_back_left: dropout (1/2 cams)
t=9.512 mk_back_left: dropout (1/2 cams)
t=9.517 mk_back_left: dropout (1/2 cams)
t=9.521 mk_back_left: dropout (1/2 cams)
t=9.525 mk_back_left: dropout (1/2 cams)
t=9.529 mk_back_left: dropout (1/2 cams)
t=9.533 mk_back_left: dropout (1/2 cams)
t=9.537 mk_back_left: dropout (1/2 cams)
t=9.542 mk_back_left: dropout (1/2 cams)
t=9.546 mk_back_left: dropout (1/2 cams)
t=9.550 mk_back_left: dropout (1/2 cams)
t=9.554 mk_back_left: dropout (1/2 cams)
t=9.558 mk_back_left: dropout (1/2 cams)
t=9.562 mk_back_left: dropout (1/2 cams)
t=9.567 mk_back_left: dropout (1/2 cams)
t=9.571 mk_back_left: dropout (1/2 cams)
t=9.575 mk_back_left: dropout (1/2 cams)
t=9.579 mk_back_left: dropout (1/2 cams)
t=9.583 mk_back_left: dropout (1/2 cams)
t=9.587 mk_back_left: dropout (1/2 cams)
t=9.592 mk_back_left: dropout (1/2 cams)
t=9.596 mk_back_left: dropout (1/2 cams)
t=9.600 mk_back_left: dropout (1/2 cams)
t=9.604 mk_back_left: dropout (1/2 cams)
t=9.608 mk_back_left: dropout (1/2 cams)
t=9.612 mk_back_left: dropout (1/2 cams)
t=9.617 mk_back_left: dropout (1/2 cams)
t=9.621 mk_back_left: dropout (1/2 cams)
t=9.625 mk_back_left: dropout (1/2 cams)
t=9.629 mk_back_left: dropout (1/2 cams)
t=9.633 mk_back_left: dropout (1/2 cams)
t=9.637 mk_back_left: dropout (1/2 cams)
t=9.642 mk_back_left: dropout (1/2 cams)
t=9.646 mk_back_left: dropout (1/2 cams)
t=9.650 mk_back_left: dropout (1/2 cams)
t=9.654 mk_back_left: dropout (1/2 cams)
t=9.658 mk_back_left: dropout (1/2 cams)
t=9.662 mk_back_left: dropout (1/2 cams)
t=9.667 mk_back_left: dropout (1/2 cams)
t=9.671 mk_back_left: dropout (1/2 cams)
t=9.675 mk_back_left: dropout (1/2 cams)
t=9.679 mk_back_left: dropout (1/2 cams)
t=9.683 mk_back_left: dropout (1/2 cams)
t=9.687 mk_back_left: dropout (1/2 cams)
t=9.692 mk_back_left: dropout (1/2 cams)
t=9.696 mk_back_left: dropout (1/2 cams)
t=9.700 mk_back_left: dropout (1/2 cams)
t=9.704 mk_back_left: dropout (1/2 cams)
t=9.708 mk_back_left: dropout (1/2 cams)
t=9.712 mk_back_left: dropout (1/2 cams)
t=9.717 mk_back_left: dropout (1/2 cams)
t=9.721 mk_back_left: dropout (1/2 cams)
t=9.725 mk_back_left: dropout (1/2 cams)
t=9.729 mk_back_left: dropout (1/2 cams)
t=9.733 mk_back_left: dropout (1/2 cams)
t=9.737 mk_back_left: dropout (1/2 cams)
t=9.742 mk_back_left: dropout (1/2 cams)
t=9.746 mk_back_left: dropout (1/2 cams)
t=9.750 mk_back_left: dropout (1/2 cams)
t=9.754 mk_back_left: dropout (1/2 cams)
t=9.758 mk_back_left: dropout (1/2 cams)
t=9.762 mk_back_left: dropout (1/2 cams)
t=9.767 mk_back_left: dropout (1/2 cams)
t=9.771 mk_back_left: dropout (1/2 cams)
t=9.775 mk_back_left: dropout (1/2 cams)
t=9.779 mk_back_left: dropout (1/2 cams)
t=9.783 mk_back_left: dropout (1/2 cams)
t=9.787 mk_back_left: dropout (1/2 cams)
t=9.792 mk_back_left: dropout (1/2 cams)
t=9.796 mk_back_left: dropout (1/2 cams)
t=9.800 mk_back_left: dropout (1/2 cams)
t=9.804 mk_back_left: dropout (1/2 cams)
t=9.808 mk_back_left: dropout (1/2 cams)
t=9.812 mk_back_left: dropout (1/2 cams)
t=9.817 mk_back_left: dropout (1/2 cams)
t=9.821 mk_back_left: dropout (1/2 cams)
t=9.825 mk_back_left: dropout (1/2 cams)
t=9.829 mk_back_left: dropout (1/2 cams)
t=9.833 mk_back_left: dropout (1/2 cams)
t=9.837 mk_back_left: dropout (1/2 cams)
t=9.842 mk_back_left: dropout (1/2 cams)
t=9.846 mk_back_left: dropout (1/2 cams)
t=9.850 mk_back_left: dropout (1/2 cams)
t=9.854 mk_back_left: dropout (1/2 cams)
t=9.858 mk_back_left: dropout (1/2 cams)
t=9.862 mk_back_left: dropout (1/2 cams)
t=9.867 mk_back_left: dropout (1/2 cams)
t=9.871 mk_back_left: dropout (1/2 cams)
t=9.875 mk_back_left: dropout (1/2 cams)
t=9.879 mk_back_left: dropout (1/2 cams)
t=9.883 mk_back_left: dropout (1/2 cams)
t=9.887 mk_back_left: dropout (1/2 cams)
t=9.892 mk_back_left: dropout (1/2 cams)
t=9.896 mk_back_left: dropout (1/2 cams)
t=9.900 mk_back_left: dropout (1/2 cams)
t=9.904 mk_back_left: dropout (1/2 cams)
t=9.908 mk_back_left: dropout (1/2 cams)
t=9.912 mk_back_left: dropout (1/2 cams)
t=9.917 mk_back_left: dropout (1/2 cams)
t=9.921 mk_back_left: dropout (1/2 cams)
t=9.925 mk_back_left: dropout (1/2 cams)
t=9.929 mk_back_left: dropout (1/2 cams)
t=9.933 mk_back_left: dropout (1/2 cams)
t=9.937 mk_back_left: dropout (1/2 cams)
t=9.942 mk_back_left: dropout (1/2 cams)
t=9.946 mk_back_left: dropout (1/2 cams)
t=9.950 mk_back_left: dropout (1/2 cams)
t=9.954 mk_back_left: dropout (1/2 cams)
t=9.958 mk_back_left: dropout (1/2 cams)
t=9.962 mk_back_left: dropout (1/2 cams)
t=9.967 mk_back_left: dropout (1/2 cams)
t=9.971 mk_back_left: dropout (1/2 cams)
t=9.975 mk_back_left: dropout (1/2 cams)
t=9.979 mk_back_left: dropout (1/2 cams)
t=9.983 mk_back_left: dropout (1/2 cams)
t=9.987 mk_back_left: dropout (1/2 cams)
t=9.992 mk_back_left: dropout (1/2 cams)
t=9.996 mk_back_left: dropout (1/2 cams)
t=10.000 mk_back_left: dropout (1/2 cams)
t=10.004 mk_back_left: dropout (1/2 cams)
t=10.008 mk_back_left: dropout (1/2 cams)
t=10.012 mk_back_left: dropout (1/2 cams)
t=10.017 mk_back_left: dropout (1/2 cams)
t=10.021 mk_back_left: dropout (1/2 cams)
t=10.025 mk_back_left: dropout (1/2 cams)
t=10.029 mk_back_left: dropout (1/2 cams)
t=10.033 mk_back_left: dropout (1/2 cams)
t=10.037 mk_back_left: dropout (1/2 cams)
t=10.042 mk_back_left: dropout (1/2 cams)
t=10.046 mk_back_left: dropout (1/2 cams)
t=10.050 mk_back_left: dropout (1/2 cams)
t=10.054 mk_back_left: dropout (1/2 cams)
t=10.058 mk_back_left: dropout (1/2 cams)
t=10.062 mk_back_left: dropout (1/2 cams)
t=10.067 mk_back_left: dropout (1/2 cams)
t=10.071 mk_back_left: dropout (1/2 cams)
t=10.075 mk_back_left: dropout (1/2 cams)
t=10.079 mk_back_left: dropout (1/2 cams)
t=10.083 mk_back_left: dropout (1/2 cams)
t=10.087 mk_back_left: dropout (1/2 cams)
t=10.092 mk_back_left: dropout (1/2 cams)
t=10.096 mk_back_left: dropout (1/2 cams)
t=10.100 mk_back_left: dropout (1/2 cams)
t=10.104 mk_back_left: dropout (1/2 cams)
t=10.108 mk_back_left: dropout (1/2 cams)
t=10.112 mk_back_left: dropout (1/2 cams)
t=10.117 mk_back_left: dropout (1/2 cams)
t=10.121 mk_back_left: dropout (1/2 cams)
t=10.125 mk_back_left: dropout (1/2 cams)
t=10.129 mk_back_left: dropout (1/2 cams)
t=10.133 mk_back_left: dropout (1/2 cams)
t=10.137 mk_back_left: dropout (1/2 cams)
t=10.142 cam_overhead: ghost detection for mk_back_left
t=10.142 mk_back_left: rejected as fit outlier (residual 12.87 mm)
t=10.146 mk_back_left: dropout (1/2 cams)
t=10.150 mk_back_left: dropout (1/2 cams)
t=10.154 mk_back_left: dropout (1/2 cams)
t=10.158 mk_back_left: dropout (1/2 cams)
t=10.162 mk_back_left: dropout (1/2 cams)
t=10.167 mk_back_left: dropout (1/2 cams)
t=10.171 mk_back_left: dropout (1/2 cams)
t=10.175 mk_back_left: dropout (1/2 cams)
t=10.179 mk_back_left: dropout (1/2 cams)
t=10.183 mk_back_left: dropout (1/2 cams)
t=10.187 mk_back_left: dropout (1/2 cams)
t=10.192 mk_back_left: dropout (1/2 cams)
t=10.196 mk_back_left: dropout (1/2 cams)
t=10.200 mk_back_left: dropout (1/2 cams)
t=10.204 mk_back_left: dropout (1/2 cams)
t=10.208 mk_back_left: dropout (1/2 cams)
t=10.212 mk_back_left: dropout (1/2 cams)
t=10.217 mk_back_left: dropout (1/2 cams)
t=10.221 mk_back_left: dropout (1/2 cams)
t=10.225 mk_back_left: dropout (1/2 cams)
t=10.229 mk_back_left: dropout (1/2 cams)
t=10.233 mk_back_left: dropout (1/2 cams)
t=10.237 mk_back_left: dropout (1/2 cams)
t=10.242 mk_back_left: dropout (1/2 cams)
t=10.246 mk_back_left: dropout (1/2 cams)
t=10.250 mk_back_left: dropout (1/2 cams)
t=10.254 mk_back_left: dropout (1/2 cams)
t=10.258 mk_back_left: dropout (1/2 cams)
t=10.262 mk_back_left: dropout (1/2 cams)
t=10.267 mk_back_left: dropout (1/2 cams)
t=10.271 mk_back_left: dropout (1/2 cams)
t=10.275 mk_back_left: dropout (1/2 cams)
t=10.279 mk_back_left: dropout (1/2 cams)
t=10.283 mk_back_left: dropout (1/2 cams)
t=10.287 mk_back_left: dropout (1/2 cams)
t=10.292 mk_back_left: dropout (1/2 cams)
t=10.296 mk_back_left: dropout (1/2 cams)
t=10.300 mk_back_left: dropout (1/2 cams)
t=10.304 mk_back_left: dropout (1/2 cams)
t=10.308 mk_back_left: dropout (1/2 cams)
t=10.312 mk_back_left: dropout (1/2 cams)
t=10.317 mk_back_left: dropout (1/2 cams)
t=10.321 mk_back_left: dropout (1/2 cams)
t=10.325 mk_back_left: dropout (1/2 cams)
t=10.329 mk_back_left: dropout (1/2 cams)
t=10.333 mk_back_left: dropout (1/2 cams)
t=10.337 mk_back_left: dropout (1/2 cams)
t=10.342 mk_back_left: dropout (1/2 cams)
t=10.346 mk_back_left: dropout (1/2 cams)
t=10.350 mk_back_left: dropout (1/2 cams)
t=10.354 mk_back_left: dropout (1/2 cams)
t=10.358 mk_back_left: dropout (1/2 cams)
t=10.362 mk_back_left: dropout (1/2 cams)
t=10.367 mk_back_left: dropout (1/2 cams)
t=10.371 mk_back_left: dropout (1/2 cams)
t=10.375 mk_back_left: dropout (1/2 cams)
t=10.379 mk_back_left: dropout (1/2 cams)
t=10.383 mk_back_left: dropout (1/2 cams)
t=10.387 mk_back_left: dropout (1/2 cams)
t=10.392 mk_back_left: dropout (1/2 cams)
t=10.396 mk_back_left: dropout (1/2 cams)
t=10.400 mk_back_left: dropout (1/2 cams)
t=10.404 mk_back_left: dropout (1/2 cams)
t=10.408 mk_back_left: dropout (1/2 cams)
t=10.412 mk_back_left: dropout (1/2 cams)
t=10.417 mk_back_left: dropout (1/2 cams)
t=10.421 mk_back_left: dropout (1/2 cams)
t=10.425 mk_back_left: dropout (1/2 cams)
t=10.429 mk_back_left: dropout (1/2 cams)
t=10.433 mk_back_left: dropout (1/2 cams)
t=10.437 mk_back_left: dropout (1/2 cams)
t=10.442 mk_back_left: dropout (1/2 cams)
t=10.446 mk_back_left: dropout (1/2 cams)
t=10.450 mk_back_left: dropout (1/2 cams)
t=10.454 mk_back_left: dropout (1/2 cams)
t=10.458 mk_back_left: dropout (1/2 cams)
t=10.462 mk_back_left: dropout (1/2 cams)
t=10.467 mk_back_left: dropout (1/2 cams)
t=10.471 mk_back_left: dropout (1/2 cams)
t=10.475 mk_back_left: dropout (1/2 cams)
t=10.479 mk_back_left: dropout (1/2 cams)
t=10.483 mk_back_left: dropout (1/2 cams)
t=10.487 mk_back_left: dropout (1/2 cams)
t=10.492 mk_back_left: dropout (1/2 cams)
t=10.496 cam_overhead: ghost detection for mk_back_left
t=10.496 mk_back_left: rejected as fit outlier (residual 9.86 mm)
t=10.500 mk_back_left: dropout (1/2 cams)
t=10.504 mk_back_left: dropout (1/2 cams)
t=10.508 mk_back_left: dropout (1/2 cams)
t=10.512 mk_back_left: dropout (1/2 cams)
t=10.517 mk_back_left: dropout (1/2 cams)
t=10.521 mk_back_left: dropout (1/2 cams)
t=10.525 mk_back_left: dropout (1/2 cams)
t=10.529 mk_back_left: dropout (1/2 cams)
t=10.533 mk_back_left: dropout (1/2 cams)
t=10.537 mk_back_left: dropout (1/2 cams)
t=10.542 mk_back_left: dropout (1/2 cams)
t=10.546 mk_back_left: dropout (1/2 cams)
t=10.550 mk_back_left: dropout (1/2 cams)
t=10.554 mk_back_left: dropout (1/2 cams)
t=10.558 mk_back_left: dropout (1/2 cams)
t=10.562 mk_back_left: dropout (1/2 cams)
t=10.567 mk_back_left: dropout (1/2 cams)
t=10.571 mk_back_left: dropout (1/2 cams)
t=10.575 mk_back_left: dropout (1/2 cams)
t=10.579 mk_back_left: dropout (1/2 cams)
t=10.583 mk_back_left: dropout (1/2 cams)
t=10.587 mk_back_left: dropout (1/2 cams)
t=10.592 mk_back_left: dropout (1/2 cams)
t=10.596 mk_back_left: dropout (1/2 cams)
t=10.600 mk_back_left: dropout (1/2 cams)
t=10.604 mk_back_left: dropout (1/2 cams)
t=10.608 mk_back_left: dropout (1/2 cams)
t=10.612 cam_oblique_e: ghost detection for mk_back_right
t=10.612 mk_back_left: dropout (1/2 cams)
t=10.617 mk_back_left: dropout (1/2 cams)
t=10.621 mk_back_left: dropout (1/2 cams)
t=10.625 mk_back_left: dropout (1/2 cams)
t=10.629 mk_back_left: dropout (1/2 cams)
t=10.633 mk_back_left: dropout (1/2 cams)
t=10.637 mk_back_left: dropout (1/2 cams)
t=10.642 mk_back_left: dropout (1/2 cams)
t=10.646 mk_back_left: dropout (1/2 cams)
t=10.650 mk_back_left: dropout (1/2 cams)
t=10.654 cam_oblique_w: ghost detection for mk_back_left
t=10.654 mk_back_left: rejected as fit outlier (residual 5.51 mm)
t=10.658 mk_back_left: dropout (1/2 cams)
t=10.662 cam_overhead: ghost detection for mk_back_left
t=10.662 mk_back_left: rejected by temporal gate (jump 40.57 mm over 8.3 ms, limit 31.75 mm)
t=10.667 mk_back_left: dropout (1/2 cams)
t=10.671 mk_back_left: dropout (1/2 cams)
t=10.675 mk_back_left: dropout (1/2 cams)
t=10.679 mk_back_left: dropout (1/2 cams)
t=10.683 mk_back_left: dropout (1/2 cams)
t=10.687 mk_back_left: dropout (1/2 cams)
t=10.692 mk_back_left: dropout (1/2 cams)
t=10.696 mk_back_left: dropout (1/2 cams)
t=10.700 mk_back_left: dropout (1/2 cams)
t=10.704 mk_back_left: dropout (1/2 cams)
t=10.708 mk_back_left: dropout (1/2 cams)
t=10.712 mk_back_left: dropout (1/2 cams)
t=10.717 mk_back_left: dropout (1/2 cams)
t=10.721 mk_back_left: dropout (1/2 cams)
t=10.725 mk_back_left: dropout (1/2 cams)
t=10.729 mk_back_left: dropout (1/2 cams)
t=10.733 mk_back_left: dropout (1/2 cams)
t=10.737 mk_back_left: dropout (1/2 cams)
t=10.742 mk_back_left: dropout (1/2 cams)
t=10.746 mk_back_left: dropout (1/2 cams)
t=10.750 mk_back_left: dropout (1/2 cams)
t=10.754 mk_back_left: dropout (1/2 cams)
t=10.758 mk_back_left: dropout (1/2 cams)
t=10.762 mk_back_left: dropout (1/2 cams)
t=10.767 mk_back_left: dropout (1/2 cams)
t=10.771 mk_back_left: dropout (1/2 cams)
t=10.775 mk_back_left: dropout (1/2 cams)
t=10.779 mk_back_left: dropout (1/2 cams)
t=10.783 mk_back_left: dropout (1/2 cams)
t=10.787 mk_back_left: dropout (1/2 cams)
t=10.792 mk_back_left: dropout (1/2 cams)
t=10.796 mk_back_left: dropout (1/2 cams)
t=10.800 mk_back_left: dropout (1/2 cams)
t=10.804 mk_back_left: dropout (1/2 cams)
t=10.808 mk_back_left: dropout (1/2 cams)
t=10.812 mk_back_left: dropout (1/2 cams)
t=10.817 mk_back_left: dropout (1/2 cams)
t=10.821 mk_back_left: dropout (1/2 cams)
t=10.825 mk_back_left: dropout (1/2 cams)
t=10.829 mk_back_left: dropout (1/2 cams)
t=10.833 mk_back_left: dropout (1/2 cams)
t=10.837 mk_back_left: dropout (1/2 cams)
t=10.842 mk_back_left: dropout (1/2 cams)
t=10.846 mk_back_left: dropout (1/2 cams)
t=10.850 mk_back_left: dropout (1/2 cams)
t=10.854 mk_back_left: dropout (1/2 cams)
t=10.858 mk_back_left: dropout (1/2 cams)
t=10.862 mk_back_left: dropout (1/2 cams)
t=10.867 mk_back_left: dropout (1/2 cams)
t=10.871 mk_back_left: dropout (1/2 cams)
t=10.875 mk_back_left: dropout (1/2 cams)
t=10.879 mk_back_left: dropout (1/2 cams)
t=10.883 mk_back_left: dropout (1/2 cams)
t=10.887 mk_back_left: dropout (1/2 cams)
t=10.892 mk_back_left: dropout (1/2 cams)
t=10.896 mk_back_left: dropout (1/2 cams)
t=10.900 mk_back_left: dropout (1/2 cams)
t=10.904 mk_back_left: dropout (1/2 cams)
t=10.908 mk_back_left: dropout (1/2 cams)
t=10.912 mk_back_left: dropout (1/2 cams)
t=10.917 mk_back_left: dropout (1/2 cams)
t=10.921 mk_back_left: dropout (1/2 cams)
t=10.925 mk_back_left: dropout (1/2 cams)
t=10.929 mk_back_left: dropout (1/2 cams)
t=10.933 mk_back_left: dropout (1/2 cams)
t=10.937 mk_back_left: dropout (1/2 cams)
t=10.942 mk_back_left: dropout (1/2 cams)
t=10.946 cam_oblique_w: ghost detection for mk_back_left
t=10.946 mk_back_left: rejected as fit outlier (residual 10.47 mm)
t=10.950 mk_back_left: dropout (1/2 cams)
t=10.954 mk_back_left: dropout (1/2 cams)
t=10.958 mk_back_left: dropout (1/2 cams)
t=10.962 mk_back_left: dropout (1/2 cams)
t=10.967 mk_back_left: dropout (1/2 cams)
t=10.971 mk_back_left: dropout (1/2 cams)
t=10.975 mk_back_left: dropout (1/2 cams)
t=10.979 mk_back_left: dropout (1/2 cams)
t=10.983 mk_back_left: dropout (1/2 cams)
t=10.987 cam_oblique_w: ghost detection for mk_front_left
t=10.987 mk_back_left: dropout (1/2 cams)
t=10.992 mk_back_left: dropout (1/2 cams)
t=10.996 mk_back_left: dropout (1/2 cams)
t=11.000 mk_back_left: dropout (1/2 cams)
t=11.004 mk_back_left: dropout (1/2 cams)
t=11.008 mk_back_left: dropout (1/2 cams)
t=11.012 mk_back_left: dropout (1/2 cams)
t=11.017 mk_back_left: dropout (1/2 cams)
t=11.021 mk_back_left: dropout (1/2 cams)
t=11.025 mk_back_left: dropout (1/2 cams)
t=11.029 mk_back_left: dropout (1/2 cams)
t=11.033 mk_back_left: dropout (1/2 cams)
t=11.037 mk_back_left: dropout (1/2 cams)
t=11.042 mk_back_left: dropout (1/2 cams)
t=11.046 mk_back_left: dropout (1/2 cams)
t=11.050 mk_back_left: dropout (1/2 cams)
t=11.054 mk_back_left: dropout (1/2 cams)
t=11.058 mk_back_left: dropout (1/2 cams)
t=11.062 mk_back_left: dropout (1/2 cams)
t=11.067 mk_back_left: dropout (1/2 cams)
t=11.071 mk_back_left: dropout (1/2 cams)
t=11.075 mk_back_left: dropout (1/2 cams)
t=11.079 mk_back_left: dropout (1/2 cams)
t=11.083 mk_back_left: dropout (1/2 cams)
t=11.087 mk_back_left: dropout (1/2 cams)
t=11.092 mk_back_left: dropout (1/2 cams)
t=11.096 mk_back_left: dropout (1/2 cams)
t=11.100 mk_back_left: dropout (1/2 cams)
t=11.104 cam_oblique_e: ghost detection for mk_back_right
t=11.104 mk_back_left: dropout (1/2 cams)
t=11.108 mk_back_left: dropout (1/2 cams)
t=11.112 mk_back_left: dropout (1/2 cams)
t=11.117 mk_back_left: dropout (1/2 cams)
t=11.121 mk_back_left: dropout (1/2 cams)
t=11.125 mk_back_left: dropout (1/2 cams)
t=11.129 cam_overhead: ghost detection for mk_back_left
t=11.129 mk_back_left: rejected as fit outlier (residual 11.31 mm)
t=11.133 mk_back_left: dropout (1/2 cams)
t=11.137 mk_back_left: dropout (1/2 cams)
t=11.142 mk_back_left: dropout (1/2 cams)
t=11.146 cam_oblique_w: ghost detection for mk_front_left
t=11.146 mk_back_left: dropout (1/2 cams)
t=11.150 cam_oblique_w: ghost detection for mk_front_left
t=11.150 mk_back_left: dropout (1/2 cams)
t=11.150 mk_front_left: rejected by temporal gate (jump 34.97 mm over 4.2 ms, limit 17.37 mm)
t=11.150 pose: DROPPED (2/3 markers)
t=11.154 mk_back_left: dropout (1/2 cams)
t=11.158 mk_back_left: dropout (1/2 cams)
t=11.162 mk_back_left: dropout (1/2 cams)
t=11.167 cam_oblique_w: ghost detection for mk_front_left
t=11.167 mk_back_left: dropout (1/2 cams)
t=11.171 mk_back_left: dropout (1/2 cams)
t=11.175 mk_back_left: dropout (1/2 cams)
t=11.179 mk_back_left: dropout (1/2 cams)
t=11.183 mk_back_left: dropout (1/2 cams)
t=11.187 mk_back_left: dropout (1/2 cams)
t=11.192 cam_overhead: ghost detection for mk_back_left
t=11.192 mk_back_left: rejected as fit outlier (residual 20.17 mm)
t=11.196 mk_back_left: dropout (1/2 cams)
t=11.200 mk_back_left: dropout (1/2 cams)
t=11.204 mk_back_left: dropout (1/2 cams)
t=11.208 mk_back_left: dropout (1/2 cams)
t=11.212 mk_back_left: dropout (1/2 cams)
t=11.217 mk_back_left: dropout (1/2 cams)
t=11.221 mk_back_left: dropout (1/2 cams)
t=11.225 mk_back_left: dropout (1/2 cams)
t=11.229 cam_overhead: ghost detection for mk_back_left
t=11.229 mk_back_left: rejected as fit outlier (residual 3.24 mm)
t=11.233 mk_back_left: dropout (1/2 cams)
t=11.237 mk_back_left: dropout (1/2 cams)
t=11.242 mk_back_left: dropout (1/2 cams)
t=11.246 mk_back_left: dropout (1/2 cams)
t=11.250 mk_back_left: dropout (1/2 cams)
t=11.254 mk_back_left: dropout (1/2 cams)
t=11.258 mk_back_left: dropout (1/2 cams)
t=11.262 mk_back_left: dropout (1/2 cams)
t=11.267 mk_back_left: dropout (1/2 cams)
t=11.271 mk_back_left: dropout (1/2 cams)
t=11.275 mk_back_left: dropout (1/2 cams)
t=11.279 mk_back_left: dropout (1/2 cams)
t=11.283 mk_back_left: dropout (1/2 cams)
t=11.287 mk_back_left: dropout (1/2 cams)
t=11.292 mk_back_left: dropout (1/2 cams)
t=11.296 mk_back_left: dropout (1/2 cams)
t=11.300 mk_back_left: dropout (1/2 cams)
t=11.304 mk_back_left: dropout (1/2 cams)
t=11.308 mk_back_left: dropout (1/2 cams)
t=11.312 mk_back_left: dropout (1/2 cams)
t=11.317 mk_back_left: dropout (1/2 cams)
t=11.321 cam_overhead: ghost detection for mk_back_left
t=11.321 mk_back_left: rejected as fit outlier (residual 7.30 mm)
t=11.325 mk_back_left: dropout (1/2 cams)
t=11.329 mk_back_left: dropout (1/2 cams)
t=11.333 mk_back_left: dropout (1/2 cams)
t=11.337 mk_back_left: dropout (1/2 cams)
t=11.342 mk_back_left: dropout (1/2 cams)
t=11.346 mk_back_left: dropout (1/2 cams)
t=11.350 mk_back_left: dropout (1/2 cams)
t=11.354 mk_back_left: dropout (1/2 cams)
t=11.358 mk_back_left: dropout (1/2 cams)
t=11.362 mk_back_left: dropout (1/2 cams)
t=11.367 mk_back_left: dropout (1/2 cams)
t=11.371 mk_back_left: dropout (1/2 cams)
t=11.375 mk_back_left: dropout (1/2 cams)
t=11.379 mk_back_left: dropout (1/2 cams)
t=11.383 mk_back_left: dropout (1/2 cams)
t=11.387 mk_back_left: dropout (1/2 cams)
t=11.392 mk_back_left: dropout (1/2 cams)
t=11.396 mk_back_left: dropout (1/2 cams)
t=11.400 mk_back_left: dropout (1/2 cams)
t=11.404 mk_back_left: dropout (1/2 cams)
t=11.408 mk_back_left: dropout (1/2 cams)
t=11.412 mk_back_left: dropout (1/2 cams)
t=11.417 mk_back_left: dropout (1/2 cams)
t=11.421 mk_back_left: dropout (1/2 cams)
t=11.425 mk_back_left: dropout (1/2 cams)
t=11.429 mk_back_left: dropout (1/2 cams)
t=11.433 mk_back_left: dropout (1/2 cams)
t=11.437 mk_back_left: dropout (1/2 cams)
t=11.442 mk_back_left: dropout (1/2 cams)
t=11.446 mk_back_left: dropout (1/2 cams)
t=11.450 mk_back_left: dropout (1/2 cams)
t=11.454 mk_back_left: dropout (1/2 cams)
t=11.458 mk_back_left: dropout (1/2 cams)
t=11.462 mk_back_left: dropout (1/2 cams)
t=11.467 mk_back_left: dropout (1/2 cams)
t=11.471 mk_back_left: dropout (1/2 cams)
t=11.475 cam_oblique_w: ghost detection for mk_back_left
t=11.475 mk_back_left: rejected as fit outlier (residual 15.39 mm)
t=11.479 mk_back_left: dropout (1/2 cams)
t=11.483 mk_back_left: dropout (1/2 cams)
t=11.487 mk_back_left: dropout (1/2 cams)
t=11.492 mk_back_left: dropout (1/2 cams)
t=11.496 mk_back_left: dropout (1/2 cams)
t=11.500 mk_back_left: dropout (1/2 cams)
t=11.504 mk_back_left: dropout (1/2 cams)
t=11.508 mk_back_left: dropout (1/2 cams)
t=11.512 mk_back_left: dropout (1/2 cams)
t=11.517 mk_back_left: dropout (1/2 cams)
t=11.521 mk_back_left: dropout (1/2 cams)
t=11.525 mk_back_left: dropout (1/2 cams)
t=11.529 mk_back_left: dropout (1/2 cams)
t=11.533 mk_back_left: dropout (1/2 cams)
t=11.537 mk_back_left: dropout (1/2 cams)
t=11.542 mk_back_left: dropout (1/2 cams)
t=11.546 cam_oblique_w: ghost detection for mk_front_left
t=11.546 mk_back_left: dropout (1/2 cams)
t=11.546 mk_front_left: rejected by temporal gate (jump 18.61 mm over 4.2 ms, limit 17.37 mm)
t=11.546 pose: DROPPED (2/3 markers)
t=11.550 mk_back_left: dropout (1/2 cams)
t=11.554 mk_back_left: dropout (1/2 cams)
t=11.558 mk_back_left: dropout (1/2 cams)
t=11.562 mk_back_left: dropout (1/2 cams)
t=11.567 mk_back_left: dropout (1/2 cams)
t=11.571 mk_back_left: dropout (1/2 cams)
t=11.575 mk_back_left: dropout (1/2 cams)
t=11.579 mk_back_left: dropout (1/2 cams)
t=11.583 mk_back_left: dropout (1/2 cams)
t=11.587 mk_back_left: dropout (1/2 cams)
t=11.592 mk_back_left: dropout (1/2 cams)
t=11.596 mk_back_left: dropout (1/2 cams)
t=11.600 mk_back_left: dropout (1/2 cams)
t=11.604 mk_back_left: dropout (1/2 cams)
t=11.608 mk_back_left: dropout (1/2 cams)
t=11.612 mk_back_left: dropout (1/2 cams)
t=11.617 mk_back_left: dropout (1/2 cams)
t=11.621 cam_overhead: ghost detection for mk_back_left
t=11.621 mk_back_left: rejected as fit outlier (residual 8.45 mm)
t=11.625 mk_back_left: dropout (1/2 cams)
t=11.629 mk_back_left: dropout (1/2 cams)
t=11.633 mk_back_left: dropout (1/2 cams)
t=11.637 mk_back_left: dropout (1/2 cams)
t=11.642 mk_back_left: dropout (1/2 cams)
t=11.646 mk_back_left: dropout (1/2 cams)
t=11.650 mk_back_left: dropout (1/2 cams)
t=11.654 mk_back_left: dropout (1/2 cams)
t=11.658 mk_back_left: dropout (1/2 cams)
t=11.662 mk_back_left: dropout (1/2 cams)
t=11.667 cam_overhead: ghost detection for mk_back_left
t=11.671 mk_back_left: dropout (1/2 cams)
t=11.675 mk_back_left: dropout (1/2 cams)
t=11.679 mk_back_left: dropout (1/2 cams)
t=11.683 mk_back_left: dropout (1/2 cams)
t=11.687 mk_back_left: dropout (1/2 cams)
t=11.692 mk_back_left: dropout (1/2 cams)
t=11.696 mk_back_left: dropout (1/2 cams)
t=11.700 mk_back_left: dropout (1/2 cams)
t=11.704 mk_back_left: dropout (1/2 cams)
t=11.708 mk_back_left: dropout (1/2 cams)
t=11.712 mk_back_left: dropout (1/2 cams)
t=11.717 mk_back_left: dropout (1/2 cams)
t=11.721 mk_back_left: dropout (1/2 cams)
t=11.725 mk_back_left: dropout (1/2 cams)
t=11.729 mk_back_left: dropout (1/2 cams)
t=11.733 mk_back_left: dropout (1/2 cams)
t=11.737 mk_back_left: dropout (1/2 cams)
t=11.742 mk_back_left: dropout (1/2 cams)
t=11.746 mk_back_left: dropout (1/2 cams)
t=11.750 mk_back_left: dropout (1/2 cams)
t=11.754 mk_back_left: dropout (1/2 cams)
t=11.758 mk_back_left: dropout (1/2 cams)
t=11.762 mk_back_left: dropout (1/2 cams)
t=11.767 mk_back_left: dropout (1/2 cams)
t=11.771 mk_back_left: dropout (1/2 cams)
t=11.775 mk_back_left: dropout (1/2 cams)
t=11.779 mk_back_left: dropout (1/2 cams)
t=11.783 mk_back_left: dropout (1/2 cams)
t=11.787 mk_back_left: dropout (1/2 cams)
t=11.792 mk_back_left: dropout (1/2 cams)
t=11.796 mk_back_left: dropout (1/2 cams)
t=11.800 mk_back_left: dropout (1/2 cams)
t=11.804 cam_oblique_e: ghost detection for mk_back_right
t=11.804 mk_back_left: dropout (1/2 cams)
t=11.804 mk_back_right: rejected by temporal gate (jump 21.67 mm over 4.2 ms, limit 17.37 mm)
t=11.804 pose: DROPPED (2/3 markers)
t=11.808 mk_back_left: dropout (1/2 cams)
t=11.812 mk_back_left: dropout (1/2 cams)
t=11.817 cam_oblique_w: ghost detection for mk_back_left
t=11.817 mk_back_left: rejected as fit outlier (residual 3.82 mm)
t=11.821 mk_back_left: dropout (1/2 cams)
t=11.825 mk_back_left: dropout (1/2 cams)
t=11.829 mk_back_left: dropout (1/2 cams)
t=11.833 mk_back_left: dropout (1/2 cams)
t=11.837 mk_back_left: dropout (1/2 cams)
t=11.842 mk_back_left: dropout (1/2 cams)
t=11.846 mk_back_left: dropout (1/2 cams)
t=11.850 mk_back_left: dropout (1/2 cams)
t=11.854 mk_back_left: dropout (1/2 cams)
t=11.858 mk_back_left: dropout (1/2 cams)
t=11.862 mk_back_left: dropout (1/2 cams)
t=11.867 mk_back_left: dropout (1/2 cams)
t=11.871 mk_back_left: dropout (1/2 cams)
t=11.875 mk_back_left: dropout (1/2 cams)
t=11.879 mk_back_left: dropout (1/2 cams)
t=11.883 mk_back_left: dropout (1/2 cams)
t=11.887 mk_back_left: dropout (1/2 cams)
t=11.892 mk_back_left: dropout (1/2 cams)
t=11.896 mk_back_left: dropout (1/2 cams)
t=11.900 mk_back_left: dropout (1/2 cams)
t=11.904 mk_back_left: dropout (1/2 cams)
t=11.908 mk_back_left: dropout (1/2 cams)
t=11.912 mk_back_left: dropout (1/2 cams)
t=11.917 mk_back_left: dropout (1/2 cams)
t=11.921 mk_back_left: dropout (1/2 cams)
t=11.925 mk_back_left: dropout (1/2 cams)
t=11.929 mk_back_left: dropout (1/2 cams)
t=11.933 mk_back_left: dropout (1/2 cams)
t=11.937 mk_back_left: dropout (1/2 cams)
t=11.942 mk_back_left: dropout (1/2 cams)
t=11.946 mk_back_left: dropout (1/2 cams)
t=11.950 mk_back_left: dropout (1/2 cams)
t=11.954 mk_back_left: dropout (1/2 cams)
t=11.958 mk_back_left: dropout (1/2 cams)
t=11.962 mk_back_left: dropout (1/2 cams)
t=11.967 mk_back_left: dropout (1/2 cams)
t=11.971 mk_back_left: dropout (1/2 cams)
t=11.975 mk_back_left: dropout (1/2 cams)
t=11.979 mk_back_left: dropout (1/2 cams)
t=11.983 mk_back_left: dropout (1/2 cams)
t=11.987 mk_back_left: dropout (1/2 cams)
t=11.992 mk_back_left: dropout (1/2 cams)
t=11.996 mk_back_left: dropout (1/2 cams)
t=12.000 mk_back_left: dropout (1/2 cams)
t=12.004 mk_back_left: dropout (1/2 cams)
t=12.008 mk_back_left: dropout (1/2 cams)
t=12.012 mk_back_left: dropout (1/2 cams)
t=12.017 mk_back_left: dropout (1/2 cams)
t=12.021 mk_back_left: dropout (1/2 cams)
t=12.025 mk_back_left: dropout (1/2 cams)
t=12.029 mk_back_left: dropout (1/2 cams)
t=12.033 mk_back_left: dropout (1/2 cams)
t=12.037 mk_back_left: dropout (1/2 cams)
t=12.042 mk_back_left: dropout (1/2 cams)
t=12.046 mk_back_left: dropout (1/2 cams)
t=12.050 mk_back_left: dropout (1/2 cams)
t=12.054 mk_back_left: dropout (1/2 cams)
t=12.058 mk_back_left: dropout (1/2 cams)
t=12.062 mk_back_left: dropout (1/2 cams)
t=12.067 mk_back_left: dropout (1/2 cams)
t=12.071 mk_back_left: dropout (1/2 cams)
t=12.075 mk_back_left: dropout (1/2 cams)
t=12.079 mk_back_left: dropout (1/2 cams)
t=12.083 mk_back_left: dropout (1/2 cams)
t=12.087 mk_back_left: dropout (1/2 cams)
t=12.092 mk_back_left: dropout (1/2 cams)
t=12.096 mk_back_left: dropout (1/2 cams)
t=12.100 mk_back_left: dropout (1/2 cams)
t=12.296 cam_oblique_w: ghost detection for mk_front_left
t=12.296 mk_front_left: rejected as fit outlier (residual 5.62 mm)
t=12.421 cam_oblique_w: ghost detection for mk_back_left
t=12.421 mk_back_left: rejected by temporal gate (jump 21.47 mm over 4.2 ms, limit 17.37 mm)
t=12.558 cam_oblique_w: ghost detection for mk_back_left
t=12.800 cam_overhead: ghost detection for mk_back_right
t=12.800 mk_back_right: rejected as fit outlier (residual 8.21 mm)
t=12.842 cam_oblique_w: ghost detection for mk_back_left
t=12.842 mk_back_left: rejected as fit outlier (residual 6.03 mm)
t=13.212 cam_oblique_w: ghost detection for mk_back_left
t=13.212 mk_back_left: rejected as fit outlier (residual 3.75 mm)
t=13.842 mk_back_left: dropout (1/2 cams)
t=13.846 mk_back_left: dropout (1/2 cams)
t=13.850 mk_back_left: dropout (1/2 cams)
t=13.854 mk_back_left: dropout (1/2 cams)
t=13.858 mk_back_left: dropout (1/2 cams)
t=13.862 mk_back_left: dropout (1/2 cams)
t=13.867 mk_back_left: dropout (1/2 cams)
t=13.871 mk_back_left: dropout (1/2 cams)
t=13.875 mk_back_left: dropout (1/2 cams)
t=13.879 mk_back_left: dropout (1/2 cams)
t=13.883 mk_back_left: dropout (1/2 cams)
t=13.887 mk_back_left: dropout (1/2 cams)
t=13.892 mk_back_left: dropout (1/2 cams)
t=13.896 mk_back_left: dropout (1/2 cams)
t=13.900 mk_back_left: dropout (1/2 cams)
t=13.904 mk_back_left: dropout (1/2 cams)
t=13.908 mk_back_left: dropout (1/2 cams)
t=13.912 mk_back_left: dropout (1/2 cams)
t=13.917 mk_back_left: dropout (1/2 cams)
t=13.921 mk_back_left: dropout (1/2 cams)
t=13.925 mk_back_left: dropout (1/2 cams)
t=13.929 mk_back_left: dropout (1/2 cams)
t=13.933 mk_back_left: dropout (1/2 cams)
t=13.937 mk_back_left: dropout (1/2 cams)
t=13.942 mk_back_left: dropout (1/2 cams)
t=13.946 mk_back_left: dropout (1/2 cams)
t=13.950 mk_back_left: dropout (1/2 cams)
t=13.954 mk_back_left: dropout (1/2 cams)
t=13.958 mk_back_left: dropout (1/2 cams)
t=13.962 mk_back_left: dropout (1/2 cams)
t=13.967 mk_back_left: dropout (1/2 cams)
t=13.971 mk_back_left: dropout (1/2 cams)
t=13.975 mk_back_left: dropout (1/2 cams)
t=13.979 mk_back_left: dropout (1/2 cams)
t=13.983 mk_back_left: dropout (1/2 cams)
t=13.987 mk_back_left: dropout (1/2 cams)
t=13.992 mk_back_left: dropout (1/2 cams)
t=13.996 mk_back_left: dropout (1/2 cams)
t=14.000 mk_back_left: dropout (1/2 cams)
t=14.004 mk_back_left: dropout (1/2 cams)
t=14.008 mk_back_left: dropout (1/2 cams)
t=14.012 mk_back_left: dropout (1/2 cams)
t=14.017 mk_back_left: dropout (1/2 cams)
t=14.021 mk_back_left: dropout (1/2 cams)
t=14.025 mk_back_left: dropout (1/2 cams)
t=14.029 mk_back_left: dropout (1/2 cams)
t=14.033 mk_back_left: dropout (1/2 cams)
t=14.037 mk_back_left: dropout (1/2 cams)
t=14.042 mk_back_left: dropout (1/2 cams)
t=14.046 mk_back_left: dropout (1/2 cams)
t=14.050 mk_back_left: dropout (1/2 cams)
t=14.054 mk_back_left: dropout (1/2 cams)
t=14.058 mk_back_left: dropout (1/2 cams)
t=14.062 mk_back_left: dropout (1/2 cams)
t=14.067 mk_back_left: dropout (1/2 cams)
t=14.071 mk_back_left: dropout (1/2 cams)
t=14.075 mk_back_left: dropout (1/2 cams)
t=14.079 mk_back_left: dropout (1/2 cams)
t=14.083 mk_back_left: dropout (1/2 cams)
t=14.087 mk_back_left: dropout (1/2 cams)
t=14.092 mk_back_left: dropout (1/2 cams)
t=14.096 mk_back_left: dropout (1/2 cams)
t=14.100 mk_back_left: dropout (1/2 cams)
t=14.104 mk_back_left: dropout (1/2 cams)
t=14.108 mk_back_left: dropout (1/2 cams)
t=14.112 mk_back_left: dropout (1/2 cams)
t=14.117 mk_back_left: dropout (1/2 cams)
t=14.121 mk_back_left: dropout (1/2 cams)
t=14.125 mk_back_left: dropout (1/2 cams)
t=14.129 mk_back_left: dropout (1/2 cams)
t=14.133 mk_back_left: dropout (1/2 cams)
t=14.137 mk_back_left: dropout (1/2 cams)
t=14.142 mk_back_left: dropout (1/2 cams)
t=14.146 mk_back_left: dropout (1/2 cams)
t=14.150 mk_back_left: dropout (1/2 cams)
t=14.154 mk_back_left: dropout (1/2 cams)
t=14.158 mk_back_left: dropout (1/2 cams)
t=14.162 mk_back_left: dropout (1/2 cams)
t=14.167 mk_back_left: dropout (1/2 cams)
t=14.171 mk_back_left: dropout (1/2 cams)
t=14.175 mk_back_left: dropout (1/2 cams)
t=14.179 mk_back_left: dropout (1/2 cams)
t=14.183 mk_back_left: dropout (1/2 cams)
t=14.187 mk_back_left: dropout (1/2 cams)
t=14.192 mk_back_left: dropout (1/2 cams)
t=14.196 mk_back_left: dropout (1/2 cams)
t=14.200 mk_back_left: dropout (1/2 cams)
t=14.204 mk_back_left: dropout (1/2 cams)
t=14.208 mk_back_left: dropout (1/2 cams)
t=14.212 mk_back_left: dropout (1/2 cams)
t=14.217 mk_back_left: dropout (1/2 cams)
t=14.221 mk_back_left: dropout (1/2 cams)
t=14.225 mk_back_left: dropout (1/2 cams)
t=14.229 mk_back_left: dropout (1/2 cams)
t=14.233 mk_back_left: dropout (1/2 cams)
t=14.237 mk_back_left: dropout (1/2 cams)
t=14.242 mk_back_left: dropout (1/2 cams)
t=14.246 mk_back_left: dropout (1/2 cams)
t=14.250 cam_overhead: ghost detection for mk_back_left
t=14.250 mk_back_left: rejected as fit outlier (residual 5.35 mm)
t=14.254 mk_back_left: dropout (1/2 cams)
t=14.258 mk_back_left: dropout (1/2 cams)
t=14.262 mk_back_left: dropout (1/2 cams)
t=14.267 mk_back_left: dropout (1/2 cams)
t=14.271 mk_back_left: dropout (1/2 cams)
t=14.275 mk_back_left: dropout (1/2 cams)
t=14.279 mk_back_left: dropout (1/2 cams)
t=14.283 mk_back_left: dropout (1/2 cams)
t=14.287 mk_back_left: dropout (1/2 cams)
t=14.292 mk_back_left: dropout (1/2 cams)
t=14.296 mk_back_left: dropout (1/2 cams)
t=14.300 mk_back_left: dropout (1/2 cams)
t=14.304 mk_back_left: dropout (1/2 cams)
t=14.308 mk_back_left: dropout (1/2 cams)
t=14.312 mk_back_left: dropout (1/2 cams)
t=14.317 mk_back_left: dropout (1/2 cams)
t=14.321 mk_back_left: dropout (1/2 cams)
t=14.325 mk_back_left: dropout (1/2 cams)
t=14.329 mk_back_left: dropout (1/2 cams)
t=14.333 mk_back_left: dropout (1/2 cams)
t=14.337 mk_back_left: dropout (1/2 cams)
t=14.342 mk_back_left: dropout (1/2 cams)
t=14.346 mk_back_left: dropout (1/2 cams)
t=14.350 mk_back_left: dropout (1/2 cams)
t=14.354 mk_back_left: dropout (1/2 cams)
t=14.358 mk_back_left: dropout (1/2 cams)
t=14.362 mk_back_left: dropout (1/2 cams)
t=14.367 mk_back_left: dropout (1/2 cams)
t=14.371 mk_back_left: dropout (1/2 cams)
t=14.375 mk_back_left: dropout (1/2 cams)
t=14.379 mk_back_left: dropout (1/2 cams)
t=14.383 mk_back_left: dropout (1/2 cams)
t=14.387 mk_back_left: dropout (1/2 cams)
t=14.392 mk_back_left: dropout (1/2 cams)
t=14.396 mk_back_left: dropout (1/2 cams)
t=14.400 mk_back_left: dropout (1/2 cams)
t=14.404 mk_back_left: dropout (1/2 cams)
t=14.408 mk_back_left: dropout (1/2 cams)
t=14.412 mk_back_left: dropout (1/2 cams)
t=14.417 mk_back_left: dropout (1/2 cams)
t=14.421 mk_back_left: dropout (1/2 cams)
t=14.425 mk_back_left: dropout (1/2 cams)
t=14.429 mk_back_left: dropout (1/2 cams)
t=14.433 mk_back_left: dropout (1/2 cams)
t=14.437 mk_back_left: dropout (1/2 cams)
t=14.442 mk_back_left: dropout (1/2 cams)
t=14.446 mk_back_left: dropout (1/2 cams)
t=14.450 mk_back_left: dropout (1/2 cams)
t=14.454 mk_back_left: dropout (1/2 cams)
t=14.458 mk_back_left: dropout (1/2 cams)
t=14.462 mk_back_left: dropout (1/2 cams)
t=14.467 mk_back_left: dropout (1/2 cams)
t=14.471 mk_back_left: dropout (1/2 cams)
t=14.475 mk_back_left: dropout (1/2 cams)
t=14.479 mk_back_left: dropout (1/2 cams)
t=14.483 mk_back_left: dropout (1/2 cams)
t=14.487 mk_back_left: dropout (1/2 cams)
t=14.492 mk_back_left: dropout (1/2 cams)
t=14.496 mk_back_left: dropout (1/2 cams)
t=14.500 mk_back_left: dropout (1/2 cams)
t=14.504 mk_back_left: dropout (1/2 cams)
t=14.508 mk_back_left: dropout (1/2 cams)
t=14.512 mk_back_left: dropout (1/2 cams)
t=14.517 mk_back_left: dropout (1/2 cams)
t=14.521 mk_back_left: dropout (1/2 cams)
t=14.525 mk_back_left: dropout (1/2 cams)
t=14.529 mk_back_left: dropout (1/2 cams)
t=14.533 mk_back_left: dropout (1/2 cams)
t=14.537 mk_back_left: dropout (1/2 cams)
t=14.542 mk_back_left: dropout (1/2 cams)
t=14.546 mk_back_left: dropout (1/2 cams)
t=14.550 mk_back_left: dropout (1/2 cams)
t=14.554 mk_back_left: dropout (1/2 cams)
t=14.558 mk_back_left: dropout (1/2 cams)
t=14.562 mk_back_left: dropout (1/2 cams)
t=14.567 mk_back_left: dropout (1/2 cams)
t=14.571 mk_back_left: dropout (1/2 cams)
t=14.575 mk_back_left: dropout (1/2 cams)
t=14.579 mk_back_left: dropout (1/2 cams)
t=14.583 mk_back_left: dropout (1/2 cams)
t=14.587 mk_back_left: dropout (1/2 cams)
t=14.592 mk_back_left: dropout (1/2 cams)
t=14.596 mk_back_left: dropout (1/2 cams)
t=14.600 mk_back_left: dropout (1/2 cams)
t=14.604 mk_back_left: dropout (1/2 cams)
t=14.608 mk_back_left: dropout (1/2 cams)
t=14.612 mk_back_left: dropout (1/2 cams)
t=14.617 mk_back_left: dropout (1/2 cams)
t=14.621 mk_back_left: dropout (1/2 cams)
t=14.625 mk_back_left: dropout (1/2 cams)
t=14.629 mk_back_left: dropout (1/2 cams)
t=14.633 mk_back_left: dropout (1/2 cams)
t=14.637 mk_back_left: dropout (1/2 cams)
t=14.642 mk_back_left: dropout (1/2 cams)
t=14.646 mk_back_left: dropout (1/2 cams)
t=14.650 mk_back_left: dropout (1/2 cams)
t=14.654 mk_back_left: dropout (1/2 cams)
t=14.658 mk_back_left: dropout (1/2 cams)
t=14.662 mk_back_left: dropout (1/2 cams)
t=14.667 mk_back_left: dropout (1/2 cams)
t=14.671 mk_back_left: dropout (1/2 cams)
t=14.675 mk_back_left: dropout (1/2 cams)
t=14.679 mk_back_left: dropout (1/2 cams)
t=14.683 mk_back_left: dropout (1/2 cams)
t=14.687 mk_back_left: dropout (1/2 cams)
t=14.692 mk_back_left: dropout (1/2 cams)
t=14.696 mk_back_left: dropout (1/2 cams)
t=14.700 mk_back_left: dropout (1/2 cams)
t=14.704 mk_back_left: dropout (1/2 cams)
t=14.708 mk_back_left: dropout (1/2 cams)
t=14.712 mk_back_left: dropout (1/2 cams)
t=14.717 mk_back_left: dropout (1/2 cams)
t=14.721 mk_back_left: dropout (1/2 cams)
t=14.725 mk_back_left: dropout (1/2 cams)
t=14.729 mk_back_left: dropout (1/2 cams)
t=14.733 mk_back_left: dropout (1/2 cams)
t=14.737 mk_back_left: dropout (1/2 cams)
t=14.742 mk_back_left: dropout (1/2 cams)
t=14.746 mk_back_left: dropout (1/2 cams)
t=14.750 mk_back_left: dropout (1/2 cams)
t=14.754 mk_back_left: dropout (1/2 cams)
t=14.758 mk_back_left: dropout (1/2 cams)
t=14.762 mk_back_left: dropout (1/2 cams)
t=14.767 mk_back_left: dropout (1/2 cams)
t=14.771 mk_back_left: dropout (1/2 cams)
t=14.775 mk_back_left: dropout (1/2 cams)
t=14.779 mk_back_left: dropout (1/2 cams)
t=14.783 mk_back_left: dropout (1/2 cams)
t=14.787 mk_back_left: dropout (1/2 cams)
t=14.792 mk_back_left: dropout (1/2 cams)
t=14.796 mk_back_left: dropout (1/2 cams)
t=14.800 cam_overhead: ghost detection for mk_back_left
t=14.800 mk_back_left: rejected as fit outlier (residual 10.39 mm)
t=14.804 mk_back_left: dropout (1/2 cams)
t=14.808 mk_back_left: dropout (1/2 cams)
t=14.812 mk_back_left: dropout (1/2 cams)
t=14.817 mk_back_left: dropout (1/2 cams)
t=14.821 mk_back_left: dropout (1/2 cams)
t=14.825 mk_back_left: dropout (1/2 cams)
t=14.829 mk_back_left: dropout (1/2 cams)
t=14.833 mk_back_left: dropout (1/2 cams)
t=14.837 mk_back_left: dropout (1/2 cams)
t=14.842 mk_back_left: dropout (1/2 cams)
t=14.846 mk_back_left: dropout (1/2 cams)
t=14.850 mk_back_left: dropout (1/2 cams)
t=14.854 mk_back_left: dropout (1/2 cams)
t=14.858 mk_back_left: dropout (1/2 cams)
t=14.862 mk_back_left: dropout (1/2 cams)
t=14.867 mk_back_left: dropout (1/2 cams)
t=14.871 mk_back_left: dropout (1/2 cams)
t=14.875 mk_back_left: dropout (1/2 cams)
t=14.879 mk_back_left: dropout (1/2 cams)
t=14.883 mk_back_left: dropout (1/2 cams)
t=14.887 mk_back_left: dropout (1/2 cams)
t=14.892 mk_back_left: dropout (1/2 cams)
t=14.896 mk_back_left: dropout (1/2 cams)
t=14.900 mk_back_left: dropout (1/2 cams)
t=14.904 mk_back_left: dropout (1/2 cams)
t=14.908 mk_back_left: dropout (1/2 cams)
t=14.912 mk_back_left: dropout (1/2 cams)
t=14.917 mk_back_left: dropout (1/2 cams)
t=14.921 mk_back_left: dropout (1/2 cams)
t=14.925 mk_back_left: dropout (1/2 cams)
t=14.929 mk_back_left: dropout (1/2 cams)
t=14.933 mk_back_left: dropout (1/2 cams)
t=14.937 mk_back_left: dropout (1/2 cams)
t=14.942 mk_back_left: dropout (1/2 cams)
t=14.946 mk_back_left: dropout (1/2 cams)
t=14.950 mk_back_left: dropout (1/2 cams)
t=14.954 mk_back_left: dropout (1/2 cams)
t=14.958 mk_back_left: dropout (1/2 cams)
t=14.962 mk_back_left: dropout (1/2 cams)
t=14.967 mk_back_left: dropout (1/2 cams)
t=14.971 mk_back_left: dropout (1/2 cams)
t=14.975 cam_overhead: ghost detection for mk_back_left
t=14.975 mk_back_left: rejected as fit outlier (residual 10.16 mm)
t=14.979 mk_back_left: dropout (1/2 cams)
t=14.983 mk_back_left: dropout (1/2 cams)
t=14.987 mk_back_left: dropout (1/2 cams)
t=14.992 mk_back_left: dropout (1/2 cams)
t=14.996 mk_back_left: dropout (1/2 cams)
t=15.000 mk_back_left: dropout (1/2 cams)
t=15.004 cam_overhead: ghost detection for mk_back_left
t=15.004 mk_back_left: rejected as fit outlier (residual 3.41 mm)
t=15.008 mk_back_left: dropout (1/2 cams)
t=15.012 mk_back_left: dropout (1/2 cams)
t=15.017 mk_back_left: dropout (1/2 cams)
t=15.021 mk_back_left: dropout (1/2 cams)
t=15.025 mk_back_left: dropout (1/2 cams)
t=15.029 mk_back_left: dropout (1/2 cams)
t=15.033 mk_back_left: dropout (1/2 cams)
t=15.037 mk_back_left: dropout (1/2 cams)
t=15.042 mk_back_left: dropout (1/2 cams)
t=15.046 mk_back_left: dropout (1/2 cams)
t=15.050 mk_back_left: dropout (1/2 cams)
t=15.054 mk_back_left: dropout (1/2 cams)
t=15.058 mk_back_left: dropout (1/2 cams)
t=15.062 cam_oblique_w: ghost detection for mk_front_left
t=15.062 mk_back_left: dropout (1/2 cams)
t=15.067 mk_back_left: dropout (1/2 cams)
t=15.071 mk_back_left: dropout (1/2 cams)
t=15.075 mk_back_left: dropout (1/2 cams)
t=15.079 mk_back_left: dropout (1/2 cams)
t=15.083 mk_back_left: dropout (1/2 cams)
t=15.087 mk_back_left: dropout (1/2 cams)
t=15.092 mk_back_left: dropout (1/2 cams)
t=15.096 mk_back_left: dropout (1/2 cams)
t=15.100 mk_back_left: dropout (1/2 cams)
t=15.104 mk_back_left: dropout (1/2 cams)
t=15.108 mk_back_left: dropout (1/2 cams)
t=15.112 mk_back_left: dropout (1/2 cams)
t=15.117 mk_back_left: dropout (1/2 cams)
t=15.121 mk_back_left: dropout (1/2 cams)
t=15.125 mk_back_left: dropout (1/2 cams)
t=15.129 mk_back_left: dropout (1/2 cams)
t=15.133 mk_back_left: dropout (1/2 cams)
t=15.137 mk_back_left: dropout (1/2 cams)
t=15.142 mk_back_left: dropout (1/2 cams)
t=15.146 mk_back_left: dropout (1/2 cams)
t=15.150 mk_back_left: dropout (1/2 cams)
t=15.154 mk_back_left: dropout (1/2 cams)
t=15.158 mk_back_left: dropout (1/2 cams)
t=15.162 mk_back_left: dropout (1/2 cams)
t=15.167 mk_back_left: dropout (1/2 cams)
t=15.171 mk_back_left: dropout (1/2 cams)
t=15.175 mk_back_left: dropout (1/2 cams)
t=15.179 mk_back_left: dropout (1/2 cams)
t=15.183 mk_back_left: dropout (1/2 cams)
t=15.187 mk_back_left: dropout (1/2 cams)
t=15.192 mk_back_left: dropout (1/2 cams)
t=15.196 mk_back_left: dropout (1/2 cams)
t=15.200 mk_back_left: dropout (1/2 cams)
t=15.204 mk_back_left: dropout (1/2 cams)
t=15.208 mk_back_left: dropout (1/2 cams)
t=15.212 mk_back_left: dropout (1/2 cams)
t=15.217 mk_back_left: dropout (1/2 cams)
t=15.221 mk_back_left: dropout (1/2 cams)
t=15.225 mk_back_left: dropout (1/2 cams)
t=15.229 mk_back_left: dropout (1/2 cams)
t=15.233 mk_back_left: dropout (1/2 cams)
t=15.237 mk_back_left: dropout (1/2 cams)
t=15.242 mk_back_left: dropout (1/2 cams)
t=15.246 mk_back_left: dropout (1/2 cams)
t=15.250 mk_back_left: dropout (1/2 cams)
t=15.254 mk_back_left: dropout (1/2 cams)
t=15.258 mk_back_left: dropout (1/2 cams)
t=15.262 mk_back_left: dropout (1/2 cams)
t=15.267 mk_back_left: dropout (1/2 cams)
t=15.271 mk_back_left: dropout (1/2 cams)
t=15.275 mk_back_left: dropout (1/2 cams)
t=15.279 mk_back_left: dropout (1/2 cams)
t=15.283 mk_back_left: dropout (1/2 cams)
t=15.287 mk_back_left: dropout (1/2 cams)
t=15.292 mk_back_left: dropout (1/2 cams)
t=15.296 mk_back_left: dropout (1/2 cams)
t=15.300 mk_back_left: dropout (1/2 cams)
t=15.304 mk_back_left: dropout (1/2 cams)
t=15.308 mk_back_left: dropout (1/2 cams)
t=15.312 mk_back_left: dropout (1/2 cams)
t=15.317 mk_back_left: dropout (1/2 cams)
t=15.321 mk_back_left: dropout (1/2 cams)
t=15.325 mk_back_left: dropout (1/2 cams)
t=15.329 mk_back_left: dropout (1/2 cams)
t=15.333 mk_back_left: dropout (1/2 cams)
t=15.337 mk_back_left: dropout (1/2 cams)
t=15.342 mk_back_left: dropout (1/2 cams)
t=15.346 mk_back_left: dropout (1/2 cams)
t=15.350 mk_back_left: dropout (1/2 cams)
t=15.354 mk_back_left: dropout (1/2 cams)
t=15.358 mk_back_left: dropout (1/2 cams)
t=15.362 mk_back_left: dropout (1/2 cams)
t=15.367 mk_back_left: dropout (1/2 cams)
t=15.371 mk_back_left: dropout (1/2 cams)
t=15.375 mk_back_left: dropout (1/2 cams)
t=15.379 mk_back_left: dropout (1/2 cams)
t=15.383 mk_back_left: dropout (1/2 cams)
t=15.387 mk_back_left: dropout (1/2 cams)
t=15.392 mk_back_left: dropout (1/2 cams)
t=15.396 mk_back_left: dropout (1/2 cams)
t=15.400 mk_back_left: dropout (1/2 cams)
t=15.404 mk_back_left: dropout (1/2 cams)
t=15.408 mk_back_left: dropout (1/2 cams)
t=15.412 mk_back_left: dropout (1/2 cams)
t=15.417 mk_back_left: dropout (1/2 cams)
t=15.421 mk_back_left: dropout (1/2 cams)
t=15.425 mk_back_left: dropout (1/2 cams)
t=15.429 mk_back_left: dropout (1/2 cams)
t=15.433 mk_back_left: dropout (1/2 cams)
t=15.437 mk_back_left: dropout (1/2 cams)
t=15.442 mk_back_left: dropout (1/2 cams)
t=15.446 cam_oblique_w: ghost detection for mk_back_left
t=15.446 mk_back_left: rejected as fit outlier (residual 11.46 mm)
t=15.450 mk_back_left: dropout (1/2 cams)
t=15.454 mk_back_left: dropout (1/2 cams)
t=15.458 mk_back_left: dropout (1/2 cams)
t=15.462 mk_back_left: dropout (1/2 cams)
t=15.467 mk_back_left: dropout (1/2 cams)
t=15.471 mk_back_left: dropout (1/2 cams)
t=15.475 mk_back_left: dropout (1/2 cams)
t=15.479 mk_back_left: dropout (1/2 cams)
t=15.483 mk_back_left: dropout (1/2 cams)
t=15.487 mk_back_left: dropout (1/2 cams)
t=15.492 mk_back_left: dropout (1/2 cams)
t=15.496 mk_back_left: dropout (1/2 cams)
t=15.500 mk_back_left: dropout (1/2 cams)
t=15.504 mk_back_left: dropout (1/2 cams)
t=15.508 mk_back_left: dropout (1/2 cams)
t=15.512 mk_back_left: dropout (1/2 cams)
t=15.517 mk_back_left: dropout (1/2 cams)
t=15.521 mk_back_left: dropout (1/2 cams)
t=15.525 mk_back_left: dropout (1/2 cams)
t=15.529 mk_back_left: dropout (1/2 cams)
t=15.533 mk_back_left: dropout (1/2 cams)
t=15.537 mk_back_left: dropout (1/2 cams)
t=15.542 mk_back_left: dropout (1/2 cams)
t=15.546 mk_back_left: dropout (1/2 cams)
t=15.550 mk_back_left: dropout (1/2 cams)
t=15.554 mk_back_left: dropout (1/2 cams)
t=15.558 mk_back_left: dropout (1/2 cams)
t=15.562 mk_back_left: dropout (1/2 cams)
t=15.567 mk_back_left: dropout (1/2 cams)
t=15.571 mk_back_left: dropout (1/2 cams)
t=15.575 mk_back_left: dropout (1/2 cams)
t=15.579 mk_back_left: dropout (1/2 cams)
t=15.583 mk_back_left: dropout (1/2 cams)
t=15.587 mk_back_left: dropout (1/2 cams)
t=15.592 mk_back_left: dropout (1/2 cams)
t=15.596 mk_back_left: dropout (1/2 cams)
t=15.600 mk_back_left: dropout (1/2 cams)
t=15.604 mk_back_left: dropout (1/2 cams)
t=15.608 mk_back_left: dropout (1/2 cams)
t=15.612 mk_back_left: dropout (1/2 cams)
t=15.617 mk_back_left: dropout (1/2 cams)
t=15.621 mk_back_left: dropout (1/2 cams)
t=15.625 mk_back_left: dropout (1/2 cams)
t=15.629 mk_back_left: dropout (1/2 cams)
t=15.633 mk_back_left: dropout (1/2 cams)
t=15.637 mk_back_left: dropout (1/2 cams)
t=15.642 mk_back_left: dropout (1/2 cams)
t=15.646 mk_back_left: dropout (1/2 cams)
t=15.650 mk_back_left: dropout (1/2 cams)
t=15.654 mk_back_left: dropout (1/2 cams)
t=15.658 mk_back_left: dropout (1/2 cams)
t=15.662 mk_back_left: dropout (1/2 cams)
t=15.667 mk_back_left: dropout (1/2 cams)
t=15.671 mk_back_left: dropout (1/2 cams)
t=15.675 mk_back_left: dropout (1/2 cams)
t=15.679 mk_back_left: dropout (1/2 cams)
t=15.683 mk_back_left: dropout (1/2 cams)
t=15.687 mk_back_left: dropout (1/2 cams)
t=15.692 mk_back_left: dropout (1/2 cams)
t=15.696 mk_back_left: dropout (1/2 cams)
t=15.700 mk_back_left: dropout (1/2 cams)
t=15.704 mk_back_left: dropout (1/2 cams)
t=15.708 mk_back_left: dropout (1/2 cams)
t=15.712 mk_back_left: dropout (1/2 cams)
t=15.717 mk_back_left: dropout (1/2 cams)
t=15.721 cam_oblique_w: ghost detection for mk_back_left
t=15.721 mk_back_left: rejected as fit outlier (residual 6.19 mm)
t=15.725 mk_back_left: dropout (1/2 cams)
t=15.729 mk_back_left: dropout (1/2 cams)
t=15.733 mk_back_left: dropout (1/2 cams)
t=15.737 mk_back_left: dropout (1/2 cams)
t=15.742 mk_back_left: dropout (1/2 cams)
t=15.746 mk_back_left: dropout (1/2 cams)
t=15.750 mk_back_left: dropout (1/2 cams)
t=15.754 mk_back_left: dropout (1/2 cams)
t=15.758 mk_back_left: dropout (1/2 cams)
t=15.762 mk_back_left: dropout (1/2 cams)
t=15.767 mk_back_left: dropout (1/2 cams)
t=15.771 mk_back_left: dropout (1/2 cams)
t=15.775 mk_back_left: dropout (1/2 cams)
t=15.779 mk_back_left: dropout (1/2 cams)
t=15.783 cam_overhead: ghost detection for mk_back_left
t=15.783 mk_back_left: rejected as fit outlier (residual 11.77 mm)
t=15.787 mk_back_left: dropout (1/2 cams)
t=15.792 mk_back_left: dropout (1/2 cams)
t=15.796 mk_back_left: dropout (1/2 cams)
t=15.800 mk_back_left: dropout (1/2 cams)
t=15.804 mk_back_left: dropout (1/2 cams)
t=15.808 mk_back_left: dropout (1/2 cams)
t=15.812 mk_back_left: dropout (1/2 cams)
t=15.817 mk_back_left: dropout (1/2 cams)
t=15.821 mk_back_left: dropout (1/2 cams)
t=15.825 mk_back_left: dropout (1/2 cams)
t=15.829 mk_back_left: dropout (1/2 cams)
t=15.833 mk_back_left: dropout (1/2 cams)
t=15.837 mk_back_left: dropout (1/2 cams)
t=15.842 mk_back_left: dropout (1/2 cams)
t=15.846 mk_back_left: dropout (1/2 cams)
t=15.850 mk_back_left: dropout (1/2 cams)
t=15.854 mk_back_left: dropout (1/2 cams)
t=15.858 mk_back_left: dropout (1/2 cams)
t=15.862 mk_back_left: dropout (1/2 cams)
t=15.867 mk_back_left: dropout (1/2 cams)
t=15.871 mk_back_left: dropout (1/2 cams)
t=15.875 mk_back_left: dropout (1/2 cams)
t=15.879 mk_back_left: dropout (1/2 cams)
t=15.883 mk_back_left: dropout (1/2 cams)
t=15.887 mk_back_left: dropout (1/2 cams)
t=15.892 mk_back_left: dropout (1/2 cams)
t=15.896 mk_back_left: dropout (1/2 cams)
t=15.900 mk_back_left: dropout (1/2 cams)
t=15.904 mk_back_left: dropout (1/2 cams)
t=15.908 mk_back_left: dropout (1/2 cams)
t=15.912 mk_back_left: dropout (1/2 cams)
t=15.917 mk_back_left: dropout (1/2 cams)
t=15.921 mk_back_left: dropout (1/2 cams)
t=15.925 mk_back_left: dropout (1/2 cams)
t=15.929 mk_back_left: dropout (1/2 cams)
t=15.933 mk_back_left: dropout (1/2 cams)
t=15.937 mk_back_left: dropout (1/2 cams)
t=15.942 mk_back_left: dropout (1/2 cams)
t=15.946 mk_back_left: dropout (1/2 cams)
t=15.950 mk_back_left: dropout (1/2 cams)
t=15.954 mk_back_left: dropout (1/2 cams)
t=15.958 mk_back_left: dropout (1/2 cams)
t=15.962 mk_back_left: dropout (1/2 cams)
t=15.967 mk_back_left: dropout (1/2 cams)
t=15.971 mk_back_left: dropout (1/2 cams)
t=15.975 mk_back_left: dropout (1/2 cams)
t=15.979 mk_back_left: dropout (1/2 cams)
t=15.983 mk_back_left: dropout (1/2 cams)
t=15.987 mk_back_left: dropout (1/2 cams)
t=15.992 cam_oblique_e: ghost detection for mk_back_right
t=15.992 mk_back_left: dropout (1/2 cams)
t=15.996 mk_back_left: dropout (1/2 cams)
t=16.000 cam_overhead: ghost detection for mk_back_left
t=16.000 mk_back_left: rejected as fit outlier (residual 6.92 mm)
t=16.004 mk_back_left: dropout (1/2 cams)
t=16.008 mk_back_left: dropout (1/2 cams)
t=16.012 mk_back_left: dropout (1/2 cams)
t=16.017 mk_back_left: dropout (1/2 cams)
t=16.021 mk_back_left: dropout (1/2 cams)
t=16.025 mk_back_left: dropout (1/2 cams)
t=16.029 mk_back_left: dropout (1/2 cams)
t=16.033 mk_back_left: dropout (1/2 cams)
t=16.037 mk_back_left: dropout (1/2 cams)
t=16.042 mk_back_left: dropout (1/2 cams)
t=16.046 mk_back_left: dropout (1/2 cams)
t=16.050 mk_back_left: dropout (1/2 cams)
t=16.054 mk_back_left: dropout (1/2 cams)
t=16.058 mk_back_left: dropout (1/2 cams)
t=16.062 mk_back_left: dropout (1/2 cams)
t=16.067 mk_back_left: dropout (1/2 cams)
t=16.071 mk_back_left: dropout (1/2 cams)
t=16.075 mk_back_left: dropout (1/2 cams)
t=16.079 mk_back_left: dropout (1/2 cams)
t=16.083 mk_back_left: dropout (1/2 cams)
t=16.087 mk_back_left: dropout (1/2 cams)
t=16.092 mk_back_left: dropout (1/2 cams)
t=16.096 mk_back_left: dropout (1/2 cams)
t=16.100 mk_back_left: dropout (1/2 cams)
t=16.104 mk_back_left: dropout (1/2 cams)
t=16.108 mk_back_left: dropout (1/2 cams)
t=16.112 mk_back_left: dropout (1/2 cams)
t=16.117 mk_back_left: dropout (1/2 cams)
t=16.121 mk_back_left: dropout (1/2 cams)
t=16.125 mk_back_left: dropout (1/2 cams)
t=16.129 mk_back_left: dropout (1/2 cams)
t=16.133 mk_back_left: dropout (1/2 cams)
t=16.137 mk_back_left: dropout (1/2 cams)
t=16.142 mk_back_left: dropout (1/2 cams)
t=16.146 mk_back_left: dropout (1/2 cams)
t=16.150 mk_back_left: dropout (1/2 cams)
t=16.154 mk_back_left: dropout (1/2 cams)
t=16.158 mk_back_left: dropout (1/2 cams)
t=16.162 mk_back_left: dropout (1/2 cams)
t=16.167 mk_back_left: dropout (1/2 cams)
t=16.171 mk_back_left: dropout (1/2 cams)
t=16.175 mk_back_left: dropout (1/2 cams)
t=16.179 mk_back_left: dropout (1/2 cams)
t=16.183 mk_back_left: dropout (1/2 cams)
t=16.187 mk_back_left: dropout (1/2 cams)
t=16.192 mk_back_left: dropout (1/2 cams)
t=16.196 mk_back_left: dropout (1/2 cams)
t=16.200 mk_back_left: dropout (1/2 cams)
t=16.204 mk_back_left: dropout (1/2 cams)
t=16.208 mk_back_left: dropout (1/2 cams)
t=16.212 mk_back_left: dropout (1/2 cams)
t=16.217 mk_back_left: dropout (1/2 cams)
t=16.221 mk_back_left: dropout (1/2 cams)
t=16.225 mk_back_left: dropout (1/2 cams)
t=16.229 mk_back_left: dropout (1/2 cams)
t=16.233 mk_back_left: dropout (1/2 cams)
t=16.237 mk_back_left: dropout (1/2 cams)
t=16.242 mk_back_left: dropout (1/2 cams)
t=16.246 mk_back_left: dropout (1/2 cams)
t=16.250 mk_back_left: dropout (1/2 cams)
t=16.254 mk_back_left: dropout (1/2 cams)
t=16.258 mk_back_left: dropout (1/2 cams)
t=16.262 mk_back_left: dropout (1/2 cams)
t=16.267 mk_back_left: dropout (1/2 cams)
t=16.271 mk_back_left: dropout (1/2 cams)
t=16.275 mk_back_left: dropout (1/2 cams)
t=16.279 mk_back_left: dropout (1/2 cams)
t=16.283 mk_back_left: dropout (1/2 cams)
t=16.287 mk_back_left: dropout (1/2 cams)
t=16.292 mk_back_left: dropout (1/2 cams)
t=16.296 mk_back_left: dropout (1/2 cams)
t=16.300 mk_back_left: dropout (1/2 cams)
t=16.304 mk_back_left: dropout (1/2 cams)
t=16.308 mk_back_left: dropout (1/2 cams)
t=16.312 mk_back_left: dropout (1/2 cams)
t=16.317 mk_back_left: dropout (1/2 cams)
t=16.321 mk_back_left: dropout (1/2 cams)
t=16.325 mk_back_left: dropout (1/2 cams)
t=16.329 mk_back_left: dropout (1/2 cams)
t=16.333 mk_back_left: dropout (1/2 cams)
t=16.337 mk_back_left: dropout (1/2 cams)
t=16.342 mk_back_left: dropout (1/2 cams)
t=16.346 mk_back_left: dropout (1/2 cams)
t=16.350 mk_back_left: dropout (1/2 cams)
t=16.354 mk_back_left: dropout (1/2 cams)
t=16.358 mk_back_left: dropout (1/2 cams)
t=16.362 mk_back_left: dropout (1/2 cams)
t=16.367 mk_back_left: dropout (1/2 cams)
t=16.371 mk_back_left: dropout (1/2 cams)
t=16.375 mk_back_left: dropout (1/2 cams)
t=16.379 mk_back_left: dropout (1/2 cams)
t=16.383 mk_back_left: dropout (1/2 cams)
t=16.387 mk_back_left: dropout (1/2 cams)
t=16.392 mk_back_left: dropout (1/2 cams)
t=16.396 mk_back_left: dropout (1/2 cams)
t=16.400 mk_back_left: dropout (1/2 cams)
t=16.404 mk_back_left: dropout (1/2 cams)
t=16.408 mk_back_left: dropout (1/2 cams)
t=16.412 mk_back_left: dropout (1/2 cams)
t=16.417 mk_back_left: dropout (1/2 cams)
t=16.421 mk_back_left: dropout (1/2 cams)
t=16.425 mk_back_left: dropout (1/2 cams)
t=16.429 mk_back_left: dropout (1/2 cams)
t=16.433 mk_back_left: dropout (1/2 cams)
t=16.437 mk_back_left: dropout (1/2 cams)
t=16.442 mk_back_left: dropout (1/2 cams)
t=16.446 mk_back_left: dropout (1/2 cams)
t=16.450 mk_back_left: dropout (1/2 cams)
t=16.454 mk_back_left: dropout (1/2 cams)
t=16.458 mk_back_left: dropout (1/2 cams)
t=16.462 mk_back_left: dropout (1/2 cams)
t=16.467 mk_back_left: dropout (1/2 cams)
t=16.471 mk_back_left: dropout (1/2 cams)
t=16.475 mk_back_left: dropout (1/2 cams)
t=16.479 mk_back_left: dropout (1/2 cams)
t=16.483 mk_back_left: dropout (1/2 cams)
t=16.487 mk_back_left: dropout (1/2 cams)
t=16.492 mk_back_left: dropout (1/2 cams)
t=16.496 mk_back_left: dropout (1/2 cams)
t=16.500 mk_back_left: dropout (1/2 cams)
t=16.504 mk_back_left: dropout (1/2 cams)
t=16.508 mk_back_left: dropout (1/2 cams)
t=16.512 mk_back_left: dropout (1/2 cams)
t=16.517 mk_back_left: dropout (1/2 cams)
t=16.521 mk_back_left: dropout (1/2 cams)
t=16.525 mk_back_left: dropout (1/2 cams)
t=16.529 mk_back_left: dropout (1/2 cams)
t=16.533 mk_back_left: dropout (1/2 cams)
t=16.537 mk_back_left: dropout (1/2 cams)
t=16.542 mk_back_left: dropout (1/2 cams)
t=16.546 mk_back_left: dropout (1/2 cams)
t=16.550 mk_back_left: dropout (1/2 cams)
t=16.554 mk_back_left: dropout (1/2 cams)
t=16.558 mk_back_left: dropout (1/2 cams)
t=16.562 mk_back_left: dropout (1/2 cams)
t=16.567 mk_back_left: dropout (1/2 cams)
t=16.571 mk_back_left: dropout (1/2 cams)
t=16.575 mk_back_left: dropout (1/2 cams)
t=16.579 mk_back_left: dropout (1/2 cams)
t=16.583 mk_back_left: dropout (1/2 cams)
t=16.587 mk_back_left: dropout (1/2 cams)
t=16.592 cam_oblique_w: ghost detection for mk_back_left
t=16.592 mk_back_left: rejected as fit outlier (residual 2.34 mm)
t=16.596 mk_back_left: dropout (1/2 cams)
t=16.600 mk_back_left: dropout (1/2 cams)
t=16.604 mk_back_left: dropout (1/2 cams)
t=16.608 mk_back_left: dropout (1/2 cams)
t=16.612 mk_back_left: dropout (1/2 cams)
t=16.617 mk_back_left: dropout (1/2 cams)
t=16.621 mk_back_left: dropout (1/2 cams)
t=16.625 mk_back_left: dropout (1/2 cams)
t=16.629 mk_back_left: dropout (1/2 cams)
t=16.633 cam_oblique_w: ghost detection for mk_front_left
t=16.633 mk_back_left: dropout (1/2 cams)
t=16.633 mk_front_left: rejected by temporal gate (jump 28.71 mm over 4.2 ms, limit 17.37 mm)
t=16.633 pose: DROPPED (2/3 markers)
t=16.637 mk_back_left: dropout (1/2 cams)
t=16.642 mk_back_left: dropout (1/2 cams)
t=16.646 mk_back_left: dropout (1/2 cams)
t=16.650 mk_back_left: dropout (1/2 cams)
t=16.654 mk_back_left: dropout (1/2 cams)
t=16.658 mk_back_left: dropout (1/2 cams)
t=16.662 mk_back_left: dropout (1/2 cams)
t=16.667 mk_back_left: dropout (1/2 cams)
t=16.671 mk_back_left: dropout (1/2 cams)
t=16.675 mk_back_left: dropout (1/2 cams)
t=16.679 mk_back_left: dropout (1/2 cams)
t=16.683 mk_back_left: dropout (1/2 cams)
t=16.687 cam_oblique_e: ghost detection for mk_back_right
t=16.687 mk_back_left: dropout (1/2 cams)
t=16.692 mk_back_left: dropout (1/2 cams)
t=16.696 mk_back_left: dropout (1/2 cams)
t=16.700 mk_back_left: dropout (1/2 cams)
t=16.704 mk_back_left: dropout (1/2 cams)
t=16.708 mk_back_left: dropout (1/2 cams)
t=16.712 mk_back_left: dropout (1/2 cams)
t=16.717 cam_oblique_w: ghost detection for mk_front_left
t=16.717 mk_back_left: dropout (1/2 cams)
t=16.721 mk_back_left: dropout (1/2 cams)
t=16.725 mk_back_left: dropout (1/2 cams)
t=16.729 mk_back_left: dropout (1/2 cams)
t=16.733 mk_back_left: dropout (1/2 cams)
t=16.737 mk_back_left: dropout (1/2 cams)
t=16.742 mk_back_left: dropout (1/2 cams)
t=16.746 mk_back_left: dropout (1/2 cams)
t=16.750 mk_back_left: dropout (1/2 cams)
t=16.754 mk_back_left: dropout (1/2 cams)
t=16.758 mk_back_left: dropout (1/2 cams)
t=16.762 mk_back_left: dropout (1/2 cams)
t=16.767 cam_oblique_w: ghost detection for mk_front_left
t=16.767 mk_back_left: dropout (1/2 cams)
t=16.771 mk_back_left: dropout (1/2 cams)
t=16.775 mk_back_left: dropout (1/2 cams)
t=16.779 mk_back_left: dropout (1/2 cams)
t=16.783 mk_back_left: dropout (1/2 cams)
t=16.787 mk_back_left: dropout (1/2 cams)
t=16.792 mk_back_left: dropout (1/2 cams)
t=16.796 mk_back_left: dropout (1/2 cams)
t=16.800 mk_back_left: dropout (1/2 cams)
t=16.804 cam_oblique_w: ghost detection for mk_back_left
t=16.804 mk_back_left: rejected as fit outlier (residual 9.53 mm)
t=16.808 mk_back_left: dropout (1/2 cams)
t=16.812 mk_back_left: dropout (1/2 cams)
t=16.817 mk_back_left: dropout (1/2 cams)
t=16.821 mk_back_left: dropout (1/2 cams)
t=16.825 mk_back_left: dropout (1/2 cams)
t=16.829 mk_back_left: dropout (1/2 cams)
t=16.833 mk_back_left: dropout (1/2 cams)
t=16.837 cam_overhead: ghost detection for mk_back_left
t=16.837 mk_back_left: rejected as fit outlier (residual 6.74 mm)
t=16.842 mk_back_left: dropout (1/2 cams)
t=16.846 mk_back_left: dropout (1/2 cams)
t=16.850 mk_back_left: dropout (1/2 cams)
t=16.854 mk_back_left: dropout (1/2 cams)
t=16.858 mk_back_left: dropout (1/2 cams)
t=16.862 mk_back_left: dropout (1/2 cams)
t=16.867 mk_back_left: dropout (1/2 cams)
t=16.871 mk_back_left: dropout (1/2 cams)
t=16.875 mk_back_left: dropout (1/2 cams)
t=16.879 mk_back_left: dropout (1/2 cams)
t=16.883 mk_back_left: dropout (1/2 cams)
t=16.887 mk_back_left: dropout (1/2 cams)
t=16.892 mk_back_left: dropout (1/2 cams)
t=16.896 mk_back_left: dropout (1/2 cams)
t=16.900 mk_back_left: dropout (1/2 cams)
t=16.904 mk_back_left: dropout (1/2 cams)
t=16.908 mk_back_left: dropout (1/2 cams)
t=16.912 mk_back_left: dropout (1/2 cams)
t=16.917 mk_back_left: dropout (1/2 cams)
t=16.921 mk_back_left: dropout (1/2 cams)
t=16.925 mk_back_left: dropout (1/2 cams)
t=16.929 mk_back_left: dropout (1/2 cams)
t=16.933 mk_back_left: dropout (1/2 cams)
t=16.937 mk_back_left: dropout (1/2 cams)
t=16.942 mk_back_left: dropout (1/2 cams)
t=16.946 mk_back_left: dropout (1/2 cams)
t=16.950 mk_back_left: dropout (1/2 cams)
t=16.954 mk_back_left: dropout (1/2 cams)
t=16.958 mk_back_left: dropout (1/2 cams)
t=16.962 mk_back_left: dropout (1/2 cams)
t=16.967 mk_back_left: dropout (1/2 cams)
t=16.971 mk_back_left: dropout (1/2 cams)
t=16.975 mk_back_left: dropout (1/2 cams)
t=16.979 mk_back_left: dropout (1/2 cams)
t=16.983 mk_back_left: dropout (1/2 cams)
t=16.987 mk_back_left: dropout (1/2 cams)
t=16.992 mk_back_left: dropout (1/2 cams)
t=16.996 cam_oblique_w: ghost detection for mk_front_left
t=16.996 mk_back_left: dropout (1/2 cams)
t=17.000 mk_back_left: dropout (1/2 cams)
t=17.004 mk_back_left: dropout (1/2 cams)
t=17.008 mk_back_left: dropout (1/2 cams)
t=17.012 cam_overhead: ghost detection for mk_back_left
t=17.012 mk_back_left: rejected as fit outlier (residual 17.86 mm)
t=17.017 mk_back_left: dropout (1/2 cams)
t=17.021 mk_back_left: dropout (1/2 cams)
t=17.025 mk_back_left: dropout (1/2 cams)
t=17.029 mk_back_left: dropout (1/2 cams)
t=17.033 mk_back_left: dropout (1/2 cams)
t=17.037 mk_back_left: dropout (1/2 cams)
t=17.042 mk_back_left: dropout (1/2 cams)
t=17.046 mk_back_left: dropout (1/2 cams)
t=17.050 mk_back_left: dropout (1/2 cams)
t=17.054 mk_back_left: dropout (1/2 cams)
t=17.058 mk_back_left: dropout (1/2 cams)
t=17.062 mk_back_left: dropout (1/2 cams)
t=17.067 mk_back_left: dropout (1/2 cams)
t=17.071 mk_back_left: dropout (1/2 cams)
t=17.075 mk_back_left: dropout (1/2 cams)
t=17.079 mk_back_left: dropout (1/2 cams)
t=17.083 mk_back_left: dropout (1/2 cams)
t=17.087 mk_back_left: dropout (1/2 cams)
t=17.092 mk_back_left: dropout (1/2 cams)
t=17.096 mk_back_left: dropout (1/2 cams)
t=17.100 mk_back_left: dropout (1/2 cams)
t=17.104 mk_back_left: dropout (1/2 cams)
t=17.108 mk_back_left: dropout (1/2 cams)
t=17.112 mk_back_left: dropout (1/2 cams)
t=17.117 mk_back_left: dropout (1/2 cams)
t=17.121 mk_back_left: dropout (1/2 cams)
t=17.125 mk_back_left: dropout (1/2 cams)
t=17.129 mk_back_left: dropout (1/2 cams)
t=17.133 mk_back_left: dropout (1/2 cams)
t=17.137 mk_back_left: dropout (1/2 cams)
t=17.142 mk_back_left: dropout (1/2 cams)
t=17.146 mk_back_left: dropout (1/2 cams)
t=17.150 mk_back_left: dropout (1/2 cams)
t=17.154 mk_back_left: dropout (1/2 cams)
t=17.158 mk_back_left: dropout (1/2 cams)
t=17.162 mk_back_left: dropout (1/2 cams)
t=17.167 mk_back_left: dropout (1/2 cams)
t=17.171 mk_back_left: dropout (1/2 cams)
t=17.175 mk_back_left: dropout (1/2 cams)
t=17.179 mk_back_left: dropout (1/2 cams)
t=17.183 mk_back_left: dropout (1/2 cams)
t=17.187 mk_back_left: dropout (1/2 cams)
t=17.192 mk_back_left: dropout (1/2 cams)
t=17.196 mk_back_left: dropout (1/2 cams)
t=17.200 mk_back_left: dropout (1/2 cams)
t=17.204 mk_back_left: dropout (1/2 cams)
t=17.208 mk_back_left: dropout (1/2 cams)
t=17.212 mk_back_left: dropout (1/2 cams)
t=17.217 mk_back_left: dropout (1/2 cams)
t=17.221 mk_back_left: dropout (1/2 cams)
t=17.225 mk_back_left: dropout (1/2 cams)
t=17.229 mk_back_left: dropout (1/2 cams)
t=17.233 mk_back_left: dropout (1/2 cams)
t=17.237 mk_back_left: dropout (1/2 cams)
t=17.242 mk_back_left: dropout (1/2 cams)
t=17.246 mk_back_left: dropout (1/2 cams)
t=17.250 mk_back_left: dropout (1/2 cams)
t=17.254 mk_back_left: dropout (1/2 cams)
t=17.258 mk_back_left: dropout (1/2 cams)
t=17.262 mk_back_left: dropout (1/2 cams)
t=17.267 mk_back_left: dropout (1/2 cams)
t=17.271 mk_back_left: dropout (1/2 cams)
t=17.275 mk_back_left: dropout (1/2 cams)
t=17.279 mk_back_left: dropout (1/2 cams)
t=17.283 mk_back_left: dropout (1/2 cams)
t=17.287 mk_back_left: dropout (1/2 cams)
t=17.292 mk_back_left: dropout (1/2 cams)
t=17.296 mk_back_left: dropout (1/2 cams)
t=17.300 mk_back_left: dropout (1/2 cams)
t=17.304 mk_back_left: dropout (1/2 cams)
t=17.308 mk_back_left: dropout (1/2 cams)
t=17.312 mk_back_left: dropout (1/2 cams)
t=17.317 mk_back_left: dropout (1/2 cams)
t=17.321 mk_back_left: dropout (1/2 cams)
t=17.325 mk_back_left: dropout (1/2 cams)
t=17.329 mk_back_left: dropout (1/2 cams)
t=17.333 mk_back_left: dropout (1/2 cams)
t=17.337 mk_back_left: dropout (1/2 cams)
t=17.342 mk_back_left: dropout (1/2 cams)
t=17.346 mk_back_left: dropout (1/2 cams)
t=17.350 mk_back_left: dropout (1/2 cams)
t=17.354 mk_back_left: dropout (1/2 cams)
t=17.358 mk_back_left: dropout (1/2 cams)
t=17.362 mk_back_left: dropout (1/2 cams)
t=17.367 mk_back_left: dropout (1/2 cams)
t=17.371 mk_back_left: dropout (1/2 cams)
t=17.375 mk_back_left: dropout (1/2 cams)
t=17.379 cam_oblique_w: ghost detection for mk_back_left
t=17.379 mk_back_left: rejected as fit outlier (residual 13.00 mm)
t=17.383 mk_back_left: dropout (1/2 cams)
t=17.387 mk_back_left: dropout (1/2 cams)
t=17.392 mk_back_left: dropout (1/2 cams)
t=17.396 mk_back_left: dropout (1/2 cams)
t=17.400 mk_back_left: dropout (1/2 cams)
t=17.404 mk_back_left: dropout (1/2 cams)
t=17.408 mk_back_left: dropout (1/2 cams)
t=17.412 mk_back_left: dropout (1/2 cams)
t=17.417 mk_back_left: dropout (1/2 cams)
t=17.421 mk_back_left: dropout (1/2 cams)
t=17.425 mk_back_left: dropout (1/2 cams)
t=17.429 mk_back_left: dropout (1/2 cams)
t=17.433 mk_back_left: dropout (1/2 cams)
t=17.437 mk_back_left: dropout (1/2 cams)
t=17.442 mk_back_left: dropout (1/2 cams)
t=17.446 mk_back_left: dropout (1/2 cams)
t=17.450 mk_back_left: dropout (1/2 cams)
t=17.454 mk_back_left: dropout (1/2 cams)
t=17.458 mk_back_left: dropout (1/2 cams)
t=17.462 cam_oblique_w: ghost detection for mk_back_left
t=17.462 mk_back_left: rejected as fit outlier (residual 4.00 mm)
t=17.467 mk_back_left: dropout (1/2 cams)
t=17.471 mk_back_left: dropout (1/2 cams)
t=17.475 mk_back_left: dropout (1/2 cams)
t=17.479 mk_back_left: dropout (1/2 cams)
t=17.483 mk_back_left: dropout (1/2 cams)
t=17.487 mk_back_left: dropout (1/2 cams)
t=17.492 mk_back_left: dropout (1/2 cams)
t=17.496 mk_back_left: dropout (1/2 cams)
t=17.500 mk_back_left: dropout (1/2 cams)
t=17.504 mk_back_left: dropout (1/2 cams)
t=17.508 mk_back_left: dropout (1/2 cams)
t=17.512 mk_back_left: dropout (1/2 cams)
t=17.517 mk_back_left: dropout (1/2 cams)
t=17.521 mk_back_left: dropout (1/2 cams)
t=17.525 mk_back_left: dropout (1/2 cams)
t=17.529 mk_back_left: dropout (1/2 cams)
t=17.533 mk_back_left: dropout (1/2 cams)
t=17.537 mk_back_left: dropout (1/2 cams)
t=17.542 mk_back_left: dropout (1/2 cams)
t=17.546 mk_back_left: dropout (1/2 cams)
t=17.550 mk_back_left: dropout (1/2 cams)
t=17.554 mk_back_left: dropout (1/2 cams)
t=17.558 mk_back_left: dropout (1/2 cams)
t=17.562 mk_back_left: dropout (1/2 cams)
t=17.567 mk_back_left: dropout (1/2 cams)
t=17.571 cam_oblique_w: ghost detection for mk_back_left
t=17.571 mk_back_left: rejected as fit outlier (residual 11.00 mm)
t=17.575 mk_back_left: dropout (1/2 cams)
t=17.579 mk_back_left: dropout (1/2 cams)
t=17.583 mk_back_left: dropout (1/2 cams)
t=17.587 mk_back_left: dropout (1/2 cams)
t=17.592 mk_back_left: dropout (1/2 cams)
t=17.596 mk_back_left: dropout (1/2 cams)
t=17.600 mk_back_left: dropout (1/2 cams)
t=17.604 mk_back_left: dropout (1/2 cams)
t=17.608 mk_back_left: dropout (1/2 cams)
t=17.612 mk_back_left: dropout (1/2 cams)
t=17.617 mk_back_left: dropout (1/2 cams)
t=17.621 mk_back_left: dropout (1/2 cams)
t=17.625 mk_back_left: dropout (1/2 cams)
t=17.629 mk_back_left: dropout (1/2 cams)
t=17.633 mk_back_left: dropout (1/2 cams)
t=17.637 mk_back_left: dropout (1/2 cams)
t=17.642 cam_oblique_w: ghost detection for mk_back_left
t=17.642 mk_back_left: rejected as fit outlier (residual 19.67 mm)
t=17.646 mk_back_left: dropout (1/2 cams)
t=17.650 mk_back_left: dropout (1/2 cams)
t=17.654 mk_back_left: dropout (1/2 cams)
t=17.658 mk_back_left: dropout (1/2 cams)
t=17.662 mk_back_left: dropout (1/2 cams)
t=17.667 mk_back_left: dropout (1/2 cams)
t=17.671 mk_back_left: dropout (1/2 cams)
t=17.675 mk_back_left: dropout (1/2 cams)
t=17.679 mk_back_left: dropout (1/2 cams)
t=17.683 mk_back_left: dropout (1/2 cams)
t=17.687 mk_back_left: dropout (1/2 cams)
t=17.692 mk_back_left: dropout (1/2 cams)
t=17.696 mk_back_left: dropout (1/2 cams)
t=17.700 mk_back_left: dropout (1/2 cams)
t=17.704 mk_back_left: dropout (1/2 cams)
t=17.708 mk_back_left: dropout (1/2 cams)
t=17.712 mk_back_left: dropout (1/2 cams)
t=17.717 mk_back_left: dropout (1/2 cams)
t=17.721 mk_back_left: dropout (1/2 cams)
t=17.725 mk_back_left: dropout (1/2 cams)
t=17.729 mk_back_left: dropout (1/2 cams)
t=17.733 mk_back_left: dropout (1/2 cams)
t=17.737 mk_back_left: dropout (1/2 cams)
t=17.742 mk_back_left: dropout (1/2 cams)
t=17.746 mk_back_left: dropout (1/2 cams)
t=17.750 mk_back_left: dropout (1/2 cams)
t=17.754 mk_back_left: dropout (1/2 cams)
t=17.758 mk_back_left: dropout (1/2 cams)
t=17.762 mk_back_left: dropout (1/2 cams)
t=17.767 mk_back_left: dropout (1/2 cams)
t=17.771 mk_back_left: dropout (1/2 cams)
t=17.775 mk_back_left: dropout (1/2 cams)
t=17.779 mk_back_left: dropout (1/2 cams)
t=17.783 mk_back_left: dropout (1/2 cams)
t=17.787 mk_back_left: dropout (1/2 cams)
t=17.792 mk_back_left: dropout (1/2 cams)
t=17.796 mk_back_left: dropout (1/2 cams)
t=17.800 mk_back_left: dropout (1/2 cams)
t=17.804 mk_back_left: dropout (1/2 cams)
t=17.808 mk_back_left: dropout (1/2 cams)
t=17.812 mk_back_left: dropout (1/2 cams)
t=17.817 mk_back_left: dropout (1/2 cams)
t=17.821 mk_back_left: dropout (1/2 cams)
t=17.825 mk_back_left: dropout (1/2 cams)
t=17.829 mk_back_left: dropout (1/2 cams)
t=17.833 mk_back_left: dropout (1/2 cams)
t=17.837 mk_back_left: dropout (1/2 cams)
t=17.842 mk_back_left: dropout (1/2 cams)
t=17.846 mk_back_left: dropout (1/2 cams)
t=17.850 mk_back_left: dropout (1/2 cams)
t=17.854 mk_back_left: dropout (1/2 cams)
t=17.858 mk_back_left: dropout (1/2 cams)
t=17.862 cam_overhead: ghost detection for mk_back_left
t=17.862 mk_back_left: rejected as fit outlier (residual 7.27 mm)
t=17.867 mk_back_left: dropout (1/2 cams)
t=17.871 mk_back_left: dropout (1/2 cams)
t=17.875 mk_back_left: dropout (1/2 cams)
t=17.879 mk_back_left: dropout (1/2 cams)
t=17.883 mk_back_left: dropout (1/2 cams)
t=17.887 mk_back_left: dropout (1/2 cams)
t=17.892 mk_back_left: dropout (1/2 cams)
t=17.896 mk_back_left: dropout (1/2 cams)
t=17.900 mk_back_left: dropout (1/2 cams)
t=17.904 mk_back_left: dropout (1/2 cams)
t=17.908 mk_back_left: dropout (1/2 cams)
t=18.437 cam_oblique_w: ghost detection for mk_back_left
t=18.437 mk_back_left: rejected as fit outlier (residual 3.66 mm)
t=18.917 cam_overhead: ghost detection for mk_front_right
t=18.917 mk_front_right: rejected as fit outlier (residual 5.14 mm)
t=18.962 cam_oblique_w: ghost detection for mk_back_left
t=18.962 mk_back_left: rejected by temporal gate (jump 30.55 mm over 4.2 ms, limit 17.37 mm)
t=19.200 cam_oblique_w: ghost detection for mk_back_left
t=19.200 mk_back_left: rejected as fit outlier (residual 6.09 mm)
t=19.804 mk_back_left: dropout (1/2 cams)
t=19.808 mk_back_left: dropout (1/2 cams)
t=19.812 mk_back_left: dropout (1/2 cams)
t=19.817 mk_back_left: dropout (1/2 cams)
t=19.821 mk_back_left: dropout (1/2 cams)
t=19.825 mk_back_left: dropout (1/2 cams)
t=19.829 mk_back_left: dropout (1/2 cams)
t=19.833 mk_back_left: dropout (1/2 cams)
t=19.837 mk_back_left: dropout (1/2 cams)
t=19.842 mk_back_left: dropout (1/2 cams)
t=19.846 mk_back_left: dropout (1/2 cams)
t=19.850 mk_back_left: dropout (1/2 cams)
t=19.854 mk_back_left: dropout (1/2 cams)
t=19.858 mk_back_left: dropout (1/2 cams)
t=19.862 mk_back_left: dropout (1/2 cams)
t=19.867 mk_back_left: dropout (1/2 cams)
t=19.871 mk_back_left: dropout (1/2 cams)
t=19.875 mk_back_left: dropout (1/2 cams)
t=19.879 mk_back_left: dropout (1/2 cams)
t=19.883 mk_back_left: dropout (1/2 cams)
t=19.887 mk_back_left: dropout (1/2 cams)
t=19.892 mk_back_left: dropout (1/2 cams)
t=19.896 mk_back_left: dropout (1/2 cams)
t=19.900 mk_back_left: dropout (1/2 cams)
t=19.904 mk_back_left: dropout (1/2 cams)
t=19.908 mk_back_left: dropout (1/2 cams)
t=19.912 mk_back_left: dropout (1/2 cams)
t=19.917 mk_back_left: dropout (1/2 cams)
t=19.921 mk_back_left: dropout (1/2 cams)
t=19.925 mk_back_left: dropout (1/2 cams)
t=19.929 mk_back_left: dropout (1/2 cams)
t=19.933 mk_back_left: dropout (1/2 cams)
t=19.937 mk_back_left: dropout (1/2 cams)
t=19.942 mk_back_left: dropout (1/2 cams)
t=19.946 mk_back_left: dropout (1/2 cams)
t=19.950 mk_back_left: dropout (1/2 cams)
t=19.954 mk_back_left: dropout (1/2 cams)
t=19.958 mk_back_left: dropout (1/2 cams)
t=19.962 mk_back_left: dropout (1/2 cams)
t=19.967 mk_back_left: dropout (1/2 cams)
t=19.971 mk_back_left: dropout (1/2 cams)
t=19.975 mk_back_left: dropout (1/2 cams)
t=19.979 mk_back_left: dropout (1/2 cams)
t=19.983 mk_back_left: dropout (1/2 cams)
t=19.987 mk_back_left: dropout (1/2 cams)
t=19.992 mk_back_left: dropout (1/2 cams)
t=19.996 mk_back_left: dropout (1/2 cams)
t=20.000 mk_back_left: dropout (1/2 cams)
t=20.004 mk_back_left: dropout (1/2 cams)
t=20.008 mk_back_left: dropout (1/2 cams)
t=20.012 mk_back_left: dropout (1/2 cams)
t=20.017 mk_back_left: dropout (1/2 cams)
t=20.021 mk_back_left: dropout (1/2 cams)
t=20.025 mk_back_left: dropout (1/2 cams)
t=20.029 mk_back_left: dropout (1/2 cams)
t=20.033 mk_back_left: dropout (1/2 cams)
t=20.037 mk_back_left: dropout (1/2 cams)
t=20.042 mk_back_left: dropout (1/2 cams)
t=20.046 mk_back_left: dropout (1/2 cams)
t=20.050 mk_back_left: dropout (1/2 cams)
t=20.054 mk_back_left: dropout (1/2 cams)
t=20.058 mk_back_left: dropout (1/2 cams)
t=20.062 mk_back_left: dropout (1/2 cams)
t=20.067 mk_back_left: dropout (1/2 cams)
t=20.071 mk_back_left: dropout (1/2 cams)
t=20.075 mk_back_left: dropout (1/2 cams)
t=20.079 mk_back_left: dropout (1/2 cams)
t=20.083 mk_back_left: dropout (1/2 cams)
t=20.087 mk_back_left: dropout (1/2 cams)
t=20.092 mk_back_left: dropout (1/2 cams)
t=20.096 mk_back_left: dropout (1/2 cams)
t=20.100 mk_back_left: dropout (1/2 cams)
t=20.104 mk_back_left: dropout (1/2 cams)
t=20.108 mk_back_left: dropout (1/2 cams)
t=20.112 mk_back_left: dropout (1/2 cams)
t=20.117 mk_back_left: dropout (1/2 cams)
t=20.121 mk_back_left: dropout (1/2 cams)
t=20.125 mk_back_left: dropout (1/2 cams)
t=20.129 mk_back_left: dropout (1/2 cams)
t=20.133 mk_back_left: dropout (1/2 cams)
t=20.137 mk_back_left: dropout (1/2 cams)
t=20.142 mk_back_left: dropout (1/2 cams)
t=20.146 mk_back_left: dropout (1/2 cams)
t=20.150 mk_back_left: dropout (1/2 cams)
t=20.154 mk_back_left: dropout (1/2 cams)
t=20.158 mk_back_left: dropout (1/2 cams)
t=20.162 cam_oblique_w: ghost detection for mk_back_left
t=20.162 mk_back_left: rejected as fit outlier (residual 15.52 mm)
t=20.167 mk_back_left: dropout (1/2 cams)
t=20.171 mk_back_left: dropout (1/2 cams)
t=20.175 mk_back_left: dropout (1/2 cams)
t=20.179 mk_back_left: dropout (1/2 cams)
t=20.183 mk_back_left: dropout (1/2 cams)
t=20.187 mk_back_left: dropout (1/2 cams)
t=20.192 mk_back_left: dropout (1/2 cams)
t=20.196 mk_back_left: dropout (1/2 cams)
t=20.200 mk_back_left: dropout (1/2 cams)
t=20.204 mk_back_left: dropout (1/2 cams)
t=20.208 mk_back_left: dropout (1/2 cams)
t=20.212 cam_oblique_w: ghost detection for mk_back_left
t=20.212 mk_back_left: rejected as fit outlier (residual 13.46 mm)
t=20.217 mk_back_left: dropout (1/2 cams)
t=20.221 mk_back_left: dropout (1/2 cams)
t=20.225 mk_back_left: dropout (1/2 cams)
t=20.229 mk_back_left: dropout (1/2 cams)
t=20.233 mk_back_left: dropout (1/2 cams)
t=20.237 mk_back_left: dropout (1/2 cams)
t=20.242 mk_back_left: dropout (1/2 cams)
t=20.246 mk_back_left: dropout (1/2 cams)
t=20.250 mk_back_left: dropout (1/2 cams)
t=20.254 mk_back_left: dropout (1/2 cams)
t=20.258 mk_back_left: dropout (1/2 cams)
t=20.262 mk_back_left: dropout (1/2 cams)
t=20.267 mk_back_left: dropout (1/2 cams)
t=20.271 mk_back_left: dropout (1/2 cams)
t=20.275 mk_back_left: dropout (1/2 cams)
t=20.279 mk_back_left: dropout (1/2 cams)
t=20.283 mk_back_left: dropout (1/2 cams)
t=20.287 mk_back_left: dropout (1/2 cams)
t=20.292 mk_back_left: dropout (1/2 cams)
t=20.296 mk_back_left: dropout (1/2 cams)
t=20.300 mk_back_left: dropout (1/2 cams)
t=20.304 mk_back_left: dropout (1/2 cams)
t=20.308 mk_back_left: dropout (1/2 cams)
t=20.312 mk_back_left: dropout (1/2 cams)
t=20.317 mk_back_left: dropout (1/2 cams)
t=20.321 mk_back_left: dropout (1/2 cams)
t=20.325 mk_back_left: dropout (1/2 cams)
t=20.329 mk_back_left: dropout (1/2 cams)
t=20.333 mk_back_left: dropout (1/2 cams)
t=20.337 mk_back_left: dropout (1/2 cams)
t=20.342 mk_back_left: dropout (1/2 cams)
t=20.346 mk_back_left: dropout (1/2 cams)
t=20.350 mk_back_left: dropout (1/2 cams)
t=20.354 mk_back_left: dropout (1/2 cams)
t=20.358 mk_back_left: dropout (1/2 cams)
t=20.362 mk_back_left: dropout (1/2 cams)
t=20.367 mk_back_left: dropout (1/2 cams)
t=20.371 mk_back_left: dropout (1/2 cams)
t=20.375 mk_back_left: dropout (1/2 cams)
t=20.379 mk_back_left: dropout (1/2 cams)
t=20.383 mk_back_left: dropout (1/2 cams)
t=20.387 mk_back_left: dropout (1/2 cams)
t=20.392 mk_back_left: dropout (1/2 cams)
t=20.396 mk_back_left: dropout (1/2 cams)
t=20.400 mk_back_left: dropout (1/2 cams)
t=20.404 mk_back_left: dropout (1/2 cams)
t=20.408 mk_back_left: dropout (1/2 cams)
t=20.412 mk_back_left: dropout (1/2 cams)
t=20.417 mk_back_left: dropout (1/2 cams)
t=20.421 mk_back_left: dropout (1/2 cams)
t=20.425 mk_back_left: dropout (1/2 cams)
t=20.429 mk_back_left: dropout (1/2 cams)
t=20.433 mk_back_left: dropout (1/2 cams)
t=20.437 mk_back_left: dropout (1/2 cams)
t=20.442 mk_back_left: dropout (1/2 cams)
t=20.446 mk_back_left: dropout (1/2 cams)
t=20.450 mk_back_left: dropout (1/2 cams)
t=20.454 mk_back_left: dropout (1/2 cams)
t=20.458 mk_back_left: dropout (1/2 cams)
t=20.462 mk_back_left: dropout (1/2 cams)
t=20.467 mk_back_left: dropout (1/2 cams)
t=20.471 mk_back_left: dropout (1/2 cams)
t=20.475 mk_back_left: dropout (1/2 cams)
t=20.479 mk_back_left: dropout (1/2 cams)
t=20.483 mk_back_left: dropout (1/2 cams)
t=20.487 mk_back_left: dropout (1/2 cams)
t=20.492 mk_back_left: dropout (1/2 cams)
t=20.496 mk_back_left: dropout (1/2 cams)
t=20.500 mk_back_left: dropout (1/2 cams)
t=20.504 mk_back_left: dropout (1/2 cams)
t=20.508 mk_back_left: dropout (1/2 cams)
t=20.512 mk_back_left: dropout (1/2 cams)
t=20.517 mk_back_left: dropout (1/2 cams)
t=20.521 mk_back_left: dropout (1/2 cams)
t=20.525 mk_back_left: dropout (1/2 cams)
t=20.529 mk_back_left: dropout (1/2 cams)
t=20.533 mk_back_left: dropout (1/2 cams)
t=20.537 mk_back_left: dropout (1/2 cams)
t=20.542 mk_back_left: dropout (1/2 cams)
t=20.546 mk_back_left: dropout (1/2 cams)
t=20.550 mk_back_left: dropout (1/2 cams)
t=20.554 mk_back_left: dropout (1/2 cams)
t=20.558 mk_back_left: dropout (1/2 cams)
t=20.562 mk_back_left: dropout (1/2 cams)
t=20.567 mk_back_left: dropout (1/2 cams)
t=20.571 mk_back_left: dropout (1/2 cams)
t=20.575 mk_back_left: dropout (1/2 cams)
t=20.579 mk_back_left: dropout (1/2 cams)
t=20.583 mk_back_left: dropout (1/2 cams)
t=20.587 mk_back_left: dropout (1/2 cams)
t=20.592 mk_back_left: dropout (1/2 cams)
t=20.596 mk_back_left: dropout (1/2 cams)
t=20.600 mk_back_left: dropout (1/2 cams)
t=20.604 mk_back_left: dropout (1/2 cams)
t=20.608 mk_back_left: dropout (1/2 cams)
t=20.612 mk_back_left: dropout (1/2 cams)
t=20.617 mk_back_left: dropout (1/2 cams)
t=20.621 mk_back_left: dropout (1/2 cams)
t=20.625 cam_overhead: ghost detection for mk_back_left
t=20.625 mk_back_left: rejected as fit outlier (residual 4.79 mm)
t=20.629 mk_back_left: dropout (1/2 cams)
t=20.633 mk_back_left: dropout (1/2 cams)
t=20.637 mk_back_left: dropout (1/2 cams)
t=20.642 mk_back_left: dropout (1/2 cams)
t=20.646 mk_back_left: dropout (1/2 cams)
t=20.650 mk_back_left: dropout (1/2 cams)
t=20.654 mk_back_left: dropout (1/2 cams)
t=20.658 mk_back_left: dropout (1/2 cams)
t=20.662 mk_back_left: dropout (1/2 cams)
t=20.667 mk_back_left: dropout (1/2 cams)
t=20.671 mk_back_left: dropout (1/2 cams)
t=20.675 mk_back_left: dropout (1/2 cams)
t=20.679 mk_back_left: dropout (1/2 cams)
t=20.683 mk_back_left: dropout (1/2 cams)
t=20.687 mk_back_left: dropout (1/2 cams)
t=20.692 mk_back_left: dropout (1/2 cams)
t=20.696 mk_back_left: dropout (1/2 cams)
t=20.700 mk_back_left: dropout (1/2 cams)
t=20.704 mk_back_left: dropout (1/2 cams)
t=20.708 mk_back_left: dropout (1/2 cams)
t=20.712 mk_back_left: dropout (1/2 cams)
t=20.717 mk_back_left: dropout (1/2 cams)
t=20.721 cam_overhead: ghost detection for mk_front_left
t=20.721 mk_back_left: dropout (1/2 cams)
t=20.725 mk_back_left: dropout (1/2 cams)
t=20.729 cam_overhead: ghost detection for mk_back_left
t=20.729 mk_back_left: rejected as fit outlier (residual 18.14 mm)
t=20.733 mk_back_left: dropout (1/2 cams)
t=20.737 mk_back_left: dropout (1/2 cams)
t=20.742 mk_back_left: dropout (1/2 cams)
t=20.746 mk_back_left: dropout (1/2 cams)
t=20.750 mk_back_left: dropout (1/2 cams)
t=20.754 mk_back_left: dropout (1/2 cams)
t=20.758 mk_back_left: dropout (1/2 cams)
t=20.762 mk_back_left: dropout (1/2 cams)
t=20.767 mk_back_left: dropout (1/2 cams)
t=20.771 mk_back_left: dropout (1/2 cams)
t=20.775 mk_back_left: dropout (1/2 cams)
t=20.779 mk_back_left: dropout (1/2 cams)
t=20.783 cam_oblique_w: ghost detection for mk_back_left
t=20.783 mk_back_left: rejected as fit outlier (residual 6.15 mm)
t=20.787 cam_oblique_e: ghost detection for mk_back_right
t=20.787 mk_back_left: dropout (1/2 cams)
t=20.787 mk_back_right: rejected by temporal gate (jump 19.78 mm over 4.2 ms, limit 17.37 mm)
t=20.787 pose: DROPPED (2/3 markers)
t=20.792 mk_back_left: dropout (1/2 cams)
t=20.796 mk_back_left: dropout (1/2 cams)
t=20.800 mk_back_left: dropout (1/2 cams)
t=20.804 mk_back_left: dropout (1/2 cams)
t=20.808 mk_back_left: dropout (1/2 cams)
t=20.812 mk_back_left: dropout (1/2 cams)
t=20.817 mk_back_left: dropout (1/2 cams)
t=20.821 mk_back_left: dropout (1/2 cams)
t=20.825 mk_back_left: dropout (1/2 cams)
t=20.829 mk_back_left: dropout (1/2 cams)
t=20.833 mk_back_left: dropout (1/2 cams)
t=20.837 mk_back_left: dropout (1/2 cams)
t=20.842 mk_back_left: dropout (1/2 cams)
t=20.846 mk_back_left: dropout (1/2 cams)
t=20.850 mk_back_left: dropout (1/2 cams)
t=20.854 mk_back_left: dropout (1/2 cams)
t=20.858 mk_back_left: dropout (1/2 cams)
t=20.862 mk_back_left: dropout (1/2 cams)
t=20.867 mk_back_left: dropout (1/2 cams)
t=20.871 mk_back_left: dropout (1/2 cams)
t=20.875 mk_back_left: dropout (1/2 cams)
t=20.879 mk_back_left: dropout (1/2 cams)
t=20.883 mk_back_left: dropout (1/2 cams)
t=20.887 mk_back_left: dropout (1/2 cams)
t=20.892 mk_back_left: dropout (1/2 cams)
t=20.896 mk_back_left: dropout (1/2 cams)
t=20.900 mk_back_left: dropout (1/2 cams)
t=20.904 mk_back_left: dropout (1/2 cams)
t=20.908 mk_back_left: dropout (1/2 cams)
t=20.912 mk_back_left: dropout (1/2 cams)
t=20.917 mk_back_left: dropout (1/2 cams)
t=20.921 mk_back_left: dropout (1/2 cams)
t=20.925 mk_back_left: dropout (1/2 cams)
t=20.929 mk_back_left: dropout (1/2 cams)
t=20.933 cam_overhead: ghost detection for mk_front_left
t=20.933 mk_back_left: dropout (1/2 cams)
t=20.937 mk_back_left: dropout (1/2 cams)
t=20.942 mk_back_left: dropout (1/2 cams)
t=20.946 mk_back_left: dropout (1/2 cams)
t=20.950 mk_back_left: dropout (1/2 cams)
t=20.954 mk_back_left: dropout (1/2 cams)
t=20.958 mk_back_left: dropout (1/2 cams)
t=20.962 cam_overhead: ghost detection for mk_front_left
t=20.962 mk_back_left: dropout (1/2 cams)
t=20.967 mk_back_left: dropout (1/2 cams)
t=20.971 mk_back_left: dropout (1/2 cams)
t=20.975 mk_back_left: dropout (1/2 cams)
t=20.979 mk_back_left: dropout (1/2 cams)
t=20.983 mk_back_left: dropout (1/2 cams)
t=20.987 mk_back_left: dropout (1/2 cams)
t=20.992 mk_back_left: dropout (1/2 cams)
t=20.996 mk_back_left: dropout (1/2 cams)
t=21.000 mk_back_left: dropout (1/2 cams)
t=21.004 mk_back_left: dropout (1/2 cams)
t=21.008 mk_back_left: dropout (1/2 cams)
t=21.012 mk_back_left: dropout (1/2 cams)
t=21.017 mk_back_left: dropout (1/2 cams)
t=21.021 mk_back_left: dropout (1/2 cams)
t=21.025 mk_back_left: dropout (1/2 cams)
t=21.029 mk_back_left: dropout (1/2 cams)
t=21.033 mk_back_left: dropout (1/2 cams)
t=21.037 mk_back_left: dropout (1/2 cams)
t=21.042 mk_back_left: dropout (1/2 cams)
t=21.046 mk_back_left: dropout (1/2 cams)
t=21.050 mk_back_left: dropout (1/2 cams)
t=21.054 mk_back_left: dropout (1/2 cams)
t=21.058 mk_back_left: dropout (1/2 cams)
t=21.062 cam_overhead: ghost detection for mk_front_left
t=21.062 mk_back_left: dropout (1/2 cams)
t=21.067 mk_back_left: dropout (1/2 cams)
t=21.071 mk_back_left: dropout (1/2 cams)
t=21.075 mk_back_left: dropout (1/2 cams)
t=21.079 mk_back_left: dropout (1/2 cams)
t=21.083 mk_back_left: dropout (1/2 cams)
t=21.087 cam_oblique_e: ghost detection for mk_back_right
t=21.087 mk_back_left: dropout (1/2 cams)
t=21.092 mk_back_left: dropout (1/2 cams)
t=21.096 mk_back_left: dropout (1/2 cams)
t=21.100 mk_back_left: dropout (1/2 cams)
t=21.104 mk_back_left: dropout (1/2 cams)
t=21.108 mk_back_left: dropout (1/2 cams)
t=21.112 mk_back_left: dropout (1/2 cams)
t=21.117 mk_back_left: dropout (1/2 cams)
t=21.121 mk_back_left: dropout (1/2 cams)
t=21.125 mk_back_left: dropout (1/2 cams)
t=21.129 mk_back_left: dropout (1/2 cams)
t=21.133 mk_back_left: dropout (1/2 cams)
t=21.137 mk_back_left: dropout (1/2 cams)
t=21.142 mk_back_left: dropout (1/2 cams)
t=21.146 mk_back_left: dropout (1/2 cams)
t=21.150 mk_back_left: dropout (1/2 cams)
t=21.154 mk_back_left: dropout (1/2 cams)
t=21.158 mk_back_left: dropout (1/2 cams)
t=21.162 mk_back_left: dropout (1/2 cams)
t=21.167 mk_back_left: dropout (1/2 cams)
t=21.171 mk_back_left: dropout (1/2 cams)
t=21.175 mk_back_left: dropout (1/2 cams)
t=21.179 mk_back_left: dropout (1/2 cams)
t=21.183 mk_back_left: dropout (1/2 cams)
t=21.187 mk_back_left: dropout (1/2 cams)
t=21.192 mk_back_left: dropout (1/2 cams)
t=21.196 mk_back_left: dropout (1/2 cams)
t=21.200 mk_back_left: dropout (1/2 cams)
t=21.204 mk_back_left: dropout (1/2 cams)
t=21.208 mk_back_left: dropout (1/2 cams)
t=21.212 mk_back_left: dropout (1/2 cams)
t=21.217 mk_back_left: dropout (1/2 cams)
t=21.221 mk_back_left: dropout (1/2 cams)
t=21.225 mk_back_left: dropout (1/2 cams)
t=21.229 mk_back_left: dropout (1/2 cams)
t=21.233 mk_back_left: dropout (1/2 cams)
t=21.237 mk_back_left: dropout (1/2 cams)
t=21.242 mk_back_left: dropout (1/2 cams)
t=21.246 mk_back_left: dropout (1/2 cams)
t=21.250 mk_back_left: dropout (1/2 cams)
t=21.254 mk_back_left: dropout (1/2 cams)
t=21.258 mk_back_left: dropout (1/2 cams)
t=21.262 mk_back_left: dropout (1/2 cams)
t=21.267 mk_back_left: dropout (1/2 cams)
t=21.271 mk_front_left: dropout (1/2 cams)
t=21.271 mk_back_left: dropout (1/2 cams)
t=21.271 pose: DROPPED (2/3 markers)
t=21.275 mk_front_left: dropout (1/2 cams)
t=21.275 mk_back_left: dropout (1/2 cams)
t=21.275 pose: DROPPED (2/3 markers)
t=21.279 mk_front_left: dropout (1/2 cams)
t=21.279 mk_back_left: dropout (1/2 cams)
t=21.279 pose: DROPPED (2/3 markers)
t=21.283 mk_front_left: dropout (1/2 cams)
t=21.283 mk_back_left: dropout (1/2 cams)
t=21.283 pose: DROPPED (2/3 markers)
t=21.287 mk_front_left: dropout (1/2 cams)
t=21.287 mk_back_left: dropout (1/2 cams)
t=21.287 pose: DROPPED (2/3 markers)
t=21.292 mk_front_left: dropout (1/2 cams)
t=21.292 mk_back_left: dropout (1/2 cams)
t=21.292 pose: DROPPED (2/3 markers)
t=21.296 mk_front_left: dropout (1/2 cams)
t=21.296 mk_back_left: dropout (1/2 cams)
t=21.296 pose: DROPPED (2/3 markers)
t=21.300 mk_front_left: dropout (1/2 cams)
t=21.300 mk_back_left: dropout (1/2 cams)
t=21.300 pose: DROPPED (2/3 markers)
t=21.304 mk_front_left: dropout (1/2 cams)
t=21.304 mk_back_left: dropout (1/2 cams)
t=21.304 pose: DROPPED (2/3 markers)
t=21.308 mk_front_left: dropout (1/2 cams)
t=21.308 mk_back_left: dropout (1/2 cams)
t=21.308 pose: DROPPED (2/3 markers)
t=21.312 mk_front_left: dropout (1/2 cams)
t=21.312 mk_back_left: dropout (1/2 cams)
t=21.312 pose: DROPPED (2/3 markers)
t=21.317 mk_front_left: dropout (1/2 cams)
t=21.317 mk_back_left: dropout (1/2 cams)
t=21.317 pose: DROPPED (2/3 markers)
t=21.321 mk_front_left: dropout (1/2 cams)
t=21.321 mk_back_left: dropout (1/2 cams)
t=21.321 pose: DROPPED (2/3 markers)
t=21.325 mk_front_left: dropout (1/2 cams)
t=21.325 mk_back_left: dropout (1/2 cams)
t=21.325 pose: DROPPED (2/3 markers)
t=21.329 cam_overhead: ghost detection for mk_back_left
t=21.329 mk_front_left: dropout (1/2 cams)
t=21.333 mk_front_left: dropout (1/2 cams)
t=21.333 mk_back_left: dropout (1/2 cams)
t=21.333 pose: DROPPED (2/3 markers)
t=21.337 mk_front_left: dropout (1/2 cams)
t=21.337 mk_back_left: dropout (1/2 cams)
t=21.337 pose: DROPPED (2/3 markers)
t=21.342 mk_front_left: dropout (1/2 cams)
t=21.342 mk_back_left: dropout (1/2 cams)
t=21.342 pose: DROPPED (2/3 markers)
t=21.346 mk_front_left: dropout (1/2 cams)
t=21.346 mk_back_left: dropout (1/2 cams)
t=21.346 pose: DROPPED (2/3 markers)
t=21.350 mk_front_left: dropout (1/2 cams)
t=21.350 mk_back_left: dropout (1/2 cams)
t=21.350 pose: DROPPED (2/3 markers)
t=21.354 mk_front_left: dropout (1/2 cams)
t=21.354 mk_back_left: dropout (1/2 cams)
t=21.354 pose: DROPPED (2/3 markers)
t=21.358 mk_front_left: dropout (1/2 cams)
t=21.358 mk_back_left: dropout (1/2 cams)
t=21.358 pose: DROPPED (2/3 markers)
t=21.362 cam_oblique_w: ghost detection for mk_front_left
t=21.362 mk_back_left: dropout (1/2 cams)
t=21.367 mk_front_left: dropout (1/2 cams)
t=21.367 mk_back_left: dropout (1/2 cams)
t=21.367 pose: DROPPED (2/3 markers)
t=21.371 mk_front_left: dropout (1/2 cams)
t=21.371 mk_back_left: dropout (1/2 cams)
t=21.371 pose: DROPPED (2/3 markers)
t=21.375 mk_front_left: dropout (1/2 cams)
t=21.375 mk_back_left: dropout (1/2 cams)
t=21.375 pose: DROPPED (2/3 markers)
t=21.379 mk_front_left: dropout (1/2 cams)
t=21.379 mk_back_left: dropout (1/2 cams)
t=21.379 pose: DROPPED (2/3 markers)
t=21.383 cam_oblique_e: ghost detection for mk_back_right
t=21.383 mk_front_left: dropout (1/2 cams)
t=21.383 mk_back_left: dropout (1/2 cams)
t=21.383 pose: DROPPED (2/3 markers)
t=21.387 mk_front_left: dropout (1/2 cams)
t=21.387 mk_back_left: dropout (1/2 cams)
t=21.387 pose: DROPPED (2/3 markers)
t=21.392 mk_front_left: dropout (1/2 cams)
t=21.392 mk_back_left: dropout (1/2 cams)
t=21.392 pose: DROPPED (2/3 markers)
t=21.396 mk_front_left: dropout (1/2 cams)
t=21.396 mk_back_left: dropout (1/2 cams)
t=21.396 pose: DROPPED (2/3 markers)
t=21.400 mk_front_left: dropout (1/2 cams)
t=21.400 mk_back_left: dropout (1/2 cams)
t=21.400 pose: DROPPED (2/3 markers)
t=21.404 mk_front_left: dropout (1/2 cams)
t=21.404 mk_back_left: dropout (1/2 cams)
t=21.404 pose: DROPPED (2/3 markers)
t=21.408 mk_front_left: dropout (1/2 cams)
t=21.408 mk_back_left: dropout (1/2 cams)
t=21.408 pose: DROPPED (2/3 markers)
t=21.412 mk_front_left: dropout (1/2 cams)
t=21.412 mk_back_left: dropout (1/2 cams)
t=21.412 pose: DROPPED (2/3 markers)
t=21.417 mk_front_left: dropout (1/2 cams)
t=21.417 mk_back_left: dropout (1/2 cams)
t=21.417 pose: DROPPED (2/3 markers)
t=21.421 mk_front_left: dropout (1/2 cams)
t=21.421 mk_back_left: dropout (1/2 cams)
t=21.421 pose: DROPPED (2/3 markers)
t=21.425 mk_front_left: dropout (1/2 cams)
t=21.425 mk_back_left: dropout (1/2 cams)
t=21.425 pose: DROPPED (2/3 markers)
t=21.429 mk_front_left: dropout (1/2 cams)
t=21.429 mk_back_left: dropout (1/2 cams)
t=21.429 pose: DROPPED (2/3 markers)
t=21.433 mk_front_left: dropout (1/2 cams)
t=21.433 mk_back_left: dropout (1/2 cams)
t=21.433 pose: DROPPED (2/3 markers)
t=21.437 mk_front_left: dropout (1/2 cams)
t=21.437 mk_back_left: dropout (1/2 cams)
t=21.437 pose: DROPPED (2/3 markers)
t=21.442 mk_front_left: dropout (1/2 cams)
t=21.442 mk_back_left: dropout (1/2 cams)
t=21.442 pose: DROPPED (2/3 markers)
t=21.446 mk_back_left: dropout (1/2 cams)
t=21.450 mk_back_left: dropout (1/2 cams)
t=21.454 mk_back_left: dropout (1/2 cams)
t=21.458 mk_back_left: dropout (1/2 cams)
t=21.462 mk_back_left: dropout (1/2 cams)
t=21.467 mk_back_left: dropout (1/2 cams)
t=21.471 mk_back_left: dropout (1/2 cams)
t=21.475 mk_back_left: dropout (1/2 cams)
t=21.479 mk_back_left: dropout (1/2 cams)
t=21.483 mk_back_left: dropout (1/2 cams)
t=21.487 mk_back_left: dropout (1/2 cams)
t=21.492 mk_back_left: dropout (1/2 cams)
t=21.496 mk_back_left: dropout (1/2 cams)
t=21.500 mk_back_left: dropout (1/2 cams)
t=21.504 mk_back_left: dropout (1/2 cams)
t=21.508 mk_back_left: dropout (1/2 cams)
t=21.512 mk_back_left: dropout (1/2 cams)
t=21.517 mk_back_left: dropout (1/2 cams)
t=21.521 mk_back_left: dropout (1/2 cams)
t=21.525 mk_back_left: dropout (1/2 cams)
t=21.529 mk_back_left: dropout (1/2 cams)
t=21.533 mk_back_left: dropout (1/2 cams)
t=21.537 mk_back_left: dropout (1/2 cams)
t=21.542 cam_overhead: ghost detection for mk_front_left
t=21.542 mk_back_left: dropout (1/2 cams)
t=21.542 mk_front_left: rejected by temporal gate (jump 22.53 mm over 4.2 ms, limit 17.37 mm)
t=21.542 pose: DROPPED (2/3 markers)
t=21.546 mk_back_left: dropout (1/2 cams)
t=21.550 mk_back_left: dropout (1/2 cams)
t=21.554 mk_back_left: dropout (1/2 cams)
t=21.558 mk_back_left: dropout (1/2 cams)
t=21.562 cam_overhead: ghost detection for mk_back_left
t=21.562 mk_back_left: rejected as fit outlier (residual 11.79 mm)
t=21.567 mk_back_left: dropout (1/2 cams)
t=21.571 mk_back_left: dropout (1/2 cams)
t=21.575 mk_back_left: dropout (1/2 cams)
t=21.579 mk_back_left: dropout (1/2 cams)
t=21.583 mk_back_left: dropout (1/2 cams)
t=21.587 mk_back_left: dropout (1/2 cams)
t=21.592 mk_back_left: dropout (1/2 cams)
t=21.596 mk_back_left: dropout (1/2 cams)
t=21.600 mk_back_left: dropout (1/2 cams)
t=21.604 mk_back_left: dropout (1/2 cams)
t=21.608 mk_back_left: dropout (1/2 cams)
t=21.612 mk_back_left: dropout (1/2 cams)
t=21.617 mk_back_left: dropout (1/2 cams)
t=21.621 mk_back_left: dropout (1/2 cams)
t=21.625 mk_back_left: dropout (1/2 cams)
t=21.629 mk_back_left: dropout (1/2 cams)
t=21.633 mk_back_left: dropout (1/2 cams)
t=21.637 mk_back_left: dropout (1/2 cams)
t=21.642 mk_back_left: dropout (1/2 cams)
t=21.646 mk_back_left: dropout (1/2 cams)
t=21.650 mk_back_left: dropout (1/2 cams)
t=21.654 mk_back_left: dropout (1/2 cams)
t=21.658 mk_back_left: dropout (1/2 cams)
t=21.662 mk_back_left: dropout (1/2 cams)
t=21.667 mk_back_left: dropout (1/2 cams)
t=21.671 mk_back_left: dropout (1/2 cams)
t=21.675 mk_back_left: dropout (1/2 cams)
t=21.679 mk_back_left: dropout (1/2 cams)
t=21.683 mk_back_left: dropout (1/2 cams)
t=21.687 cam_oblique_w: ghost detection for mk_back_left
t=21.687 mk_back_left: rejected as fit outlier (residual 6.68 mm)
t=21.692 cam_oblique_w: ghost detection for mk_back_left
t=21.692 mk_back_left: rejected as fit outlier (residual 9.73 mm)
t=21.696 mk_back_left: dropout (1/2 cams)
t=21.700 mk_back_left: dropout (1/2 cams)
t=21.704 mk_back_left: dropout (1/2 cams)
t=21.708 mk_back_left: dropout (1/2 cams)
t=21.712 mk_back_left: dropout (1/2 cams)
t=21.717 mk_back_left: dropout (1/2 cams)
t=21.721 mk_back_left: dropout (1/2 cams)
t=21.725 mk_back_left: dropout (1/2 cams)
t=21.729 mk_back_left: dropout (1/2 cams)
t=21.733 mk_back_left: dropout (1/2 cams)
t=21.737 mk_back_left: dropout (1/2 cams)
t=21.742 mk_back_left: dropout (1/2 cams)
t=21.746 mk_back_left: dropout (1/2 cams)
t=21.750 mk_back_left: dropout (1/2 cams)
t=21.754 mk_back_left: dropout (1/2 cams)
t=21.758 mk_back_left: dropout (1/2 cams)
t=21.762 mk_back_left: dropout (1/2 cams)
t=21.767 mk_back_left: dropout (1/2 cams)
t=21.771 mk_back_left: dropout (1/2 cams)
t=21.775 mk_back_left: dropout (1/2 cams)
t=21.779 mk_back_left: dropout (1/2 cams)
t=21.783 mk_back_left: dropout (1/2 cams)
t=21.787 mk_back_left: dropout (1/2 cams)
t=21.792 mk_back_left: dropout (1/2 cams)
t=21.796 mk_back_left: dropout (1/2 cams)
t=21.800 mk_back_left: dropout (1/2 cams)
t=21.804 mk_back_left: dropout (1/2 cams)
t=21.808 mk_back_left: dropout (1/2 cams)
t=21.812 cam_overhead: ghost detection for mk_back_left
t=21.812 mk_back_left: rejected as fit outlier (residual 24.63 mm)
t=21.817 mk_back_left: dropout (1/2 cams)
t=21.821 mk_back_left: dropout (1/2 cams)
t=21.825 cam_oblique_e: ghost detection for mk_back_right
t=21.825 mk_back_left: dropout (1/2 cams)
t=21.829 mk_back_left: dropout (1/2 cams)
t=21.833 mk_back_left: dropout (1/2 cams)
t=21.837 mk_back_left: dropout (1/2 cams)
t=21.842 cam_overhead: ghost detection for mk_front_left
t=21.842 mk_back_left: dropout (1/2 cams)
t=21.846 mk_back_left: dropout (1/2 cams)
t=21.850 mk_back_left: dropout (1/2 cams)
t=21.854 mk_back_left: dropout (1/2 cams)
t=21.858 mk_back_left: dropout (1/2 cams)
t=21.862 mk_back_left: dropout (1/2 cams)
t=21.867 mk_back_left: dropout (1/2 cams)
t=21.871 mk_back_left: dropout (1/2 cams)
t=21.875 mk_back_left: dropout (1/2 cams)
t=21.879 mk_back_left: dropout (1/2 cams)
t=21.883 mk_back_left: dropout (1/2 cams)
t=21.887 mk_back_left: dropout (1/2 cams)
t=21.892 mk_back_left: dropout (1/2 cams)
t=21.896 mk_back_left: dropout (1/2 cams)
t=21.900 mk_back_left: dropout (1/2 cams)
t=21.904 mk_back_left: dropout (1/2 cams)
t=21.908 mk_back_left: dropout (1/2 cams)
t=21.912 mk_back_left: dropout (1/2 cams)
t=21.917 mk_back_left: dropout (1/2 cams)
t=21.921 mk_back_left: dropout (1/2 cams)
t=21.925 mk_back_left: dropout (1/2 cams)
t=21.929 mk_back_left: dropout (1/2 cams)
t=21.933 mk_back_left: dropout (1/2 cams)
t=21.937 mk_back_left: dropout (1/2 cams)
t=21.942 mk_back_left: dropout (1/2 cams)
t=21.946 mk_back_left: dropout (1/2 cams)
t=21.950 mk_back_left: dropout (1/2 cams)
t=21.954 mk_back_left: dropout (1/2 cams)
t=21.958 mk_back_left: dropout (1/2 cams)
t=21.962 mk_back_left: dropout (1/2 cams)
t=21.967 mk_back_left: dropout (1/2 cams)
t=21.971 mk_back_left: dropout (1/2 cams)
t=21.975 mk_back_left: dropout (1/2 cams)
t=21.979 cam_oblique_e: ghost detection for mk_back_right
t=21.979 mk_back_left: dropout (1/2 cams)
t=21.983 mk_back_left: dropout (1/2 cams)
t=21.987 mk_back_left: dropout (1/2 cams)
t=21.992 mk_back_left: dropout (1/2 cams)
t=21.996 mk_back_left: dropout (1/2 cams)
t=22.000 mk_back_left: dropout (1/2 cams)
t=22.004 mk_back_left: dropout (1/2 cams)
t=22.008 mk_back_left: dropout (1/2 cams)
t=22.012 mk_back_left: dropout (1/2 cams)
t=22.017 mk_back_left: dropout (1/2 cams)
t=22.021 mk_back_left: dropout (1/2 cams)
t=22.025 mk_back_left: dropout (1/2 cams)
t=22.029 mk_back_left: dropout (1/2 cams)
t=22.033 mk_back_left: dropout (1/2 cams)
t=22.037 mk_back_left: dropout (1/2 cams)
t=22.042 mk_back_left: dropout (1/2 cams)
t=22.046 mk_back_left: dropout (1/2 cams)
t=22.050 mk_back_left: dropout (1/2 cams)
t=22.054 mk_back_left: dropout (1/2 cams)
t=22.058 mk_back_left: dropout (1/2 cams)
t=22.062 mk_back_left: dropout (1/2 cams)
t=22.067 mk_back_left: dropout (1/2 cams)
t=22.071 mk_back_left: dropout (1/2 cams)
t=22.075 mk_back_left: dropout (1/2 cams)
t=22.079 mk_back_left: dropout (1/2 cams)
t=22.083 mk_back_left: dropout (1/2 cams)
t=22.087 mk_back_left: dropout (1/2 cams)
t=22.092 mk_back_left: dropout (1/2 cams)
t=22.096 mk_back_left: dropout (1/2 cams)
t=22.100 mk_back_left: dropout (1/2 cams)
t=22.104 mk_back_left: dropout (1/2 cams)
t=22.108 mk_back_left: dropout (1/2 cams)
t=22.112 mk_back_left: dropout (1/2 cams)
t=22.117 mk_back_left: dropout (1/2 cams)
t=22.121 mk_back_left: dropout (1/2 cams)
t=22.125 mk_back_left: dropout (1/2 cams)
t=22.129 mk_back_left: dropout (1/2 cams)
t=22.133 mk_back_left: dropout (1/2 cams)
t=22.137 mk_back_left: dropout (1/2 cams)
t=22.142 mk_back_left: dropout (1/2 cams)
t=22.146 mk_back_left: dropout (1/2 cams)
t=22.150 mk_back_left: dropout (1/2 cams)
t=22.154 mk_back_left: dropout (1/2 cams)
t=22.158 mk_back_left: dropout (1/2 cams)
t=22.162 mk_back_left: dropout (1/2 cams)
t=22.167 mk_back_left: dropout (1/2 cams)
t=22.171 mk_back_left: dropout (1/2 cams)
t=22.175 mk_back_left: dropout (1/2 cams)
t=22.179 mk_back_left: dropout (1/2 cams)
t=22.183 mk_back_left: dropout (1/2 cams)
t=22.187 mk_back_left: dropout (1/2 cams)
t=22.192 mk_back_left: dropout (1/2 cams)
t=22.196 mk_back_left: dropout (1/2 cams)
t=22.200 mk_back_left: dropout (1/2 cams)
t=22.204 mk_back_left: dropout (1/2 cams)
t=22.208 mk_back_left: dropout (1/2 cams)
t=22.212 mk_back_left: dropout (1/2 cams)
t=22.217 mk_back_left: dropout (1/2 cams)
t=22.221 mk_back_left: dropout (1/2 cams)
t=22.225 mk_back_left: dropout (1/2 cams)
t=22.229 mk_back_left: dropout (1/2 cams)
t=22.233 mk_back_left: dropout (1/2 cams)
t=22.237 mk_back_left: dropout (1/2 cams)
t=22.242 mk_back_left: dropout (1/2 cams)
t=22.246 mk_back_left: dropout (1/2 cams)
t=22.250 mk_back_left: dropout (1/2 cams)
t=22.254 mk_back_left: dropout (1/2 cams)
t=22.258 mk_back_left: dropout (1/2 cams)
t=22.262 mk_back_left: dropout (1/2 cams)
t=22.267 mk_back_left: dropout (1/2 cams)
t=22.271 mk_back_left: dropout (1/2 cams)
t=22.275 mk_back_left: dropout (1/2 cams)
t=22.279 mk_back_left: dropout (1/2 cams)
t=22.283 mk_back_left: dropout (1/2 cams)
t=22.287 mk_back_left: dropout (1/2 cams)
t=22.292 mk_back_left: dropout (1/2 cams)
t=22.296 mk_back_left: dropout (1/2 cams)
t=22.300 mk_back_left: dropout (1/2 cams)
t=22.304 mk_back_left: dropout (1/2 cams)
t=22.308 mk_back_left: dropout (1/2 cams)
t=22.312 mk_back_left: dropout (1/2 cams)
t=22.317 mk_back_left: dropout (1/2 cams)
t=22.321 mk_back_left: dropout (1/2 cams)
t=22.325 mk_back_left: dropout (1/2 cams)
t=22.329 mk_back_left: dropout (1/2 cams)
t=22.333 mk_back_left: dropout (1/2 cams)
t=22.337 mk_back_left: dropout (1/2 cams)
t=22.342 mk_back_left: dropout (1/2 cams)
t=22.346 mk_back_left: dropout (1/2 cams)
t=22.350 mk_back_left: dropout (1/2 cams)
t=22.354 mk_back_left: dropout (1/2 cams)
t=22.358 mk_back_left: dropout (1/2 cams)
t=22.362 mk_back_left: dropout (1/2 cams)
t=22.367 cam_overhead: ghost detection for mk_back_left
t=22.367 mk_back_left: rejected as fit outlier (residual 7.07 mm)
t=22.371 mk_back_left: dropout (1/2 cams)
t=22.375 mk_back_left: dropout (1/2 cams)
t=22.379 mk_back_left: dropout (1/2 cams)
t=22.383 mk_back_left: dropout (1/2 cams)
t=22.387 mk_back_left: dropout (1/2 cams)
t=22.392 mk_back_left: dropout (1/2 cams)
t=22.396 mk_back_left: dropout (1/2 cams)
t=22.400 mk_back_left: dropout (1/2 cams)
t=22.404 mk_back_left: dropout (1/2 cams)
t=22.408 mk_back_left: dropout (1/2 cams)
t=22.412 cam_overhead: ghost detection for mk_front_left
t=22.412 mk_back_left: dropout (1/2 cams)
t=22.417 mk_back_left: dropout (1/2 cams)
t=22.421 mk_back_left: dropout (1/2 cams)
t=22.425 mk_back_left: dropout (1/2 cams)
t=22.429 mk_back_left: dropout (1/2 cams)
t=22.433 mk_back_left: dropout (1/2 cams)
t=22.437 mk_back_left: dropout (1/2 cams)
t=22.442 mk_back_left: dropout (1/2 cams)
t=22.446 mk_back_left: dropout (1/2 cams)
t=22.450 mk_back_left: dropout (1/2 cams)
t=22.454 mk_back_left: dropout (1/2 cams)
t=22.458 mk_back_left: dropout (1/2 cams)
t=22.462 mk_back_left: dropout (1/2 cams)
t=22.467 mk_back_left: dropout (1/2 cams)
t=22.471 mk_back_left: dropout (1/2 cams)
t=22.475 mk_back_left: dropout (1/2 cams)
t=22.479 mk_back_left: dropout (1/2 cams)
t=22.483 mk_back_left: dropout (1/2 cams)
t=22.487 mk_back_left: dropout (1/2 cams)
t=22.492 mk_back_left: dropout (1/2 cams)
t=22.496 mk_back_left: dropout (1/2 cams)
t=22.500 mk_back_left: dropout (1/2 cams)
t=22.504 mk_back_left: dropout (1/2 cams)
t=22.508 mk_back_left: dropout (1/2 cams)
t=22.512 mk_back_left: dropout (1/2 cams)
t=22.517 mk_back_left: dropout (1/2 cams)
t=22.521 mk_back_left: dropout (1/2 cams)
t=22.525 mk_back_left: dropout (1/2 cams)
t=22.529 mk_back_left: dropout (1/2 cams)
t=22.533 mk_back_left: dropout (1/2 cams)
t=22.537 mk_back_left: dropout (1/2 cams)
t=22.542 mk_back_left: dropout (1/2 cams)
t=22.546 mk_back_left: dropout (1/2 cams)
t=22.550 mk_back_left: dropout (1/2 cams)
t=22.554 mk_back_left: dropout (1/2 cams)
t=22.558 mk_back_left: dropout (1/2 cams)
t=22.562 mk_back_left: dropout (1/2 cams)
t=22.567 mk_back_left: dropout (1/2 cams)
t=22.571 mk_back_left: dropout (1/2 cams)
t=22.575 mk_back_left: dropout (1/2 cams)
t=22.579 mk_back_left: dropout (1/2 cams)
t=22.583 mk_back_left: dropout (1/2 cams)
t=22.587 mk_back_left: dropout (1/2 cams)
t=22.592 mk_back_left: dropout (1/2 cams)
t=22.596 mk_back_left: dropout (1/2 cams)
t=22.600 mk_back_left: dropout (1/2 cams)
t=22.604 mk_back_left: dropout (1/2 cams)
t=22.608 mk_back_left: dropout (1/2 cams)
t=22.612 mk_back_left: dropout (1/2 cams)
t=22.617 mk_back_left: dropout (1/2 cams)
t=22.621 mk_back_left: dropout (1/2 cams)
t=22.625 mk_back_left: dropout (1/2 cams)
t=22.629 cam_overhead: ghost detection for mk_back_left
t=22.629 mk_back_left: rejected as fit outlier (residual 15.82 mm)
t=22.633 mk_back_left: dropout (1/2 cams)
t=22.637 mk_back_left: dropout (1/2 cams)
t=22.642 mk_back_left: dropout (1/2 cams)
t=22.646 mk_back_left: dropout (1/2 cams)
t=22.650 mk_back_left: dropout (1/2 cams)
t=22.654 mk_back_left: dropout (1/2 cams)
t=22.658 mk_back_left: dropout (1/2 cams)
t=22.662 mk_back_left: dropout (1/2 cams)
t=22.667 mk_back_left: dropout (1/2 cams)
t=22.671 mk_back_left: dropout (1/2 cams)
t=22.675 mk_back_left: dropout (1/2 cams)
t=22.679 mk_back_left: dropout (1/2 cams)
t=22.683 mk_back_left: dropout (1/2 cams)
t=22.687 mk_back_left: dropout (1/2 cams)
t=22.692 mk_back_left: dropout (1/2 cams)
t=22.696 mk_back_left: dropout (1/2 cams)
t=22.700 mk_back_left: dropout (1/2 cams)
t=22.704 mk_back_left: dropout (1/2 cams)
t=22.708 mk_back_left: dropout (1/2 cams)
t=22.712 mk_back_left: dropout (1/2 cams)
t=22.717 mk_back_left: dropout (1/2 cams)
t=22.721 mk_back_left: dropout (1/2 cams)
t=22.725 mk_back_left: dropout (1/2 cams)
t=22.729 mk_back_left: dropout (1/2 cams)
t=22.733 mk_back_left: dropout (1/2 cams)
t=22.737 mk_back_left: dropout (1/2 cams)
t=22.742 mk_back_left: dropout (1/2 cams)
t=22.746 mk_back_left: dropout (1/2 cams)
t=22.750 mk_back_left: dropout (1/2 cams)
t=22.754 mk_back_left: dropout (1/2 cams)
t=22.758 mk_back_left: dropout (1/2 cams)
t=22.762 mk_back_left: dropout (1/2 cams)
t=22.767 mk_back_left: dropout (1/2 cams)
t=22.771 mk_back_left: dropout (1/2 cams)
t=22.775 mk_back_left: dropout (1/2 cams)
t=22.779 mk_back_left: dropout (1/2 cams)
t=22.783 mk_back_left: dropout (1/2 cams)
t=22.787 mk_back_left: dropout (1/2 cams)
t=22.792 mk_back_left: dropout (1/2 cams)
t=22.796 mk_back_left: dropout (1/2 cams)
t=22.800 mk_back_left: dropout (1/2 cams)
t=22.804 mk_back_left: dropout (1/2 cams)
t=22.808 mk_back_left: dropout (1/2 cams)
t=22.812 mk_back_left: dropout (1/2 cams)
t=22.817 mk_back_left: dropout (1/2 cams)
t=22.821 mk_back_left: dropout (1/2 cams)
t=22.825 mk_back_left: dropout (1/2 cams)
t=22.829 mk_back_left: dropout (1/2 cams)
t=22.833 mk_back_left: dropout (1/2 cams)
t=22.837 mk_back_left: dropout (1/2 cams)
t=22.842 mk_back_left: dropout (1/2 cams)
t=22.846 mk_back_left: dropout (1/2 cams)
t=22.850 mk_back_left: dropout (1/2 cams)
t=22.854 mk_back_left: dropout (1/2 cams)
t=22.858 cam_overhead: ghost detection for mk_front_left
t=22.858 mk_back_left: dropout (1/2 cams)
t=22.862 mk_back_left: dropout (1/2 cams)
t=22.867 mk_back_left: dropout (1/2 cams)
t=22.871 mk_back_left: dropout (1/2 cams)
t=22.875 mk_back_left: dropout (1/2 cams)
t=22.879 mk_back_left: dropout (1/2 cams)
t=22.883 mk_back_left: dropout (1/2 cams)
t=22.887 mk_back_left: dropout (1/2 cams)
t=22.892 mk_back_left: dropout (1/2 cams)
t=22.896 mk_back_left: dropout (1/2 cams)
t=22.900 mk_back_left: dropout (1/2 cams)
t=22.904 mk_back_left: dropout (1/2 cams)
t=22.908 mk_back_left: dropout (1/2 cams)
t=22.912 mk_back_left: dropout (1/2 cams)
t=22.917 mk_back_left: dropout (1/2 cams)
t=22.921 mk_back_left: dropout (1/2 cams)
t=22.925 mk_back_left: dropout (1/2 cams)
t=22.929 mk_back_left: dropout (1/2 cams)
t=22.933 mk_back_left: dropout (1/2 cams)
t=22.937 mk_back_left: dropout (1/2 cams)
t=22.942 mk_back_left: dropout (1/2 cams)
t=22.946 mk_back_left: dropout (1/2 cams)
t=22.950 mk_back_left: dropout (1/2 cams)
t=22.954 mk_back_left: dropout (1/2 cams)
t=22.958 mk_back_left: dropout (1/2 cams)
t=22.962 cam_oblique_e: ghost detection for mk_back_right
t=22.962 mk_back_left: dropout (1/2 cams)
t=22.967 mk_back_left: dropout (1/2 cams)
t=22.971 mk_back_left: dropout (1/2 cams)
t=22.975 mk_back_left: dropout (1/2 cams)
t=22.979 mk_back_left: dropout (1/2 cams)
t=22.983 mk_back_left: dropout (1/2 cams)
t=22.987 mk_back_left: dropout (1/2 cams)
t=22.992 mk_back_left: dropout (1/2 cams)
t=22.996 mk_back_left: dropout (1/2 cams)
t=23.000 mk_back_left: dropout (1/2 cams)